id,Title,Link,Raw_Text,Company,Found_Skills
1,ІТ стажер Центру супроводження корпоративної мережі та телефонії,https://jobs.dou.ua/companies/ukrsibbank/vacancies/353659/?from=list_hot,"
ПРО НАСUKRSIBBANK BNP Paribas Group — один з найбільших універсальних банків України. Ми об’єднуємо досвід та креативність у своїй команді, створюючи відкрите та інклюзивне середовище для розвитку кожного працівника.Наші цінності — це відданість, інновації та відкритість, які допомагають нам досягати успіху в сфері банкінгу та робити позитивний вплив на суспільство.Ми дякуємо нашим захисникам та захисницям, які віддано боронять свободу та незалежність України, та створюємо сприятливе середовище для роботи в банку.З 2020 року UKRSIBBANK BNP Paribas Group проходить сертифікацію кращого роботодавця в Україні та Європі — Top Employer. Це єдиний банк в Україні, який має міжнародну сертифікацію Top Employers Institute.Ми в пошуку молодшого фахівця в Групу супроводження телефонії та засобів зв’язкуЯкщо ви приєднаєтесь до нас, ви будете займатись:Здійснювати належне адміністрування, експлуатацію, обслуговування комплектів обладнання Teams Rooms Банку для проведення відео- конференцій, відповідно до інструкцій з експлуатації;Надавати консультації співробітникам підрозділів Банку, щодо роботи та налаштування обладнання відео-конференцій Teams Rooms;Виконувати оперативний моніторинг функціонування обладнання відео-конференцій Teams Rooms Банку;Своєчасно надавати інформацію безпосередньому керівнику про проблеми в роботі обладнання відео-конференцій Teams Rooms, інформує про заходи, які необхідні для усунення проблем.Ми в пошуку в фахівця, який має:Повна вища технічна освітаЗнання англійської мови на рівні (спілкування, читання технічної документації) Просунутий користувач ПК (розуміння роботи ОС Windows, підключення периферії)Розуміння загальних принципів роботи мережі передачі данихРозуміння основ роботи систем відео зв’язку для проведення конференційОкрім команди однодумців та цікавої роботи ви отримаєте:Стабільність:Працевлаштування з дотриманням вимог чинного законодавства Українисвоєчасна виплата заробітної платитермін — 18 місяцівпрограми медичного страхування та страхування життя25 днів щорічної відпустки, додаткові дні відпочинку на пам’ятні події, соціальні відпустки у відповідності до законодавства Українищорічні перегляди заробітної плати відповідно до персональної ефективності та фінансових показників банкувстановлення строку випробування відповідно до вимог чинного законодавстваРозвиток своїх талантів заради кар’єри:можливість навчання: Школа лідера, Сервіс дизайну, Бізнес аналітики, Data, Digital, Agile та програму розвитку талантів I-Players та широкий набір мікро-тренінгів (SQL, BI, EQ, тощо).можливість брати участь у програмі внутрішньої та міжнародної мобільності до BNP Paribas Groupпідтримку працівників постійно навчатись та професійно розвиватись. Щороку наші працівники складають індивідуальний план розвитку разом з керівником чи ментором і впевнено рухаються до метиКраще місце для роботи:Робота з періодичною можливістю працювати дистанційно (для вакансій з дистанційним форматом роботи)програму «War&Life balance: як повернути життя в життя» — це практичні воркшопи з фахівцями для підтримки емоційного станув рамках програми «New Ways of Working» дайджест з порадами від експертів щодо підтримки фізичного та ментального здоров’ярізноманітність, інклюзивністьзалучення до проєктів сталого розвитку та корпоративно-соціальної відповідальностіБажаєш дізнатися більше? Додаткова інформація може бути надана на наступних етапах розгляду вакансії.#veteranfriendly
",UKRSIBTECH,"SQL,Git,English,Degree"
2,Trainee/Junior Marketing Manager: запрошуємо на expla job fast track,https://jobs.dou.ua/companies/expla/vacancies/357214/?from=list_hot,"
Стань маркетологом у компанії, яка працює з Tier-1 ринками та масштабує продукти на весь світ ⚡️expla запускає job fast track — онлайн-проєкт для тих, хто хоче зайти в маркетинг, прокачати розуміння performance та creative і отримати шанс на офер.Що буде?💥 виступи про creative та performance marketing💥 маркетинг-гра на практичне мислення💥 можливість отримати офер в expla💥 $1000 винагороди для найкращого учасникаКоли: 11 червняФормат: онлайнДля кого ця можлівсть:🟢 маркетологів з досвідом роботи від 1 року🟢 світчерів із Big4, FMCG, фінансів чи банкінгу🟢 студентів 3-4 курсів, які хочуть стартувати в маркетингуРеєструйся на сайті за посиланням.
",expla,not found
3,Customer Support Specialist,https://jobs.dou.ua/companies/health-joy/vacancies/328358/?from=list_hot,"
*Повністю віддалена робота з України. Кандидат має проживати в Україні.Приходь за місією, залишайся заради досвіду.Якщо коротко та просто, то ми талановита, працьовита та завзята команда. Місія — те що запалює та надихає нас, допомагаючи величезній кількості наших користувачів з США, ми спрощуємо доступ до медичного обслуговування та до страхових послуг для наших клієнтів.Ми усуваємо складність користування медичними послугами в США. Наше технологічне рішення змінює галузь і дає користувачам спрощений досвід отримання доступу до найнеобхідніших послуг сфери охорони здоров’я, заощаджуючи час і гроші користувачів нашої платформи.Твій вплив:Як Healthcare Concierge (Customer Support Specialist) ти будеш опрацьовувати запити клієнтів (тікети). Нашим вищим пріоритетом є надання якісного сервісу, повне інформування клієнтів про переваги доступних сервісів та найкращі способи використання їхніх бенефітів в найкоротші терміни. Це включає в себе: Обробку звернень від користувачів щодо консультацій і допомоги у доступі до медичних послуг — пошук лікарів, клінік та інших медичних закладів, які найточніше відповідають потребам клієнтів.Взаємодія з клієнтами у чаті та по телефону для надання допомоги й підтримки у виборі належного рівня догляду. Це може включати вихідні дзвінки клієнтам та/або лікарям для допомоги з призначенням візитів, вирішення інших запитів.Співпрацю зі своєю командою, адміністративним або клінічним персоналом медичних закладів задля визначення найкращих варіантів підтримки наших клієнтів.Надання WOW-досвіду і турботи нашим користувачам у США.Твій досвід та навички:Володіння англійською мовою (Upper-Intermediate+);Сильні навички критичного мислення (здатність ставити запитання, аналізувати інформацію, знаходити рішення);Добре розвинуті комунікаційні навички (вміння ефективно використовувати внутрішні та зовнішні канали)Високий рівень емпатії у щоденних взаємодіях із клієнтами та колегами;Відповідальність (дотримання зобов’язань, своєчасне виконання роботи);Здатність пристосовуватися до частих змін;Вміння ефективно працювати як самостійно, так і в команді;Володіння Office Suite та Google Programs.Досвід у Customer Support/Customer Service буде плюсом;Деталі ролі:Графік роботи 5/2 — пн-пт: 15:30 — 24:00;20 оплачуваних днів відпустки протягом 12 місяців, та оплачувані лікарняні.Benefit пакет:Робота повинна бути значущою та приносити користь. HealthJoy пропонує надійний пакет бенефітів, включаючи:Формат працевлаштування:HealthJoy LLC є частиною правового режиму Дія City в Україні. З першого робочого дня ми підписуємо Гіг-контракт через систему Вчасно, надавши тобі статусу Гіг-спеціаліста.Конкурентна винагорода: Базова винагорода Гіг-спеціаліста (вказана у gross), яка зростає разом із твоїм розвитком у HealthJoy — протягом 1,5 року ти можеш збільшити її майже вдвічі. Найкращі працівники також отримують бонуси, розмір яких залежить від індивідуальних KPI. Кар’єрний розвиток: Ти матимеш шанс пройти кар’єрний шлях від Junior до Expert Specialist, і зрештою вирости до Team Leader. Крім того є можливості горизонтально розвитку та перейти у суміжні команди на посаду Learning & Development Trainer, Quality Assurance Analyst або Process Analyst.Охорона здоров’я:Як компанія, орієнтована на охорону здоров’я, ми надаємо 100% покриття медичного страхування для працівників, а також можливість застрахувати рідних за зниженими тарифами.Освіта: Ми пропонуємо заняття з англійської мови, доступ до корпоративної навчальної платформи «Udemy» для професійного розвитку, та внутрішні й зовнішні освітні заходи для наших співробітників. Наш відділ навчання та розвитку надає широкі знання про американську систему охорони здоров’я та культурні особливості.Програма підтримки ментального здоров’я:Кожному співробітнику доступна персональна терапія з психологом/психотерапевтом чи психіатром, а також додаткові віртуальні лекції про психічне здоров’я.Корпоративні заходи:Щоб залишатися на зв’язку з командою, ми проводимо happy hours, тімбілдінги, а також освітні та розважальні заходи.Спортзал:Доступ до корпоративних знижок та спеціальних пропозицій у Sport Life, одному з найбільших спортивних центрів України.Віддалена робота: Ми надаємо необхідне базове обладнання для комфортної роботи з дому (або з будь-якого місця!).Зобов’язання щодо рівної оплатиУ HealthJoy ми прагнемо створити різноманітне та інклюзивне робоче місце, де кожен має можливість досягти успіху та процвітати. Усі кваліфіковані кандидати отримають гідну винагороду за працевлаштування незалежно від раси, кольору шкіри, релігії, статі, гендерної ідентичності чи самовираження, сексуальної орієнтації, національного походження, генетики, інвалідності, віку чи будь-якої іншої підстави, забороненої федеральним, державним або місцевим законодавством.
",HealthJoy,"English,Degree"
4,Intern/Junior Unreal Engine Developer,https://jobs.dou.ua/companies/alphanova/vacancies/338703/?from=first-job,"
GameDev — це про майбутнє, і ми в AlphaNova працюємо саме над ним.Ми створюємо ігрові проєкти на Unreal Engine та шукаємо Junior-розробника, який хоче рости в геймдеві, вчитись на реальних задачах і працювати в команді, що живе іграми.Обов’язки:Долучатись до розробки ігор на Unreal Engine;Допомагати у впровадженні нових ігрових механік та функцій;Тестувати, знаходити та фіксити баги;Працювати разом з дизайнерами та розробниками над ідеями;Брати участь у командних обговореннях і брейнштормах.Вимоги:Базові знання Unreal Engine та C++;Комерційний досвід від 6 місяців або впевнені пет-проєкти;Англійська на рівні Intermediate або вище;Бажання розвиватись у GameDev;Уважність, відповідальність і вміння працювати в команді.Буде плюсом:Досвід роботи з 2D або 3D графікою.Знання інших мов програмування.Наявність пет-проєктів та змога їх продемонструвати.Для проходження першого етапу потрібно перейти за посиланням, та заповнити гугл форму.В формі суто загальні питання.Посилання на форму: лінк (клікабельно)У разі позитивного фідбеку, після відправки форми, ми з Вами звʼяжемось стосовно наступних етапів.
",AlphaNova,English
5,Sales Manager (eHopper),https://jobs.dou.ua/companies/ehopper/vacancies/173496/?from=first-job,"
Sales Manager About the Company and Project:eHopper Services Inc is an international company headquartered in New York, USA, and offices in Kyiv. We are a product and customer-oriented company building various business management products including Point of Sale, eCommerce, Inventory Management, and more.We are looking for a Sales Manager to join our team.ehopper.comRequirements:Excellent spoken and written English (B2/C1);1 + years of experience in the sales area;Proactive approach;Willingness to learn new skills and apply at your job;Ability to work with a team;Hot/Cold leads callingWorking scheduling 9 am-6 pm EST Time (Monday- Friday).Excellent communication skills;Strong account management skills.Would be a plus: Sales experience (communication skills over the phone, chat, and email);Prior experience in retail or restaurants;Interest in IT products and technology;Experience with CRM (Zoho preferable).Compensation & Benefits:Work in successful U.S. IT company with international team;Participation in challenging project that is famous and successful in the U.S. market;Competitive salary;Paid vacation and sick leave;Health insurance;Friendly atmosphere and corporate events.Responsibilities:Generating and contacting sales leads;Up sales activities during communication with prospects and current customers;Keep track of potential customers;Sales Prospect reach outs;Providing information about ongoing Promos;Providing online training and demos to Existing and New Customers;Assistance with Hardware or Software purchases;Accurate reports on activities and results;Cold calls reach outs/follow-up calls with a purpose to make a sale.
",eHopper,not found
6,Project Coordinator,https://jobs.dou.ua/companies/come-back-agency/vacancies/360603/?from=first-job,"
Come Back Agency supports US software and technology companies by running their hiring process. We work with delivery and leadership teams to define roles, screen candidates, and manage interviews. Successful candidates are hired directly by the company and become part of its team.Employer information: This position is with a US-based software company providing custom development and AI implementation for North American clients. The team builds and maintains production software, including AI-enabled systems, and works in long-term client engagements. Team members operate as part of an internal, distributed team and collaborate directly with client stakeholders.About the role: We are looking for a Project Coordinator to manage client communication on Upwork and keep all active deals organized and moving forward. This is a detail-oriented role focused on structured communication, CRM hygiene, and timely follow-ups. The work is fully remote, with hours aligned to US time zones.What you will do:Monitor Upwork daily and respond to all incoming client messages promptlyAdd new contacts and update deal statuses in the CRM consistentlyWrite follow-ups for ongoing conversations and ensure no client goes without a timely responseKeep communication organized and structured across multiple parallel dialoguesHand off clients with offers to project managersPrepare client-facing documentation such as Scope of Work and supporting materialsWhat we are looking for:At least 3 months of experience in a communication-heavy role such as sales, lead generation, customer support, or similarIntermediate English or higher — you are comfortable reading and writing professional messages in EnglishStrong written communication skills — clear, professional, and to the pointHighly organized — you keep the CRM clean and nothing falls through the cracksAble to manage many parallel conversations without losing trackSelf-driven — you follow through on tasks without remindersNice to have:Experience working on Upwork or similar platformsBasic understanding of software development processesExperience with CRM systemsHiring stages: Recruiter screening — Second interview — Final culture fit interviewWhat We Offer:Working hours aligned with US time zones, typically 16:00-00:00 Kyiv timeEnglish lessons to support clear and confident communicationPaid vacation and sick daysFully remote workOpportunities for professional growth within the teamStructured, personalized onboarding to help you ramp up effectivelyApply with your resume and a short note outlining your relevant experience. You can also send your resume directly using Telegram (@cba_yuliaivanova) or submit it through our website at comeback.ua. Selected candidates will be contacted by the Come Back Agency.
",Come Back Agency,English
7,Digital Marketing Trainee | Laba Group,https://jobs.dou.ua/companies/laba/vacancies/300900/?from=first-job,"
Laba Group створює освіту майбутнього тут і зараз. Ми запускаємо курси, які змінюють карʼєру, бізнес та життя. Понад 700 колег працюють на 8 ринках та розвивають 5 освітніх проєктів. За 9 років ми запустили 1500+ продуктів та навчили 180 000+ студентів на глобальному ринку. А також створили бренди онлайн-освіти:Laba — школа професійного розвиткуSkvot — школа популярної культуриrobot_dreams — школа для зростання в ІТVocabulaba — школа англійської для професійelvtr — онлайн-школа в США та Сполученому КоролівствіМи змінюємо правила гри в онлайн-освіті та прагнемо стати першою компанією зі статусом EdTech Unicorn. Наш продукт — реальний інструмент для досягнення результатів «тут і зараз». Щоб й надалі стрімко зростати, шукаємо Digital Marketing Trainee до Global маркетинг департаменту. Ми готові інвестувати в тебе: навчити запускати рекламні кампанії, дати підтримку тімліда та всі необхідні інструменти для крутого результату, можливість зростати — у Senior Marketing Manager / Web Analyst або інший напрям, прокачувати свої навички та впливати на результат усього відділу.Чому ця вакансія — це 🔥?Маємо тримісячну комплексну програму навчання, яка перетворить тебе на класного маркетолога. Детальніше про неї, можеш прочитати тут 👉 читати статтю.Використовуємо сучасні інструменти та найкращі практики.Працюватимеш у глобальній команді маркетингу, обмінюватимешся досвідом із колегами з різних країн Європи.Можливість у майбутньому працювати з різними джерелами трафіку, й навіть керувати власною командою. 83% керівників побудували свою кар’єру всередині компанії.Так, у нас швидкий темп роботи, але з нами твоє зростання буде стрімким.Які завдання на тебе чекають:налаштовувати рекламні кампанії в Facebook Ads/Google Ads;брати участь в зустрічах, імпрувити процеси, які можуть покращити результати маркетинг активностей;складати маркетингові звіти;комунікувати з продюсерами курсів, копірайтерами та дизайнерами, давати їм фідбек щодо якості рекламних кампаній;відправляти Email-розсилки;проводити A/B-тестування. Skill pack для якісного виконання завдань:свідоме бажання розвиватися у сфері маркетингу;володієш англійською на рівні B2+;аналітичний склад розуму та досвід роботи з таблицями;пропонуєш нестандартні ідеї, знаходиш рішення та несеш за них відповідальність;на «ти» з мультизадачністю.Буде перевагою:досвід роботи з Facebook Ads/Google Ads;розуміння маркетинг метрик (CPM, CTR, CPC, ROI, ROAS, CAC та ін.).Бенефіти Laba Group:Графік роботи — фуллтайм, адаптуєш його під себе. Виконуй поставлені завдання вчасно та не доводь дедлайни до кипіння.Формат також за тобою: офіси в Києві/Варшаві/Будапешті/Празі/Стамбулі/Бухаресті або ж домашній люкс з особистим дрес-кодом. Обирай до своїх робочих вподобань.Натхнення та мотивація робочої атмосфери. Бо як не крути, настрій команди впливає на генерацію крутих ідей та бажання сідати за роботу.Нам важливо, щоб крім тасків ти пам’ятав(-ла) про важливість самопочуття. Підтримаємо тебе компенсаціями (50%) на збереження фізичного здоров’я та менталочки, заняття спортом/йогою.Ми цінуємо якісний розвиток, тому надаємо співробітниками вільний доступ до всіх курсів Laba Group. Обирай напрям, що цікавить, та досягай нових вершин разом із нами.Безлімітна відпустка після 6 місяців роботи з нами. Визначаєш за власними потребами та коригуєш залежно від інтенсивності навантаженняРесурси, насичені різнопланові проєкти, міжнародні колаби — наповнимо освіту крутими та актуальними знаннями разом.Після року роботи зможеш купити ноут і отримати компенсацію 50% від його вартості.Команда для нас — не лише люди, з якими ми проводимо 5 днів на тиждень. Тому в корпоративному флоу є свята, лекції, розіграші, збори, ярмарки й інші активності. Наше життя не обмежується офісом і завданнями.Наш процес рекрутингу прозорий і чіткий: інтерв’ю з рекрутером -> асесмент -> співбесіда з тімлідом -> зустріч з Head of Performance Marketing. Після — оффер у тебе на пошті.Тепер ти знаєш про нас більше.А ми хочемо дізнатися більше про тебе: залишай відгук — і го розвивати EdTech разом🚀
",Laba Group,Git
8,Receptionist,https://jobs.dou.ua/companies/kpmg/vacancies/360556/?from=first-job,"
KPMG* — міжнародна мережа незалежних фірм, що надають аудиторські, податкові та консультаційні послуги. Познайомитися з KPMG в Україні детальніше можна за посиланням.KPMG в Україні входить до переліку 50 найкращих роботодавців за версією Forbes (2023-2024 роки) та до переліку 5 найкращих роботодавців для молоді у сфері аудиту та консалтингу за версією опитування серед студентів проведеного бренд агенцією UGEN у 2023 — 2024 роках. В березні 2025 року KPMG в Україні приєдналася до когорти компаній-лідерів, які першими підписали Принципи бізнесу, дружнього до ветеранів і ветеранок. Також, нас включено до переліку платників податків з високим рівнем добровільного дотримання податкового законодавства (так званого «Білого клубу»).KPMG в Україні шукає співробітника на посаду РецепціоністаЧому варто до нас приєднатися? Бо ми пропонуємо:Роботу в командах, що створюють сенси;Доступ до внутрішнього та зовнішнього навчання, що сприяє розвитку професійних навичок;Участь у національних проєктах відбудови країни;Сервіс психологічної підтримки (збільшена кількість консультацій для мобілізованих, ветеранів та тих, хто чекає);Медичне страхування (розширена опція страхування для ветеранів);29 календарних днів відпустки;5 додаткових оплачуваних днів турботи про своє здоров’я;Вебінари добробуту, заняття з йоги, книжковий клуб, жіноча спільнота та спільнота донорів крові;Благодійну діяльність та волонтерство, допомогу вразливим групам, турботу про тварин та зелений офіс;Офіційна заробітна плата з відрахуванням податків;Цікаві виклики та прозорі умови зростання;Донати та внесок в перемогу.Якими будуть ваші обов’язки?Ваша основна мета — забезпечити професійний та привітний перший контакт для гостей і співробітників компанії, організовувати зустрічі відвідувачів, бронювати переговорні кімнати, обробляти телефонні дзвінки, отримувати та обробляти кореспонденцію, здійснювати поштові розсилки, виконувати базові секретарські завдання.Кандидати на цю посаду повинні відповідати таким вимогам:вища освіта, або навчання на останньому курсі, готовність працювати на повну зайнятістьпопередній досвід роботи на аналогічній посаді (або бажання вчитися!);англійська мова (не нижче Upper-Intermediate), українська мова (письмова та усна);вміння працювати в команді;комунікабельність;уважність до деталей;KPMG в Україні створює робоче середовище, де кожен має можливості для розвитку та побудови кар’єри: компанія дотримується принципу нульової толерантності до будь-яких проявів дискримінації за ознаками віку, статі, сексуальної орієнтації чи інвалідності. Ми поважаємо різноманіття думок і досвіду, адже переконані — працюючи разом, люди з різними знаннями та поглядами генерують більше креативних ідей, знаходять кращі рішення та розробляють інноваційні продукти. Прийняти Job Offer — означає приєднатися до розмаїтої команди KPMG в Україні, проявляти свою індивідуальність і реалізовувати свій потенціал.
",KPMG в Україні,"English,Degree"
9,Summer Creative Bootcamp,https://jobs.dou.ua/companies/welltech/vacancies/360508/?from=first-job,"
Привіт! 👋Хочеш створювати креативи, які набирають мільйони переглядів і драйвлять ріст продуктів із 25M+ юзерів по всьому світу? Тоді тобі до нас!Ми у Welltech запускаємо 5-тижневий Summer Creative Bootcamp.ТОП-учасники матимуть можливість стати частиною Welltech (саме так, без 1+ years of experience required).Таймлайн: Закриття реєстрації — 19 червняСтарт буткемпу — 22 червняФормат: Онлайн для всіх (можливість долучитися офлайн у Києві)Мова: Навчання відбувається виключно українською
Про Summer Creative Bootcamp:За 5 тижнів в рамках Summer Creative Bootcamp в тебе буде можливість побачити зсередини як працює команда Welltech, освоїти не лише теоретичну базу, але й отримати практичний досвід у командному середовищі.Після буткемпу у тебе буде портфоліо, з матеріалами production-рівня, які пройшли рев’ю та варті уваги роботодавця, та сертифікати після успішного проходження кожного з етапів буткемпу, які ти зможеш додати до свого CV та поділитися ними в мережі LinkedIn.Кого ми шукаємо:▪️Випускників/-ниць та junior-спеціалістів, які хочуть стартувати в performance marketing▪️Тих, хто переходить у креатив із PR, дизайну, аналітики чи product/SMM▪️Junior-маркетологів, які хочуть побачити, як працює маркетинг в середині глобальної компанії▪️Усіх, хто любить learning by doing Немає досвіду? Не проблема.Попередній досвід у маркетингу не є обов’язковим. Для нас важливі мотивація, залученість, готовність навчатися та знання англійської мови на рівні Intermediate та вище.Про насWelltech — wellness tech компанія з українським корінням, яка будує global apps і масштабує їх через performance marketing.Сьогодні наші продукти — Muscle Booster, Yoga-Go, WalkFit — це про:▪️ 25,5М+ користувачів по всьому світі▪️ топові позиції в health & fitness сегменті▪️ щомісячні мільйонні бюджети в Meta, Google і TikTok▪️ команду 500+ людей у 5 країнахЧому саме Welltech?▪️ Performance-first підхідТут креатив = інструмент, який або приносить результат, або змінюється.▪️ Робота з реальним масштабомPaid-кампанії з великими бюджетами і впливом на ріст продуктів.▪️ Швидке зростанняТут не потрібно «чекати свого часу», ти маєш можливість швидко рости у колі експертів.▪️ БенефітиRemote формат, конкурентна зарплата, мед. страхування, компенсація спорту та англійської, бюджет на навчання і багато іншого.Як це буде:Заповнюй форму та реєструйсяВізьми участь у 1-тижневому інтенсиві з креативного маркетингу (отримай сертифікат за успішне проходження цього етапу)Пройди відбірковий етапВізьми участь у 4-тижневому практичному буткемпіСтвори та презентуй власний проєктОтримай сертифікат за успішне проходження цього етапу та можливість стати частиною команди WelltechЦе не «ще один курс». Це твій шанс зайти в IT-маркетинг через реальну практику, командну роботу та задачі, з якими працюють у Welltech щодня.
",Welltech,English
10,Risk Management Specialist,https://jobs.dou.ua/companies/kpmg/vacancies/360496/?from=first-job,"
KPMG* is an international network of independent firms providing audit, tax, and advisory services. You can learn more about KPMG in Ukraine by following the link. .KPMG in Ukraine is included in the list of the Top 50 Employers according to Forbes (2023–2024) and in the list of the Top 5 Employers for Youth in the Audit and Consulting Sector, based on a student survey conducted by the branding agency UGEN in 2023–2024. In March 2025, KPMG in Ukraine joined the group of leading companies that were among the first to sign the Veteran-Friendly Business Principles. We have also been included in the list of taxpayers with a high level of voluntary compliance with tax legislation (the so-called “White Club”).Why should you join us?Because we offer:Work in teams that create meaningful impact;Access to internal and external learning opportunities that support professional development;Participation in national reconstruction projects;Psychological support services (an increased number of consultations for mobilized employees, veterans, and those waiting for their return);Medical insurance (with an enhanced insurance package for veterans);29 calendar days of annual leave;5 additional paid wellness days;Well-being webinars, yoga classes, a book club, a women’s community, and a blood donors’ community;The possibility to work remotely or from a comfortable office in the city center;Opportunities for charity and volunteering, support for vulnerable groups, care for animals, and a green office approach;Official salary with full tax contributions;Exciting challenges and transparent growth opportunities;Donations and contribution to our joint victory.KPMG Ukraine is looking for Risk Management Specialist (part of the Quality Risk management department team)What you will do:Executing analytical procedures according to KPMG methodologyPerformance and documentation of risk management procedures according to the requirements of the internal System of Quality ManagementProviding consultations to Engagement Teams and Management on risk management procedures and audit independenceCommunication with International teams on risk management procedures and audit independenceThis work is for you if you have:Last year student or university degree (Law or Economic degree is preferable,background in Linguistics is a plus)Good command of spoken and written Ukrainian and EnglishHigh level of responsibility and commitmentAttentiveness to details and orientation on resultGreat multitasking and analytical skillsPC user, MS OfficeKPMG in Ukraine creates a work environment where everyone has opportunities for growth and career development. The company adheres to a zero‑tolerance policy toward any form of discrimination based on age, gender, sexual orientation, or disability. We value diverse perspectives and experiences, as we believe that when people with different backgrounds work together, they generate more creative ideas, develop better solutions, and create innovative products.Accepting a Job Offer means joining KPMG Ukraine’s diverse team, expressing your individuality, and realizing your potential.
",KPMG в Україні,Degree
11,Billing Operations Specialist — TENTENS Tech,https://jobs.dou.ua/companies/skelar/vacancies/305191/?from=first-job,"
Що варто знати про SKELAR? Це венчур-білдер — іншими словами, компанія, яка будує компанії. З нами фаундери створюють consumer-бізнеси, які стають лідерами на глобальних ринках EdTech, Mental health, Petcare, FashionTech та інших.Скеларівці будують tech-продукти, які здобувають відзнаки від Product Hunt, The Webby Awards та отримують тисячі позитивних відгуків на TrustPilot. Загалом tech-продуктами наших бізнесів користуються 10+ млн людей у світі. Усе завдяки сильним командам, бо наші спеціалісти — це ключова цінність SKELAR.Для професійної реалізації ми створили середовище з експертизою та необмеженими можливостями — і шукаємо тих, хто прагне викликів.Зараз ми в пошуку Billing Operations Specialist до одного із наших бізнесів.Billing Support — це команда спеціалістів у сфері платежів, що динамічно розвивається та еволюціонує. Працюємо на рімоуті, консультуємо користувачів з різних куточків світу з питань платежів, проводимо розслідування цікавих кейсів як справжні детективи, прокачуємо власну експертизу у сфері онлайн платежів, щоб перформити ще ефективніше.Чого ж ми від тебе чекаємо:— Upper Intermediate / Advanced English (B2+), розмовна та письмова. Для нас це дуже важливо, тому що спілкуємося в основному з американцями;— Готовність працювати в нічні зміни (19:00 — 3:00);— Досвід роботи з клієнтами: по телефону, email, в чатах та/або наживо;— Досвід роботи з онлайн платежами. Базове розуміння того як працює сфера онлайн платежів і досвід роботи з фродом та чарджбеками також вітаються;— Ініціативність та організованість — ми не соромимося говорити про проблеми та пропонувати ідеї, вміємо брати на себе відповідальність за досягнення та за косяки, контролюємо свій робочий час на зміні;— Всередині тебе живе детектив, який обожнює досліджувати складні ситуації, аналізувати факти та докопуватися до її першопричини, запропонувати шляхи її вирішення;— Безмежне бажання вчитися і розвиватися в IT.«Вау! А як саме проходить робота?»: — Спілкуємося з англомовними клієнтами через дзвінки, чати та тікети щодо платіжних питань;— Вирішуємо складні запити, які передають нам з першої лінії підтримки. Приклади складних запитів: «Я хочу повернути кошти!», «Хочу повідомити про технічну проблему з платежами»;— Превентивно працюємо з шахрайством (фродом) на платформі;— Моніторимо роботу платіжної інфраструктури в реальному часі, виявляємо аномальні помилки, падіння прохідності платежів, тощо;— Розвиваємо професійні скіли на тренінгах та лекціях задля подальшого кар’єрного зростання.«Круто, все це вмію. А що пропонуєте натомість?»: — Заради команди готові на все: допомагаємо рости і розвиватись всередині команди платежів та навіть в IT-проєктах холдингу;— Можливість нетворкінгу та обміну експертизою з колегами з інших команд та проєктів в межах холдингу;— Команда, де всі один за одного, де тобі максимально довіряють і навіть не трекають твій комп, де 99% процесів налагоджені і описані;— Можливість перегляду зарплати відразу після закриття випробувального терміну та кожні пів року після. Отримання бонусів за гарний перформанс щомісяця;— Стежимо за здоров’ям з корпоративним лікарем;— Медичне страхування, лікарняні та 18 днів оплачуваної відпустки на рік;— Працюємо віддалено за замовчуванням;— Графік білінг-агенту — це 18-19 змін в місяць. Ранок — 07:00-15:00, день — 15:00-23:00, вечір — 19:00-03:00.У SKELAR ми побудували середовище для професійної самореалізації:— SKELAR Platform. Це операційне ядро венчур-білдера, що допомагає фаундерам швидше проходити шлях від нуля до одиниці. Так команди бізнесів фокусуються на продукті — а 10+ команд в складі Platform закривають функції Legal, Finance, HR, Admin, Talent Acquisition, Employer Branding, IT та інші.— Нетворк та обмін досвідом як частина культури. Серед наших колег — кофаундери, які запустили не один бізнес, а також найсильніші спеціалісти на ринку. Тож ми маємо доступ до необхідної експертизи на відстані витягнутої руки.— Ексклюзивна доменна освіта. Ми створили власні навчальні програми для тіммейтів на вибір — від 2-місячної школи для менеджерів-початківців до інтенсивів про AI та професійних клубів з розробки, продакт-менеджменту тощо.— Вплив на системну допомогу Україні. Маємо благодійний фонд SKELAR foundation, який створили самі скеларівці — і завдяки кожному співробітнику втілюємо важливі соціальні проєкти. Наприклад, заснували перший у Європі акселератор для ветеранів і формуємо майданчик для підтримки ветеранів на рівні держави.— Екосистема для продуктивної роботи. Для скеларівців створені простори, які надихають на результат — з власним спортзалом, скеледромом, зеленими зонами Bali та бібліотеками. У спейсах, де сервіс, безпека та комфорт синхронізовані з темпом зростання команд, отримуємо вау-досвід та працюємо ефективніше.Більше розповімо на нашій зустрічі-знайомстві. Запрошуємо будувати the next big everything у SKELAR разом!
",SKELAR,"English,Degree"
12,Інженер зі збірки,https://jobs.dou.ua/companies/strix-air/vacancies/351993/?from=first-job,"
Опис вакансіїХочеш працювати не просто «на заводі», а на перемогу?Якщо в тебе є мотивація вчитись, інтерес до техніки і бажання долучитися до чогось справді важливого — ми чекаємо на тебе.Що ти будеш робити:Збирати та розбирати прилади: рами, вузли, компонентиМонтувати авіоніку: контролери польоту, GPS/INS, VTX, телеметрію, камериДопомагати з адаптацією конструкцій під нові завданняПеревіряти працездатність систем перед польотамиЩо потрібно:Базові навички користування інструментом (пінцет, викрутка, паяльник — наші друзі)Бажання навчатись — ми навчимо, підкажемо, покажемоЩо буде перевагою:Досвід з якісною пайкоюМи пропонуємо:Роботу в команді, яка щодня наближає перемогуПостійну зайнятість, офіційне оформленняВчасну оплату та гідні умовиРозвиток: з часом ти зможеш вести свої напрямки чи виростеш у full-stack збирачаБронювання🛠️ Ми не обіцяємо, що буде легко. Але точно буде важливо. Надсилай резюме або просто пиши нам — якщо серце бʼється в унісон із нашою справою, ми знайдемо, як тебе інтегрувати.
",Strix Air,not found
13,Менеджер клієнтської підтримки (Customer Support Specialist),https://jobs.dou.ua/companies/smart-tehnologii-v-osviti/vacancies/360297/?from=first-job,"
Смарт Технології в Освіті — українська компанія, яка створює сучасні технологічні рішення для освіти.Шукаємо Менеджера клієнтської підтримки (Customer Support Specialist), який (а) допомагатиме клієнтам у питаннях сервісного обслуговування та підтримки обладнання.Обов’язкиПрийом та обробка звернень клієнтів щодо сервісного обслуговування та гарантійних випадків.Реєстрація заявок у CRM/облікових системах.Консультація клієнтів щодо умов гарантії, термінів ремонту та статусу виконання робіт.Координація передачі обладнання до сервісних центрів.Контроль строків діагностики, ремонту та повернення обладнання клієнтам.Взаємодія з авторизованими сервісними центрами, постачальниками та внутрішніми підрозділами компанії.Інформування клієнтів про статус виконання сервісних робіт.Ескалація проблемних або прострочених випадків.Підготовка звітності щодо сервісних звернень та показників роботи.Участь у вдосконаленні сервісних процесів і підвищенні рівня клієнтського сервісу.ВимогиДосвід роботи у сфері підтримки клієнтів, сервісного обслуговування або координації сервісних процесів.Просунуте володіння ПК та програмним забезпеченням Google Workspace / MS OfficeВисокий рівень комунікаційних навичок.Клієнтоорієнтованість та стресостійкість.Вміння працювати з великим обсягом звернень та в умовах багатозадачності.Уважність до деталей та відповідальність.Навички ведення ділового листування.Базове розуміння технічного обладнання або IT-техніки буде перевагою.Вільне володіння українською (усна та письмова).Буде плюсомДосвід роботи з CRM-системами (Zendesk, Freshdesk ServiceNow, Odoo)Ми пропонуємозарплату 35 000 грн + бонуси за KPI;гібридний формат роботи;графік: пн-пт, 09:00–18:00;24 дні оплачуваної відпустки та 7 днів лікарняних;дружню команду та відкриту комунікацію;можливість працювати з сучасним українським EdTech-продуктом.
",ТОВ «СМАРТ ТЕХНОЛОГІЇ В ОСВІТІ»,not found
14,Офіцер оперативного відділу кіберзахисту,https://jobs.dou.ua/companies/tsentr-kiberzahistu/vacancies/352899/?from=first-job,"
Центр кіберзахисту запрошує на військову службу за контрактом фахівців у сфері кіберзахисту інформаційних систем та мереж.Ми — команда, яка стоїть на варті цифрового спокою. Наш центр — це не просто моніторинг, це екосистема, де ми полюємо на загрози (Threat Hunting), розслідуємо інциденти та постійно вдосконалюємо наші захисні механізми.Кіберзагрози не сплять, і ми теж (але ми робимо це по черзі). Наша команда шукає таланти, щоб посилити цифрову оборону. У нас є місце як для «мисливців», так і для «архітекторів».У нас доступні вакансії:SOC Analyst (L1/L2)Форма служби: військова служба (контракт, мобілізація)Грошове забезпечення: 25 000 — 28 000 грн (залежно від посади, рівня підготовки та умов проходження служби).Основні обов’язки:забезпечення кіберзахисту інформаційних систем та мереж;моніторинг, виявлення та аналіз кіберінцидентів;захист мереж, серверів, баз даних та інформаційних ресурсів;супровід та ведення службової документації;підготовка звітів, службових записок, довідок та інших документів;несення чергової служби;виконання завдань у складі підрозділу.Ми пропонуємо:повний соціальний пакет відповідно до законодавства України;професійне навчання та підвищення кваліфікації;забезпечення форменим одягом та іншими видами речового забезпечення;кар’єрне зростання та здобуття унікального практичного досвіду;можливість зробити реальний внесок у безпеку держави.участь у міжнародних заходахМи очікуємо від вас:вища освіта (інформаційні технології, кібербезпека, комп’ютерні науки, телекомунікації або суміжні спеціальності);впевнене володіння ПК та базовими офісними програмами;розуміння принципів інформаційної безпеки;уважність, відповідальність, вміння працювати з документами;дисциплінованість та готовність до проходження військової служби;розуміння моделі OSI та протоколів TCP/IP.навички роботи з логами (Windows Event Logs, Syslog, Web-logs).базові знання Python або PowerShell для автоматизації рутини.Розглядаємо кандидатів з статусом обмежено придатний до військової служби, випускників військових кафедр вищих навчальних закладів для подальшого проходження служби за мобілізацією.деталі за номером телефону 097-767-23-97, 0683293415
",Центр кіберзахисту,"Python,Degree"
15,Офіцер пункту управління,https://jobs.dou.ua/companies/tsentr-kiberzahistu/vacancies/352902/?from=first-job,"
Центр кіберзахисту запрошує на військову службу за контрактом фахівців у сфері кіберзахисту інформаційних систем та мереж.Ми — команда, яка стоїть на варті цифрового спокою. Наш центр — це не просто моніторинг, це екосистема, де ми полюємо на загрози (Threat Hunting), розслідуємо інциденти та постійно вдосконалюємо наші захисні механізми.Кіберзагрози не сплять, і ми теж (але ми робимо це по черзі). Наша команда шукає таланти, щоб посилити цифрову оборону. У нас є місце як для «мисливців», так і для «архітекторів».У нас доступні вакансії: офіцер пункту управління.Форма служби: військова служба (контракт, мобілізація).Грошове забезпечення: 25 000-28 000(залежно від посади, рівня підготовки та умов проходження служби).Основні обов’язки: Оперативне управління та моніторинг:здійснення безперервного цілодобового чергування на пункті управління;контроль оперативної обстановки в зоні відповідальності та негайна доповідь керівництву про зміни;Координація та оповіщення:управління підпорядкованими силами чергової зміни та нарядом;своєчасне доведення сигналів оповіщення, розпоряджень та наказів до особового складу;координація дій підрозділів у разі виникнення позаштатних ситуацій або кіберінцидентів;Забезпечення безпеки та режиму:контроль за дотриманням внутрішнього порядку, режиму секретності та пропускного режиму на об’єкті;нагляд за станом охорони та оборони території центру під час чергування;організація збереження зброї, боєприпасів та спецтехніки, що знаходяться під охороною чергової зміни;Документальний супровід:ведення встановленої оперативно-службової документації (журнали чергування, робочі зошити, графіки);аналіз та систематизація інформації, що надходить протягом зміни, підготовка добового звіту (рапорту);Реагування на інциденти:прийняття першочергових рішень при виявленні технічних збоїв або спроб несанкціонованого доступу до систем;взаємодія з черговими службами вищих штабів та суміжних підрозділів зв’язку;Ми пропонуємо:мобілізація до кінця воєнного стану або служба за контрактом;можливість переведення чинних військовослужбовців за згодою безпосереднього командира;можливість служби для кандидатів, які за висновком ВЛК придатні до служби у військових частинах забезпечення, ТЦК та СП, ВВНЗ, навчальних центрах тощо;грошове забезпечення згідно з нормами чинного законодавства;пакет соціальних та правових гарантій захисту військовослужбовця та членів його сім’ї;гарантована щорічна відпустка + додаткова відпустка 10 днів за сімейними обставинами;безоплатне медичне забезпечення;можливість професійного та кар’єрного росту;проходження служби в місті Рівне.Ми очікуємо від вас:вища освіта (інформаційні технології, кібербезпека, комп’ютерні науки, телекомунікації або суміжні спеціальності);впевнене володіння ПК та базовими офісними програмами;розуміння принципів інформаційної безпеки;уважність, відповідальність, вміння працювати з документами;дисциплінованість та готовність до проходження військової служби;здатність виявляти вразливостей мережевого та програмного забезпечення;розуміння моделі OSI та протоколів TCP/IP;навички роботи з логами (Windows Event Logs, Syslog, Web-logs);базові знання Python або PowerShell для автоматизації рутини.Розглядаємо кандидатів з статусом ВЛК придатний до служби у військових частинах забезпечення, ТЦК та СП, ВВНЗ, навчальних центрах, закладах (установах), медичних підрозділах, підрозділах логістики, зв’язку, оперативного забезпечення, охорони, випускників військових кафедр вищих навчальних закладів для подальшого проходження служби за мобілізацією.деталі за номером телефону 0977672397, 0683293415
",Центр кіберзахисту,"Python,Degree"
16,Офіцер відділу баз даних,https://jobs.dou.ua/companies/tsentr-kiberzahistu/vacancies/353230/?from=first-job,"
Центр кіберзахисту запрошує на військову службу за контрактом (по мобілізації) кандидатів на посаду офіцера баз даних.Ми — команда, яка стоїть на варті цифрового спокою. Наш центр — це не просто моніторинг, це екосистема, де ми полюємо на загрози (Threat Hunting), розслідуємо інциденти та постійно вдосконалюємо наші захисні механізми.Кіберзагрози не сплять, і ми теж (але ми робимо це по черзі). Наша команда шукає таланти, щоб посилити цифрову оборону. У нас є місце як для «мисливців», так і для «архітекторів».У нас доступні вакансії: офіцер баз даних.Форма служби: військова служба (контракт, мобілізація).Грошове забезпечення: 25 000-28 000(залежно від посади, рівня підготовки та умов проходження служби).Основні обов’язки: Для здійснення обробки, аналізу та узагальнення даних, наповнення баз даних: володіння SQL: розуміння синтаксису, вміння писати запити;досвід з СУБД: Практичні навички роботи з однією або кількома популярними системами (PostgreSQL, MySQL, MS SQL Server або Oracle);оптимізація: знання методів оптимізації запитів та розуміння роботи індексів;робота з даними: Навички очищення, трансформації (ETL) та імпорту/експорту даних (CSV, Excel, SQL-дампи);скриптові мови: знання Python (бібліотеки Pandas, SQLAlchemy) для автоматизації рутинних завдань;робота в консолі: базові навички роботи з Linux/Unix-терміналом та SSH;аналітичне мислення: здатність бачити логіку за великими масивами цифр, створення звітів;увага до деталей: критично важлива для збереження цілісності даних. Ми пропонуємо:мобілізація до кінця воєнного стану або служба за контрактом;можливість переведення чинних військовослужбовців за згодою безпосереднього командира;можливість служби для кандидатів, які за висновком ВЛК придатні до служби у військових частинах забезпечення, ТЦК та СП, ВВНЗ, навчальних центрах тощо;грошове забезпечення згідно з нормами чинного законодавства;пакет соціальних та правових гарантій захисту військовослужбовця та членів його сім’ї;гарантована щорічна відпустка + додаткова відпустка 10 днів за сімейними обставинами;безоплатне медичне забезпечення;можливість професійного та кар’єрного росту;проходження служби в місті Рівне.Ми очікуємо від вас:вища освіта (інформаційні технології, кібербезпека, комп’ютерні науки, телекомунікації або суміжні спеціальності);впевнене володіння ПК та базовими офісними програмами;розуміння принципів інформаційної безпеки;уважність, відповідальність, вміння працювати з документами;дисциплінованість та готовність до проходження військової служби;здатність виявляти вразливостей мережевого та програмного забезпечення.розуміння моделі OSI та протоколів TCP/IP;навички роботи з логами (Windows Event Logs, Syslog, Web-logs);базові знання Python або PowerShell для автоматизації рутини.Розглядаємо кандидатів з статусом ВЛК придатний до служби у військових частинах забезпечення, ТЦК та СП, ВВНЗ, навчальних центрах, закладах (установах), медичних підрозділах, підрозділах логістики, зв’язку, оперативного забезпечення, охорони, випускників військових кафедр вищих навчальних закладів для подальшого проходження служби за мобілізацією.
деталі за номером телефону 097-767-23-97, 0683293415
",Центр кіберзахисту,"Python,SQL,Linux,Degree"
17,Начальник відділення спеціального зв’язку та кібербезпеки,https://jobs.dou.ua/companies/tsentr-kiberzahistu/vacancies/353231/?from=first-job,"
Центр кіберзахисту запрошує на військову службу за контрактом (по мобілізації) кандидатів на посаду начальника спеціального зв’язку та кібербезпеки.Ми — команда, яка стоїть на варті цифрового спокою. Наш центр — це не просто моніторинг, це екосистема, де ми полюємо на загрози (Threat Hunting), розслідуємо інциденти та постійно вдосконалюємо наші захисні механізми.Кіберзагрози не сплять, і ми теж (але ми робимо це по черзі). Наша команда шукає таланти, щоб посилити цифрову оборону. У нас є місце як для «мисливців», так і для «архітекторів».У нас доступні вакансії: начальник спеціального зв’язку (сержант).Форма служби: військова служба (контракт, мобілізація).Грошове забезпечення: 25 000  (залежно від посади, рівня підготовки та умов проходження служби).Основні обов’язки:забезпечення справності засобів зв’язку;організація та управління системами зв’язку;організація та підтримка зв’язку;технічна експлуатація обладнання;робота з документацією;забезпечення захисту інформації;ремонт та відновлення;несення чергової служби;виконання завдань у складі підрозділу.Ми пропонуємо:мобілізація до кінця воєнного стану або служба за контрактом;можливість переведення чинних військовослужбовців за згодою безпосереднього командира;можливість служби для кандидатів, які за висновком ВЛК придатні до служби у військових частинах забезпечення, ТЦК та СП, ВВНЗ, навчальних центрах тощо;грошове забезпечення згідно з нормами чинного законодавства;пакет соціальних та правових гарантій захисту військовослужбовця та членів його сім’ї;гарантована щорічна відпустка + додаткова відпустка 10 днів за сімейними обставинами;безоплатне медичне забезпечення;можливість професійного та кар’єрного росту;проходження служби в місті Рівне. Ми очікуємо від вас:вища освіта/фахова передвища освіта (інформаційні технології, кібербезпека, комп’ютерні науки, телекомунікації або суміжні спеціальності);впевнене володіння ПК та базовими офісними програмами (Word та Excel);розуміння принципів інформаційної безпеки;вміння швидко вирішувати технічні проблеми;уважність, відповідальність, вміння працювати з документами;дисциплінованість та готовність до проходження військової служби.Розглядаємо кандидатів з статусом ВЛК придатний до служби у військових частинах забезпечення, ТЦК та СП, ВВНЗ, навчальних центрах, закладах (установах), медичних підрозділах, підрозділах логістики, зв’язку, оперативного забезпечення, охорони для подальшого проходження служби за контрактом та мобілізацією.деталі за номером телефону 097-767-23-97, 0683293415
",Центр кіберзахисту,Degree
18,"Офіцер відділу протидії кіберзагрозам,атестації та експертизи",https://jobs.dou.ua/companies/tsentr-kiberzahistu/vacancies/353232/?from=first-job,"
Центр кіберзахисту запрошує на військову службу за контрактом фахівців у сфері кіберзахисту інформаційних систем та мереж.Ми шукаємо кваліфікованого спеціаліста з технічного захисту інформації, який долучиться до нашої команди. Вашими основними завданнями буде забезпечення безпеки даних та інформаційних систем компанії, розробка та впровадження заходів захисту, а також моніторинг і реагування на інциденти кібербезпеки.Ми — команда, яка стоїть на варті цифрового спокою. Наш центр — це не просто моніторинг, це екосистема, де ми полюємо на загрози (Threat Hunting), розслідуємо інциденти та постійно вдосконалюємо наші захисні механізми.Кіберзагрози не сплять, і ми теж (але ми робимо це по черзі). Наша команда шукає таланти, щоб посилити цифрову оборону. У нас є місце як для «мисливців», так і для «архітекторів».У нас доступні вакансії: офіцер протидії кіберзагрозам, атестації та експертизиФорма служби: військова служба (контракт, мобілізація).Грошове забезпечення: 25 000-28 000(залежно від посади, рівня підготовки та умов проходження служби).Основні обов’язки:здійснення збору, обробки та аналізу журналів подій (інформації про події, реєстри, файлові активності та інші деталі, які можуть бути використані для аналізу загроз і виявлення порушень функціонування);оцінка стану захисту інформації та кіберзахисту інформаційно-комунікаційних системах;підготовка звітів, службових записок, довідок та інших документів;несення чергової служби;виконання завдань у складі підрозділу.Ми пропонуємо:мобілізація до кінця воєнного стану або служба за контрактом;можливість переведення чинних військовослужбовців за згодою безпосереднього командира;можливість служби для кандидатів, які за висновком ВЛК придатні до служби у військових частинах забезпечення, ТЦК та СП, ВВНЗ, навчальних центрах тощо;грошове забезпечення згідно з нормами чинного законодавства;пакет соціальних та правових гарантій захисту військовослужбовця та членів його сім’ї;гарантована щорічна відпустка + додаткова відпустка 10 днів за сімейними обставинами;безоплатне медичне забезпечення;можливість професійного та кар’єрного росту;проходження служби в місті Рівне.Ми очікуємо від вас:вища освіта (інформаційні технології, кібербезпека, комп’ютерні науки, телекомунікації або суміжні спеціальності);впевнене володіння ПК та базовими офісними програмами;розуміння принципів інформаційної безпеки;уважність, відповідальність, вміння працювати з документами;дисциплінованість та готовність до проходження військової служби;здатність виявляти вразливостей мережевого та програмного забезпечення;розуміння моделі OSI та протоколів TCP/IP.навички роботи з логами (Windows Event Logs, Syslog, Web-logs).базові знання Python або PowerShell для автоматизації рутини.Розглядаємо кандидатів з статусом ВЛК придатний до служби у військових частинах забезпечення, ТЦК та СП, ВВНЗ, навчальних центрах, закладах (установах), медичних підрозділах, підрозділах логістики, зв’язку, оперативного забезпечення, охорони, випускників військових кафедр вищих навчальних закладів для подальшого проходження служби за мобілізацією. деталі за номером телефону 097-767-23-97, 0683293415
",Центр кіберзахисту,"Python,Degree"
19,Технік з прошивки Production Technician (Firmware / Electronics),https://jobs.dou.ua/companies/ugv-robotics/vacancies/360247/?from=first-job,"
Ми — сучасне підприємство у сфері робототехніки, яке працює над інноваційними рішеннями та цікавими проектами. Ми прагнемо створювати технології, які змінюють життя на краще, і шукаємо талановитих людей для приєднання до нашої команди.Шукаємо техніка з прошивки мікроконтролерів, який підсилить нашу команду.Що ви будете робити на цій позиції:Прошивка мікроконтролерів та електронних модулів (Arduino, STM32, ESP32 та інші).Перевірка, тестування та первинна діагностика електронних плат, блоків і готових виробів.Робота з програмним забезпеченням для прошивки, налаштування та тестування обладнання.Проведення функціонального тестування виробів після прошивки та складання.Виявлення несправностей у вузлах, модулях та електронних компонентах, участь у локалізації причин дефектів.Робота з діагностичним обладнанням та вимірювальними приладами.Взаємодія з командами виробництва та R&D щодо виявлених технічних проблем і системних дефектів.Заповнення технічної документації, чек-листів тестування та фіксація результатів перевірок.Підготовка обладнання до тестування та контроль коректності роботи після прошивки.На цю позицію ми хочемо бачити кандидата, який має:Розуміння принципів роботи контролерів, електроприводів та електронних вузлів.Базові знання фізики та електроніки (на рівні не нижче шкільного курсу фізики 9 класу).Досвід або навички роботи з мікроконтролерами: Arduino, STM32, ESP32.Базові навички роботи з терміналом (CLI).Впевнене володіння ПК.Базові навички роботи з Ubuntu/Linux-подібними системами.Розуміння логіки роботи прошивок, базові навички оновлення та налаштування firmware.Уважність до деталей, технічна грамотність та системний підхід до роботи.Вміння аналізувати технічні несправності та знаходити причини некоректної роботи виробів.Ми пропонуємо:Роботу в компанії, яка створює продукт із реальним значенням.Команду, яка цінує ініціативність та результат.Можливість впливати на ефективність закупівельних процесів.Бронювання віськовозобо’язаних.Графік роботи 5/2, 08:00–17:00.
",UGV Robotics,Linux
20,Junior IT Engineer,https://jobs.dou.ua/companies/grid-dynamics/vacancies/328478/?from=first-job,"
We are looking for an IT Engineer in Kyiv on a part-time! Minimum requirements to the candidate:Strong customer support skillsAbility to communicate clearly, politely, and in a timely mannerStrong troubleshooting skillsUnderstanding of basic Network concepts (TCP/IP, DNS, VPN, VoIP) and some experience in troubleshooting network issuesBasic understanding of Windows AD, LDAPBasic understanding of Linux/Unix systems conceptsNice to have requirements to the candidate:Advanced MacOS knowledgeAdvanced Windows knowledgeExperience with Google Workspace (G Suite)What tasks the candidate will work with?Providing technical user support, assisting users with system and software configurationInstallation, upgrades, support, and troubleshooting of laptops with MacOS (14.x, 15.x, 26.x) and Windows 11 operating systems;Installation, upgrades, support, and troubleshooting of Microsoft Office365, Zoom, Slack and other authorized desktop applications;Installation, upgrades, support, and troubleshooting of printers, computer hardware;Installation, upgrades, support, and troubleshooting of AV conference equipment (Projectors, AppleTV, cameras);Performing general preventative maintenance tasks on computers, laptops, printers, AV equipment;Maintaining assets inventory and equipment procurement;User access management — Providing timely communication on issue status and resolution.Maintaining ticket updates for all reported incidents.Selling points for this demandWork in a big international IT companyWork with cutting edge technologiesWe offer:Work with a highly motivated and dedicated teamCompetitive salaryFlexible scheduleBenefits package — medical insurance, sportsCorporate social eventsProfessional development opportunitiesWell-equipped officeAbout usGrid Dynamics is a leading provider of technology consulting, platform and product engineering, AI, and advanced analytics services. Fusing technical vision with business acumen, we solve the most pressing technical challenges and enable positive business outcomes for enterprise companies undergoing business transformation. A key differentiator for Grid Dynamics is our 8 years of experience and leadership in enterprise AI, supported by profound expertise and ongoing investment in data, analytics, cloud & DevOps, application modernization and customer experience. Founded in 2006, Grid Dynamics is headquartered in Silicon Valley with offices across the Americas, Europe, and India.
",Grid Dynamics,Linux
21,Хедхантер,https://jobs.dou.ua/companies/dzhob-hant/vacancies/299030/?from=first-job,"
JobHunt — це ексклюзивний партнер провідних компаній у галузях технологій, оборонної промисловості, державного сектору, а також громадських і благодійних організацій. Ми співпрацюємо лише з обмеженим колом партнерів, що дозволяє нам глибоко розуміти їхні бізнес-процеси, виробничі потреби та стратегічні цілі.Наша команда залучена до пошуку та підбору найкращих фахівців для топових проєктів, пропонуючи кандидату унікальні можливості для професійного розвитку. Завдяки нашому вузькому фокусу та високій якості послуг, ми є надійним мостом між талановитими спеціалістами та прогресивними компаніями, які працюють задля кращого майбутнього нашої країни.Ми шукаємо хедхантера — спеціаліста з активного пошуку талантів. Якщо ти вмієш знаходити найкращих кандидатів навіть там, де їх ніхто не шукає, розумієш, як працює ринок праці, та хочеш стати частиною професійної рекрутингової команди — тоді ця вакансія для тебе!Що ми пропонуємо?Стабільну зарплату без затримок.Офіційне працевлаштування (оплачувана відпустка та лікарняні).Відстрочку від мобілізації для наших працівників.Безкоштовні обіди (економія 5 тис. грн/міс).Сучасний офіс з генератором, укриттям, технікою та стабільним зв’язком.Підтримку ментора у період випробувального терміну.Бонуси за успішне закриття складних вакансій.Наш ідеальний кандидат:Має аналітичне мислення та розуміє ринок праці.Володіє сильними комунікаційними навичками.Абсолютний екстраверт, вміє легко знаходити спільну мову з будь-ким.Вміє переконувати та вести переговори.Має бажання навчатись ефективно взаємодіяти з представниками медіа, державними органами та іншими ключовими стейкхолдерами.Що ти будеш робити?Вести активний пошук топ-талантів та рідкісних спеціалістів.Постійний хантинг офлайн — відвідування профільних івентів, нетворкінг-зустрічей та закритих клубів, неофіційних зустрічей;Залучати пасивних кандидатів та формувати базу контактів.Використовувати нестандартні методи пошуку та альтернативні канали.Проводити інтерв’ю та оцінювати відповідність кандидатів.Головний офіс знаходиться недалеко від м. Васильківська.
",Джоб Хант,not found
22,Trainee developer for BootCamp,https://jobs.dou.ua/companies/red-tag/vacancies/330855/?from=first-job,"
Hello, Redtagʼ in touch!We are an official Salesforce partner, specializing in providing consulting and implementation services to help businesses successfully integrate CRM and CX strategies.We are looking for a Trainee developer for our Salesforce Bootcamp starting on June 15. It involves mentorship and real-life projects. The training program is expected to last up to 3 months. Expected dedication — 20h/week; a certificate about the completion is included.Link: www.redtag.pro/bootcampRequirements:Understanding of OOP principles.Basic hands-on experience in Java/Javascript/.NET or other programming languages.Basic knowledge of relational databases and SQL.Basic understanding of HTML/CSS.Understanding of algorithms.Effective communication skills.Learner mindset.Written and spoken English at least Upper-intermediate level — is a must!Interview stages:Interview with a recruiter;Test task;Technical interview;Final invitation to join Bootcamp.We offer:Inspiring intro knowledge of Salesforce.Professional and career challenges.Potential opportunity to join Redtag after successful completion of Bootcamp.Networking within the professional Salesforce community.Work closely with our team of professionals, learning alongside them from the very first day.Quickly immerse yourself in one of the fastest-growing tech ecosystems alongside highly passionate professionals.
",Redtag,"SQL,Machine Learning,English"
23,Діловод служби військової техніки,https://jobs.dou.ua/companies/132-okremii-rozviduvalnii-batalion-7-korpusu-dshv/vacancies/360135/?from=first-job,"
132-й окремий розвідувальний батальйон 7-го корпусу швидкого реагування Десантно-Штурмових Військ Збройних Сил України виконує завдання військової, повітряної та радіоелектронної розвідки.Обов’язкиоблік матеріальних засобів по службізберігання документів та бланків суворого облікувиписування матеріальних засобів зі складівоприбуткування за книгами обліку матеріальних засобів, що надійшли до складіввиписування прибуткових та видаткових документівпідготовка даних для звітності по службі до встановленого термінузвірення записів залишків матеріальних засобів, які значаться на обліку, з даними обліку складу та підрозділівВимогибажання розвиватися у вибраній сферівміння вчитися, переймати досвідвідсутність алкогольної, наркотичної або іншої залежностідосвід роботи з програмами Word, ExcelУмовимобілізація до кінця воєнного стану або служба за контрактомможливість переведення чинних військовослужбовців за згодою безпосереднього командираможливість служби для кандидатів, які за висновком ВЛК придатні до служби у військових частинах забезпечення, ТЦК та СП, ВВНЗ, навчальних центрах тощогрошове забезпечення від 25 000 до 55 000 гривень залежно від місця службигарантована щорічна основна відпустка + додаткова відпустка за сімейними обставинами
",132 окремий розвідувальний батальйон 7 корпусу ДШВ,not found
24,Intern Mechanical Engineer,https://jobs.dou.ua/companies/squad/vacancies/339256/?from=first-job,"
 Team Summary 
Our Mechanical Engineering team is responsible for driving innovation from the initial concept through to high-volume production for our key stakeholders’ products. We serve as the vital integration hub, bridging the gap between various hardware disciplines, including Radio Frequency, Electrical Engineering, and Optics. Our lab is fully equipped with state-of-the-art tools for rapid prototyping, comprehensive testing, and advanced hardware development, offering a dynamic environment for hands-on engineering.
 Job Summary 
As an Intern Mechanical Engineer at SQUAD, you will join our hardware development team and participate in the full design lifecycle, from initial concept to mass production. This role provides practical experience in real-world engineering challenges. You will work on designing plastic parts for injection molding, engineering sheet metal components, and developing mechanical layouts for high-density assemblies with specific IP-rating requirements.
This position requires a physical presence in our Kyiv office to work in the mechanical laboratory.
 Responsibilities and Duties 
— Assist in the design of plastic, milled, and sheet metal components— Build functional prototypes and develop custom testing rigs and stands— Actively participate in technical reviews and engage in continuous self-improvement under the mentorship of senior engineers.
 Qualifications and Skills 
— Basic proficiency in SolidWorks (or a similar CAD package)— A strong ’maker’ mindset with proven experience using hand and power tools for prototyping, whether through hobbyist projects or academic laboratory environments— A genuine passion for mechanical engineering and understanding how things work— At least an Intermediate level in both written and spoken English (B1).
 Nice to have 
— Familiarity with other multiple CAD platforms (Fusion 360, Rhino, Creo, etc.).— Basic understanding of manufacturing processes (Injection Molding, 3D printing, CNC).
 We offer multiple benefits that include 
— The environment of equal opportunities, transparent and value-based corporate culture and an individual approach to each team member.— Competitive compensation and perks.— Gig-contract (6 months).— 21 paid vacation days per year, paid public holidays according to the Ukrainian legislation.— Development opportunities like corporate courses, knowledge hubs, and free English classes.— Medical insurance is provided from day one. Sick leaves and medical leaves are available.— Remote working mode is available within Ukraine only.— Free meals, fruits, and snacks when working in the office.
",SQUAD,English
25,Clinical Design Engineer,https://jobs.dou.ua/companies/materialise/vacancies/346055/?from=first-job,"
We’re seeking a skilled and enthusiastic Clinical Design Engineer to join Materialise.If you are selected for the job, you will need to undergo thorough training before handling real cases. We will teach you everything you need to know. We are not looking for experts but motivated individuals willing to learn and grow with us.Responsibilities: ⁃ A Clinical Design Engineer developing medical implants and guides for CMF based on Clinical engineer requests, surgeon’s preferences, and anatomy aspects according to work instructions and established procedures;⁃ Able to determine the high-level clinical reality and history of the patient based on medical image data, and other additional data if applicable. Requirements: ⁃ University degree in Mechanical Engineering or the Biomedical Engineering field is a plus (commercial experience is not mandatory);⁃ Good 3-dimensional thinking & basic experience with CAD tools (SolidWorks or similar);English level: Intermediate.⁃ General engineering knowledge;⁃ Detail-oriented and good at troubleshooting;⁃ Good self-organization skills; Will be a plusUnderstanding of 3D-printing technology.
",Materialise,"English,Degree"
26,Dispute Resolution Specialist (Solidgate — Fintech),https://jobs.dou.ua/companies/genesis-technology-partners/vacancies/359977/?from=first-job,"
Our Mission and VisionAt Solidgate, our mission is clear: to empower outstanding entrepreneurs to build exceptional internet companies. We exist to fuel the builders — the ones shaping the digital economy — with the financial infrastructure they deserve. To achieve that, we’re on a bold path: to become the #1 payments orchestration platform in the world.We believe the future of payments is shaped by people who think big, take ownership, and bring curiosity and drive to everything they do. That’s exactly the kind of teammates we want on board.About the Team and RoleAs a Dispute Resolution Specialist, you’ll work on Chargebackhit — technology that protects online businesses from fraud and chargebacks. The product is mature but runs with the energy of a startup: things evolve fast and decisions are made quickly.This role sits at the intersection of operations, data, and fintech infrastructure. You’ll handle dispute cases that require human judgment, work with banking interfaces, investigate data discrepancies, and directly influence financial outcomes for our merchants. No prior experience is required — just attention to detail, focus, and a drive to grow.What you’ll ownHandle dispute cases that require human judgment, provider-specific nuance, or non-standard workflowsInvestigate data discrepancies between internal systems and provider/network records — detect edge cases, document findings, work with engineering on root causesIdentify repetitive manual tasks and streamline them using AI tools, templates, and bulk-action workflowsSupport new acquirer/PSP onboarding: validate dispute data mapping and act as ops-side QA before go-liveYou’re a great fit if you have0–1 year of experience in operations, support, or a related field (or no experience at all — we’ll teach you)English level Upper-Intermediate (B2) or higherStrong attention to detail and ability to stay focused on high-volume, data-heavy tasksStructured communication and problem-solving mindsetCuriosity and initiative — you don’t wait to be told what to improveWhy Solidgate?No internships here — we build careers. Get hands-on from day one and make a real impact.Your work = real outcomes. Shape how global companies move money.Grow like crazy. Learn from top fintech pros and level up faster than anywhere else.Flex your schedule. Balance studies and work with flexible hours that fit your life.Enjoy the ride. A wow office in Kyiv center, daily lunches, snacks, team buildings, and a learning budget to keep you growing.💌 The Extras: 30+ days off, unlimited sick leave, free office meals, health coverage, and Apple gear to keep you productive. Courses, conferences, sports and wellness benefits — all designed for ideas, focus, and fun.Tomorrow’s fintech needs your mindset. Come build it with us.Know top talent? We’re always on the lookout. Recommend someone for our role, and if they get hired, there’s a bonus waiting for you — simple as that.
",Genesis,"Git,Machine Learning,English"
27,Junior Technical Analyst (Solidgate),https://jobs.dou.ua/companies/genesis-technology-partners/vacancies/344164/?from=first-job,"
Our Mission and VisionAt Solidgate, our mission is clear: to empower outstanding entrepreneurs to build exceptional internet companies. We exist to fuel the builders — the ones shaping the digital economy — with the financial infrastructure they deserve. To achieve that, we’re on a bold path: to become the #1 payments orchestration platform in the world.We believe the future of payments is shaped by people who think big, take ownership, and bring curiosity and drive to everything they do. That’s exactly the kind of teammates we want on board.About the RoleAs a Junior Technical Analyst, you’ll dive into Solidgate’s payment platform and help businesses integrate and run their payment flows smoothly. This role gives you hands-on experience at the intersection of technical operations and product — working with our technical and business teams to resolve issues and improve the payment experience for businesses worldwide.What you’ll ownAnalyzing incoming client requests and finding effective solutionsCollaborating closely with product and technical teams inside the companyCommunicating with client representatives to resolve technical issues related to our productWorking with product documentation and keeping it up to dateYou’re a great fit if you haveBachelor’s in Applied Mathematics / Systems Analysis / Software Engineering / related field (completed or in progress)Excellent written and verbal communication skillsEnglish proficiency at Upper-Intermediate level or higherKnowledge of SQLNice to haveSelf-starter — you can own your projects and take full responsibility for your areaPractical experience with Postman and PythonWhy Solidgate?No internships here — we build careers. Get hands-on from day one and make a real impact.Enjoy the ride. A wow office in Kyiv center, daily lunches, snacks, team buildings, and a learning budget to keep you growing.Flex your schedule. Balance studies and work with flexible hours that fit your life.Your work = real outcomes. Shape how global companies move money.💌 The Extras: 30+ days off, unlimited sick leave, free office meals, health coverage, and Apple gear to keep you productive. Courses, conferences, sports and wellness benefits — all designed for ideas, focus, and fun.Tomorrow’s fintech needs your mindset. Come build it with us.Know top talent? We’re always on the lookout. Recommend someone for our role, and if they get hired, there’s a bonus waiting for you — simple as that.
",Genesis,"Python,SQL,Git,English"
28,Customer Support Agent (shifts) (Solidgate),https://jobs.dou.ua/companies/genesis-technology-partners/vacancies/288267/?from=first-job,"
Our Mission and VisionAt Solidgate, our mission is clear: to empower outstanding entrepreneurs to build exceptional internet companies. We exist to fuel the builders — the ones shaping the digital economy — with the financial infrastructure they deserve. To achieve that, we’re on a bold path: to become the #1 payments orchestration platform in the world.We believe the future of payments is shaped by people who think big, take ownership, and bring curiosity and drive to everything they do. That’s exactly the kind of teammates we want on board.About the RoleOur Customer Support team is the first point of contact for merchants and partners across the globe, delivering fast, thoughtful support when it matters most. They are the voice of our customers, working hand-in-hand with product and engineering teams to enhance experiences and keep exceptional service at the core of everything we do.We’re looking for a Customer Support Agent who takes ownership of customer issues, goes the extra mile to find solutions, and helps shape the way we support our customers every day.Working with us, you’ll have:no repetitive or routine tasks;the opportunity to dive into the details of the payment world;experience with a complex B2B fintech product;the chance to become a strong professional in a challenging industry.What you’ll be doinghandling incoming L1 support requests;ensuring SLA compliance and timely communication;providing quick, clear, and professional feedback to clients;monitoring recurring questions and suggesting improvements for the knowledge base.What you’ll needBachelor’s or Master’s degree, either completed or underway;strong analytical skills;ability to prioritize tasks and manage multiple requests simultaneously;English proficiency at Upper-Intermediate level or higher.Nice to haveBasic knowledge of SQL.Previous experience in customer support.Work schedule3 evening shifts (15:30–00:00) — 2 days off;3 morning shifts (07:30–16:00) — 2 days off;3 night shifts (23:30–08:00) — 2 days off.Why Solidgate?No internships here — we build careers. Get hands-on from day one and make a real impact.Your work = real outcomes. Shape how global companies move money.Grow like crazy. Learn from top fintech pros and level up faster than anywhere else.Flex your schedule. Balance studies and work with flexible hours that fit your life.Enjoy the ride. A wow office in Kyiv center, daily lunches, snacks, team buildings, and a learning budget to keep you growing.Hiring process: Intro call with a recruiter, Interview with the team, Test task, Final interview with the CEO💌 The Extras: 30+ days off, unlimited sick leave, free office meals, health coverage, and Apple gear to keep you productive. Courses, conferences, sports and wellness benefits — all designed for ideas, focus, and fun.Tomorrow’s fintech needs your mindset. Come build it with us.🫂 Know top talent? We’re always on the lookout. Recommend someone for our role, and if they get hired, there’s a bonus waiting for you — simple as that.
",Genesis,"SQL,Git,English,Degree"
29,Junior Technical Analyst,https://jobs.dou.ua/companies/solidgate/vacancies/259752/?from=first-job,"
Our Mission and VisionAt Solidgate, our mission is clear: to empower outstanding entrepreneurs to build exceptional internet companies. We exist to fuel the builders — the ones shaping the digital economy — with the financial infrastructure they deserve. To achieve that, we’re on a bold path: to become the #1 payments orchestration platform in the world.We believe the future of payments is shaped by people who think big, take ownership, and bring curiosity and drive to everything they do. That’s exactly the kind of teammates we want on board.About the RoleAs a Junior Technical Analyst, you’ll dive into Solidgate’s payment platform and help businesses integrate and run their payment flows smoothly. This role gives you hands-on experience at the intersection of technical operations and product — working with our technical and business teams to resolve issues and improve the payment experience for businesses worldwide.What you’ll ownAnalyzing incoming client requests and finding effective solutionsCollaborating closely with product and technical teams inside the companyCommunicating with client representatives to resolve technical issues related to our productWorking with product documentation and keeping it up to dateYou’re a great fit if you haveBachelor’s in Applied Mathematics / Systems Analysis / Software Engineering / related field (completed or in progress)Excellent written and verbal communication skillsEnglish proficiency at Upper-Intermediate level or higherKnowledge of SQL Nice to haveSelf-starter — you can own your projects and take full responsibility for your areaPractical experience with Postman and PythonWhy Solidgate?No internships here — we build careers. Get hands-on from day one and make a real impact.Enjoy the ride. A wow office in Kyiv center, daily lunches, snacks, team buildings, and a learning budget to keep you growing.Flex your schedule. Balance studies and work with flexible hours that fit your life.Your work = real outcomes. Shape how global companies move money.💌 The Extras: 30+ days off, unlimited sick leave, free office meals, health coverage, and Apple gear to keep you productive. Courses, conferences, sports and wellness benefits — all designed for ideas, focus, and fun.Tomorrow’s fintech needs your mindset. Come build it with us.Know top talent? We’re always on the lookout. Recommend someone for our role, and if they get hired, there’s a bonus waiting for you — simple as that.
",Solidgate,"Python,SQL,Git,English"
30,Junior Media Buyer,https://jobs.dou.ua/companies/inception-one/vacancies/359965/?from=first-job,"
Inception-1 is a product company that creates AI-driven B2C products designed to help people feel more connected and less alone. Our mission is to build meaningful digital experiences that blend technology with empathy — and to prove that technology can be both human and transformative.We are looking for a Junior Media Buyer who is eager to grow in performance marketing, learn fast, and take ownership of real campaigns from day one.ResponsibilitiesSupport the launch and management of performance marketing campaigns on Meta.Help optimize campaigns based on key metrics: CPA, ROAS, and LTV.Assist in running A/B and split tests across creatives, campaigns, and landing pages.Analyze performance data, identify trends, and share insights with the team.Create clear briefs and tasks for photo/video designers.Help maintain and improve automation rules for acquisition campaigns.Conduct competitor analysis and contribute growth hypotheses. RequirementsBasic hands-on experience with Meta Ads Manager (internship, freelance, or personal projects welcome).Understanding of core performance marketing metrics: CPA, ROAS, LTV, budgeting.Analytical mindset and data-driven approach to decision-making.Curiosity and eagerness to learn new tools and domains quickly.English level: Intermediate+.Familiarity with A/B testing concepts is a plus. Nice to HaveAny experience with TikTok Ads, Google Ads, or other UA channels.Understanding of iOS 14.5+ impact on performance marketing.Familiarity with tools like Amplitude, Tableau, or Jira.Bachelor’s degree in marketing, economics, analytics, or a related field. What We OfferFlexible work schedule and remote-friendly culture.Online corporate doctor services, and health insurance in Ukraine after probationary period.20 working days of paid vacation per year, unlimited sick leave.All necessary equipment provided.Compensation for top-market courses, corporate meetups and lectures, a large library, and business & management schools for employees.
",Inception-1,"Git,English,Degree"
31,"Спеціаліст з адміністративної діяльності, Administrative specialist (офіцер, військова служба, мобілізація, контракт)",https://jobs.dou.ua/companies/tsentr-zahistu-informatsii/vacancies/346560/?from=first-job,"
Привіт! Ми — Центр захисту інформації та кібернетичної безпеки, команда професіоналів, яка щодня робить Україну безпечнішою у цифровому світі. Якщо ти хочеш розпочати кар’єру у важливій сфері, розвиватися в колективі однодумців і долучатися до справді значущої роботи — ми радо запрошуємо тебе стати частиною нашої команди на позицію Офіцера адміністративної діяльності в м. Дніпро.Дана вакансія передбачає наявність у шукача військового звання офіцерського складу.Кого ми шукаємо:Ти маєш вищу освіту, а досвід роботи — не обов’язковий. Ми готові навчати і підтримувати на кожному кроці.Ти офіцер запасу або діючий військовослужбовець.Ти відповідальний, уважний до деталей і вмієш організовувати свою роботу.Ти комунікабельний і відкритий до співпраці з різними людьми.Ти зацікавлений у розвитку в сфері кадрового діловодства та хочеш зрозуміти всі тонкощі роботи з персоналом.Знання законодавства з питань трудових відносин буде перевагою, але не обов’язковим.Що ти будеш робити у нас:Реєстрація, облік та архівування вхідної й вихідної кореспонденції.Підготовка наказів, розпоряджень, листів, договорів.Контроль термінів виконання документів.Оформлення прийому, переведення та звільнення працівників.Ведення особових справ.Ведення внутрішніх реєстрів та баз даних.Організація зберігання документації.Робота з системами електронного документообігу.Що ми пропонуємо:Стабільну роботу в компанії, що працює у сфері безпеки інформації — одній із найперспективніших галузей сьогодення.Конкурентну заробітну плату в діапазоні 27 000 — 50 000 грн з можливістю кар’єрного росту.Офіційне працевлаштування, соціальні гарантії та підтримку у професійному розвитку.Дружній колектив, який цінує кожного співробітника і допомагає розкривати потенціал.Комфортне робоче середовище в Дніпрі з сучасними умовами праці.Можливість навчатися і покращувати свої навички у сфері адмінпослуг та кібербезпеки.Якщо ти готовий долучитися до нашої команди та розпочати професійний шлях в сфері управління персоналом — ми чекаємо саме на тебе! Разом ми створюємо безпечне майбутнє. Приєднуйся!
",Центр захисту інформації та кібернетичної безпеки,not found
32,Trainee/Intern Java Developer (стажування),https://jobs.dou.ua/companies/monitaet-technology/vacancies/312077/?from=first-job,"
Шукаємо Java початківців — майбутніх гуру Web & Enterprise backend Java development.Ми — команда професіоналів, для кого створювати якісні ФінТех рішення які розробляються, тестуються та випускаються українською командою спеціалістів та експертів — є пріоритет № 1.Ми запускаємо повноцінну програму навчання майбутніх Java Developers. Ми віримо, що талановиті новачки можуть стати справжніми професіоналами за правильного підходу до навчання. Якщо ти мрієш стати впевненим Java Developer і працювати в команді майстрів своєї справи — долучайся до нас. Формат повністю віддалений — проходь стажування з будь-якої точки України!Що ми пропонуємо:🟢Безкоштовне стажування до результату за напрямком Java Development;🟢Працевлаштування після успішного завершення інтернатури;🟢Повне занурення у професію зі старту;🟢Підтримку ментора на всьому шляху;🟢Повну прозорість процесу та регулярний фідбек🟢Програми стажування індивідуально підлаштовувані під рівень знань кандидат🟢Практику з проектами і задачами аналогічними до комерційних у віртуальній лабораторії компанії;🟢Вирішення учбових задач реального рівня складності;🟢Багато цікавої теорії та практики;🟢Робота в команді за Scrum/Agile підходами;🟢Повністю дистанційний формат з гнучким графіком. Що потрібно від тебе:🟡Знати синтаксис Java, прості управляючі конструкції, основи ООП, базові колекції;🟡Практичний досвід роботи з дженериками, анотаціями, колекціями та потоковою обробкою даних у Java;🟡Базове уявлення про структуру реляційних баз даних і впевнене використання SQL-запитів;🟡Гарне розуміння алгоритмічних підходів та ефективне застосування структур даних у вирішенні задач;🟡Знання англ. мови на рівні A2+;🟡Велике бажання працювати та розвиватися в цій сфері.Ти стовідсотково наш кандидат, якщо:Постійно цікавишся новітніми технологіями розробки на мові програмування Java;Маєш сильне бажання розвиватися як full-stack чи backend розробник;Не боїшся нових викликів та цікавих важких задач;Маєш аналітичний майндсет та вміння мислити нестандартно;Вмієш організовувати свій час, самостійно шукати інформацію та працювати на результат;Маєш англійську для читання документації і базові знання з computer science та Java. Як усе працює:Термін: визначається індивідуально;Формат: онлайн з будь якої точки України;🔵Курс для початківців (опціонально);🔵Курс backend розробки мікросервісів на Java; Spring, etc.;🔵Стажування на учбових проектах;🔵Регулярні фідбек-сесії з твоїм ментором;🔵Працевлаштування на комерційні проекти.Програма стажування включає в себе наступні теми, але не обмежується ними:Поглиблене вивчення Java;Робота з Git та командним рядком;Базові принципи навчального процесу;Ключові концепції Java Core;Основи запитів SQL та баз даних;ORM з використанням Hibernate;Принципи роботи вебу;Створення вебзастосунків з Spring Boot;Багатопоточність у Java;Базовий рівень JavaScript;Алгоритми та структури даних;Основи верстки: HTML і CSS;Як приєднатися до нас?🟠Надіслати нам CV (заповнити форму за посиланням нижче)🟠Пройти pre-screening інтерв’ю з рекрутером;🟠Виконати типове тестове завдання;🟠Пройти фінальне інтерв’ю з технічним експертом.Заповніть форму прямо зараз (https://forms.gle/QWUgR7E8QmfyMs1c9) таЛаскаво просимо до команди!
",Monitaet Technology,"SQL,Git,Machine Learning"
33,Sales Trainee (LLM API),https://jobs.dou.ua/companies/spendbase/vacancies/355190/?from=first-job,"
Spendbase is launching LLM API, a standalone, open-source AI infrastructure product.LLM API provides a unified API for companies building AI features in production. Instead of integrating directly with multiple LLM providers, teams use one stable platform to ensure reliability, cost control, and flexibility at scale.We’re looking for a Sales Trainee ready to kick off a career in B2B sales of technical products. You’ll learn how to sell AI infrastructure alongside an experienced team and grow into an independent Sales role. This is the right fit if you’re curious about how technical products are sold to CTOs and engineering teams, and you thrive in a fast-moving, early-stage environment where learning happens every day.What you’ll do:Help build the outbound pipeline for LLM API (LinkedIn, email, cold outreach)Research and identify potential customersPrepare lead lists, personalized outreach messages, and follow-up sequencesJoin discovery calls together with a senior manager, gradually transitioning to running them independentlyLearn the technical side of the product to confidently communicate with technical stakeholdersMaintain the CRM: log activities, update lead statuses, and run disciplined follow-upsAssist with basic pipeline and conversion reportingContinuously learn — the product, ICP, sales methodologies, and objection handlingWho we’re looking for:Basic understanding of how B2B sales work (pipeline stages, qualification, follow-ups) — from courses, self-study, internships, or short prior experienceStrong motivation to build a career in tech sales and willingness to learn quicklyComfort with outbound activities: ready to write cold emails, reach out on LinkedIn, and send follow-upsCuriosity about technology and AI — willingness to dive into how APIs, LLMs, and AI infrastructure workGood communication skills and the ability to listen, not just pitchStructured approach to work: attention to detail, discipline with CRM, ability to keep track of many leadsComfort with an early-stage environment where processes and positioning evolveEnglish — Upper-Intermediate or higher (written and spoken)Openness to feedback and readiness to iterate quicklyNice to have:Any prior experience in sales, customer support, lead generation, or SDR roles (including internships)Completed sales courses or certificationsBasic familiarity with CRM tools (HubSpot, Pipedrive, Salesforce, etc.)Interest in or exposure to APIs, cloud, infrastructure, or AI-related productsExperience working or interning at startupsWhat we offer:Oonboarding and mentorship from experienced sales leadersCompetitive trainee salary + performance-based bonusesOpportunity to grow with a fast-scaling AI productOwnership-driven, fast-paced environmentPaid vacation, banking holidays, and sick leavePaid overtimeOnline medical consultation servicesJoin the growth!
",Spendbase,English
34,Digital Marketing Course,https://jobs.dou.ua/companies/gismart_com/vacancies/359882/?from=first-job,"
Думаєш, що digital marketing — це просто «налаштувати рекламу»?Насправді, у продуктовому IT це про гіпотези, аналітику, креативи та рішення, які можуть визначити, чи виросте продукт у х10.Gismart запускає безкоштовний онлайн-курс із Digital Marketing — про масштабування мобільних застосунків і digital-продуктів для мільйонів користувачів.За 3 тижні ти зможеш зрозуміти, як насправді працює digital marketing: від запуску рекламних кампаній до аналізу результатів і росту продукту.Що буде на курсі • як влаштовані маркетингові воронки та user journey• як Meta, Google і TikTok Ads використовуються для росту продуктів• як аналізувати рекламні кампанії та ключові метрики• як працюють креативи, психологія користувачів і тригери прийняття рішень• як digital-команди тестують, оптимізують і масштабують рекламу• як виглядає робота User Acquisition Manager, Product Marketing Manager та Creative ProducerКому підійде • якщо ти уже працюєш у діджитал, але хочеш структурувати знання• ти думаєш про світч у маркетинг• креативним людям, яким цікаво працювати з аналітикою та продуктамиМінімальний досвід в діджитал-маркетингу буде плюсом.Найкращі студенти курсу отримають запрошення на job interview у Gismart та шанс приєднатися до наших продуктових команд15 — 30 червня ОнлайнРеєструйся: www.gismart.academy/digital-marketing-course
",Gismart,Git
35,Content Moderator (night shifts) — Agen,https://jobs.dou.ua/companies/skelar/vacancies/359852/?from=first-job,"
Що варто знати про SKELAR? Це венчур-білдер — іншими словами, компанія, яка будує компанії. З нами фаундери створюють consumer-бізнеси, які стають лідерами на глобальних ринках EdTech, Mental health, Petcare, FashionTech та інших.Скеларівці будують tech-продукти, які здобувають відзнаки від Product Hunt, The Webby Awards та отримують тисячі позитивних відгуків на TrustPilot. Загалом tech-продуктами наших бізнесів користуються 10+ млн людей у світі.Усе завдяки сильним командам, бо наші спеціалісти — це ключова цінність SKELAR!Для професійної реалізації ми створили середовище з експертизою та необмеженими можливостями — і шукаємо тих, хто прагне викликів.Agen — це технологічна компанія, що розробляє продукт у ніші social discovery для користувачів старшого віку. Ми будуємо спільноту, де люди знайомляться, спілкуються та покращують життя через створення змістових зв’язків і взаємин, незалежно від віку.Наразі ми шукаємо до себе в команду Content Moderator, який любить створювати порядок у хаосі інтернету!Які виклики чекають на тебе в цій ролі:— Відповідати на скарги залишені користувачами орієнтуючись на скрипти;— Співпрацювати із командою саппорту та іншими командами для вирішення окремих кейсів;— Модерувати фото та текстовий контент;— Працювати з anti fraud системою;— Брати участь у покращенні робочих процесів.Що для нас важливо:— Рівень англійської B1 та вище;— Аналітичне мислення;— Адаптивність;— Наявні комфортні умови для роботи remote (стабільне інтернет-з’єднання, наявність робочого комп’ютера та безперебійного виходу до інтернету при вимкненні світла).Буде плюсом, якщо ти маєш досвід роботи з anti fraud системами або ж в модерації контенту!Що ми пропонуємо:— Віддалений формат роботи. Ти можеш працювати з будь-якої точки України та світу;— 14 днів оплачуваної відпустки на рік;— Необмежену кількість днів лікарняного за довідкою від лікаря;— Медичне страхування;— Стабільний графік роботи 2/2, 8-годинна зміна з 22:00-06:00;— Робота в сильній команді, завдяки чому ти неодмінно отримаєш нові знання та навички;— Постійну підтримку твого Team Lead;— Перспективу вирости до QC specialist;— Бонуси за виконання цілей та KPI.
У SKELAR ми побудували середовище для професійної самореалізації:SKELAR Platform. Це операційне ядро венчур-білдера, що допомагає фаундерам швидше проходити шлях від нуля до одиниці. Так команди бізнесів фокусуються на продукті — а 10+ команд в складі Platform закривають функції Legal, Finance, HR, Admin, Talent Acquisition, Employer Branding, IT та інші.Нетворк та обмін досвідом як частина культури. Серед наших колег — кофаундери, які запустили не один бізнес, а також найсильніші спеціалісти на ринку. Тож ми маємо доступ до необхідної експертизи на відстані витягнутої руки.Ексклюзивна доменна освіта. Ми створили власні навчальні програми для тіммейтів на вибір — від 2-місячної школи для менеджерів-початківців до інтенсивів про AI та професійних клубів з розробки, продакт-менеджменту тощо.Вплив на системну допомогу Україні. Маємо благодійний фонд SKELAR foundation, який створили самі скеларівці — і завдяки кожному співробітнику втілюємо важливі соціальні проєкти. Наприклад, заснували перший у Європі акселератор для ветеранів і формуємо майданчик для підтримки ветеранів на рівні держави.Екосистема для продуктивної роботи. Для скеларівців створені простори, які надихають на результат — з власним спортзалом, скеледромом, зеленими зонами Bali та бібліотеками. У спейсах, де сервіс, безпека та комфорт синхронізовані з темпом зростання команд, отримуємо вау-досвід та працюємо ефективніше.Турбота про щоденний комфорт. Сніданки, обіди, доступ до спортивних тренувань в Києві або часткова компенсація занять у Варшаві, медичне страхування, оплачувані відрядження, якщо специфіка ролі передбачає такі поїздки, корпоративні знижки від партнерів.
Більше розповімо на нашій зустрічі-знайомстві.Запрошуємо будувати the next big everything у SKELAR разом!
",SKELAR,Degree
36,"Рекрутер / Recruitment Consultant (досвід не обов’язковий) no base salary, only %",https://jobs.dou.ua/companies/bhp-int/vacancies/359844/?from=first-job,"
Рекрутер / Recruitment Consultant (досвід не обов’язковий)Ми — рекрутингова компанія, що працює з великими українськими та міжнародними клієнтами переважно в IT-секторі. Шукаємо енергійного колегу, який хоче розвиватися у сфері підбору персоналу.Зверніть увагу, що дана роль без базової заробітної плати, лише бонусна винагорода. Розмір бонусу становить 20% від вартості рекрутинг проекту, який ви закриваєте успішним кандидатом, а середній розмір рекрутинг проекту 15,000 USD, відповідно, закриваючи 1 вакансію на місяць, ваш дохід становить 3000 USD. Такий варіант співраці ідеально підійде тим, хто вже має часткову зайнятість. Що ми пропонуємо:Дуже високі бонуси за результатРоботу з різноманітними індустріями та цікавими людьмиРеальний розвиток навичок — комунікації, продажів, аналітикиДинамічне середовище без нудної рутиниЧим ти будеш займатися:Прямий пошук кандидатів (LinkedIn, бази, headhunting)Презентація вакансій по телефону та в LinkedInПроведення телефонних інтерв’ю та зустрічей у Google MeetНаписання звітів за результатами співбесідОрганізація інтерв’ю між кандидатами та компаніями-замовникамиКомунікація з клієнтами щодо ходу пошукуЩо нам важливо:Відмінні комунікативні навички та вміння переконуватиПроактивність — ти не чекаєш, а дієшАнглійська на рівні Upper-Intermediate і вищеГнучкість, активність і почуття гумору
",BHP Int. Talent Search Solutions,English
37,Trainee / Junior PPC Specialist (FORMA),https://jobs.dou.ua/companies/universe/vacancies/355647/?from=first-job,"
Привіт!Хочеш розпочати кар’єру в продуктовому маркетингу і вже робиш перші кроки? Ми готові тебе всьому навчити, якщо ТИ:Любиш працювати з цифрами, аналізувати та розбиратись, як щось працює насправді.Якщо ти по життю активний, проактивний і звик не чекати вказівок, а одразу шукаєш рішення самостійно.Якщо ти цілеспрямований і готовий вкладатися більше, щоб швидше рости — робити extra mile для результату.Хочеш в маркетинг і розумієш чому тебе драйвить цей напрям.Неймовірно цілеспрямований і маєш кейси, які це підтверджують.Якщо КОЖЕН пункт про ТЕБЕ — ти маєш унікальну можливість значно підвищити свої шанси та отримати job-оффер за рахунок виконання тестового завдання. Завдяки цьому ми зможемо подивитись на те, як ти мислиш і підходиш до задач, а ти зможеш оцінити свої сили, отримати фідбек і запрошення на знайомство з нами(у разі вірного результату ТЗ), яке наближає тебе до омріяного джоб-офферу!Скільки часу очікувати фідбек по ТЗ? Ми перевіряємо тестове протягом тижня та обов’язково повертаємось із фідбеком.Якщо тестове виконано добре, що далі? Далі на тебе чекатимуть: спілкування з рекрутером, інтерв’ю з майбутнім менеджером та фінальна зустріч із СЕО FORMA.Що ти отримаєш після job-офферу?Ти працюватимеш з досвідченим керівником, який передасть тобі свої знання. Дмитро — Head of Marketing у FORMA. Має 12+ років досвіду в маркетингу, керував маркетингом в 500+ бізнесах протягом 7 років в агенціях та 10+ бізнесів за 5 років в продуктовому IT.Досвід, який ти отримаєш у нашій команді дозволить за рік (або швидше) вирости до Middle+ рівня і активно будувати свою кар’єру далі.Ти з першого дня працюватимеш із міжнародними ринками від США до Японії, та від Latam до Африки та з великими бюджетами.Продукт з яким ти працюватимеш FORMA — мультипродуктова компанія, що створює SaaS рішення для роботи з документами. Наш флагман PDF.Guru.Досягнення:Понад 35 млн завантажених користувачами файлів за 2025 рік.Понад 50 інструментів по роботі з документами.Продуктами компанії активно користуються із більше ніж 150 країн світу.А якщо ти хочеш дізнатися, що для нас означає «бути в FORMA» — переглянь відео про команду, аби відчути наш темп і атмосферу!Чим ти будеш займатися, працюючи з нами:Запускати та оптимізовувати рекламні кампанії у Google Ads та Bing: налаштовувати таргетинг, стежити за бюджетами, тестувати гіпотези.Працювати з семантикою та оголошеннями: підбирати ключові слова, створювати тексти, адаптувати їх під різні ринки.Локалізовувати кампанії на інші мови та країни, забезпечуючи релевантність для локальних аудиторій.Використовувати аналітику (Tableau, Amplitude, Google Analytics): відстежувати результати кампаній, будувати базове розуміння unit-економіки.Робити конкурентний ресерч: аналізувати ринок і підходи конкурентів, пропонувати нові гіпотези.Тісно співпрацювати з продуктовою та аналітичною командами, щоб правильно визначати пріоритети і досягати бізнес-цілей.Розвивати власну експертизу: швидко навчатися у колег, вбирати практики перформанс-маркетингу та рухатися до рівня Middle.Ми очікуємо, що ти:Маєш практичний досвід роботи з аналітикою даних — у навчанні, на стажуванні чи попередніх проєктах.Володієш англійською на рівні Intermediate+ (читати/писати документацію, аналізувати іноземні джерела).Маєш аналітичний склад розуму та критичне мислення — любиш копатися в цифрах і робити висновки.Вмієш швидко вчитися та адаптуватися, цікавишся новими інструментами й підходами.Готовий брати на себе відповідальність за результат і рости разом із продуктом.Буде плюсом, якщо ти:Маєш досвід роботи з Google Ads, Bing, Meta чи іншими рекламними платформами.Маєш аналітичний бекграунд (консалтинг, фінанси, маркетинг чи продуктова аналітика).Вже пробував AI-інструменти у роботі чи навчанні.Знаєш, як користуватися Ahrefs, Semrush, Serpstat або SimilarWeb.Маєш сильні знання Excel (формули, зведені таблиці, базова автоматизація).Universe Group будує tech-бізнеси, перетворюючи ідеї на глобальні продукти. До групи входять три компанії: Guru Apps, FORMA та Wisey. Наші продукти об’єднують понад 400 мільйонів користувачів зі 186 країн світу, спрощуючи буденність і створюючи нові можливості для розвитку. Universe Group також розвиває нові бізнеси, що будуть частиною глобального технологічного ринку.Що ми пропонуємо:📍Офісний формат роботи з одним віддаленим днем на тиждень — аll-inclusive офіс у Києві: у нас є все для твоєї комфортної роботи, а саме: сніданки, обіди, доріжки для ходіння, silent room для фокуса уваги — це далеко не все, що чекає на тебе в нашому спейсі. Ближче познайомитися з офісом можна переглянувши це відео або прочитавши статтю.🔝Розвиток та навчання — твій ріст визначає успіх команди. Внутрішні тренінги та кращі експерти з України та світу допоможуть швидко прокачати навички.↗️Кар’єрне зростання — у нас культура швидкого розвитку: до 10 менеджерів щороку отримують підвищення. Все залежить від твого бажання та результатів.🧳Релокаційний пакет — комфортний переїзд до Києва з фінансовою підтримкою, допомогою рієлторів та адаптацією в новому місті.🤜🏻🤛🏻Один із кращих соцпакетів — винагорода відповідає запитам ринку, 20 днів оплачуваного відпочинку, співпраця через ФОП або Дія.City, оплачувані лікарняні та медстрахування.💛Well-being program — ми турбуємося про ментальне здоровʼя команди, тому компенсуємо роботу з психологом, а також проводимо класи з йоги та медитації в офісі.🇺🇦Підтримка під час війни — безпека та стабільність для тебе та твоїх рідних. Забезпечуємо всім необхідним для безперебійної роботи та долучаємось до ініціатив із відновлення України.Залиш своє резюме і зроби крок назустріч новим можливостям!Ставай частиною нашого Всесвіту.InstagramFacebookLinkedin
",Universe Group,English
38,Junior Creative Marketing Specialist (Wisey),https://jobs.dou.ua/companies/universe/vacancies/318835/?from=first-job,"
Привіт! Шукаємо Junior / Trainee Creative Marketing Specialist, який(а) хоче швидко вирости в одному з найсильніших напрямків продуктового маркетингу — креативному маркетингу.Сьогодні ринок змінився: креатив став ключовим драйвером росту продуктів, а не просто «доповненням до маркетингу». У більшості продуктових компаній саме креативи визначають чи буде кампанія прибутковою, наскільки швидко масштабується продукт і скільки мільйонів доларів він згенерує!Через це Креативний маркетинг сьогодні:Одна з найдефіцитніших ролей на ринку.Перехід від trainee до middle займає ~6—12 місяців, до team lead можна вирости за 1,5 роки.У багатьох продуктових ІТ-компаніях саме креативники стають найшвидше зростаючою групою по грейдах і компенсації.Поєднання аналітики, трендів і відчуття контенту.І хороша новина: в нього реально зайти без прямого досвіду, якщо є смак, цікавість і бажання швидко вчитись.Тож хапай можливість:зайти в професію, яка прямо зараз формується і росте швидше за інші напрямки маркетингу;вирости до сильного спеціаліста з постійною підтримкою ментора;будувати карʼєру в одному з найвисокооплачуваніших напрямків у продуктовому ІТ.Продукт з яким ти працюватимеш:Wisey — бізнес Universe Group, який будує сервіс для покращення персональної продуктивності користувачів з усього світу. Вже понад 4 млн користувачів долучились до платформи, яка містить унікальний контент та механіки, що присвячені боротьбі з прокрастинацією, підвищенню продуктивності, концентрації уваги, розвитку пам’яті, логіки, взаємин, психології та інших тем.Знайомся з Назаром, Creative Team Lead в команді Wisey. У Назара понад 8 років досвіду в маркетингу. За майже 3 роки в команді Wisey Назар встиг попрацювати та стати лідом платної закупки трафіку в соціальних мережах і зараз очолює креативну команду, що складається з 18 спеціалістів (7 Creative Marketing Manager’ів та 11 дизайнерів).👉 До речі, рекомендуємо також почитати за посиланням корисну статтю від Назара про наш шлях і колонку від CEO Wisey.Ти будеш відповідати за повний цикл створення креативів: гіпотеза → креатив → тест → аналіз → нова гіпотезадослідження аудиторій, болей і ринкугенерація гіпотезпостановка ТЗ дизайнераманаліз результатів і масштабування працюючих рішеньТвої майбутні задачі:Створювати креативні концепції для Meta та TikTokАналізувати ринок, конкурентів і трендиФормувати ТЗ на відео та статичні креативиАналізувати ефективність (що «зайшло», а що ні)Генерувати нові гіпотези та підходиПрацювати з AI-інструментами для створення та оптимізації креативівМи шукаємо людину, яка:Має сильну мотивацію працювати та розвиватись в креативному маркетингуВміє мислити структурно (через аудиторії, інсайти, логіку)Не боїться фейлів і готова працювати в середовищі постійних тестівБере ownership за задачі та доводить їх до результатуШвидко навчається і проактивно шукає рішенняАнглійська Upper-Intermediate (B2+) або вище➕ Буде плюсом:Досвід у маркетингу / контенті / рекламіДосвід в рекламних агентствахБазове розуміння performance-маркетингуUniverse Group будує tech-бізнеси, перетворюючи ідеї на глобальні продукти. До групи входять три компанії: Guru Apps, FORMA та Wisey. Їхні продукти об’єднують понад 400 мільйонів користувачів зі 186 країн світу, спрощуючи буденність і створюючи нові можливості для розвитку. Universe Group також розвиває нові бізнеси, що будуть частиною глобального технологічного ринку.Що ми пропонуємо:Office first формат роботи — аll-inclusive офіс у Києві: у нас є все для твоєї комфортної роботи, а саме: сніданки, обіди, доріжки для ходіння, silent room для фокуса уваги — це далеко не все, що чекає на тебе в нашому спейсі. Ближче познайомитися з офісом можна переглянувши це відео або прочитавши статтю.Розвиток та навчання — твій ріст визначає успіх команди. Внутрішні тренінги та кращі експерти з України та світу допоможуть швидко прокачати навички.Кар’єрне зростання — у нас культура швидкого розвитку: до 10 менеджерів щороку отримують підвищення. Все залежить від твого бажання та результатів.Релокаційний пакет — комфортний переїзд до Києва або Варшави з фінансовою підтримкою, допомогою рієлторів та адаптацією в новому місті.Один із кращих соцпакетів — винагорода відповідає запитам ринку, 20 днів оплачуваного відпочинку, співпраця через ФОП або Дія.City, оплачувані лікарняні та медстрахування.Well-being program — ми турбуємося про ментальне здоровʼя команди, тому компенсуємо роботу з психологом, а також проводимо класи з йоги та медитації в офісі.Підтримка під час війни — безпека та стабільність для тебе та твоїх рідних. Забезпечуємо всім необхідним для безперебійної роботи та долучаємось до ініціатив із відновлення України.Важливо: перші 1.5 місяці можливий ремоут формат, надалі робота в нашому офісі у Києві🧡Залиш своє резюме і зроби крок назустріч новим можливостям!Ставай частиною нашого Всесвіту.InstagramFacebookLinkedin
",Universe Group,English
39,Creative Marketing Paid Internship (Ruut),https://jobs.dou.ua/companies/universe/vacancies/337131/?from=first-job,"
Привіт! 👋Ми в Ruut запускаємо оплачуване 3-місячне Creative Marketing Internship — можливість зануритись у performance-маркетинг і створення креативів, які масштабуються на глобальні ринки.Що таке Ruut?Це цифровий коуч, який допомагає людям стабільно тренуватись і відновлюватись, приймаючи щоденні рішення на основі даних. Ми поєднуємо персональні бігові плани, контент про якісне відновлення та аналітику, зменшуючи ризик травм і хаотичного тренінгу. Продукт — симбіоз Whoop × Runna, з фокусом на довгострокову форму та здоров’я.Ми — early stage, швидкий стартап з Tier-1 англомовною аудиторією.Про наш traction:запуск продукту — липень 2025загальний ріст за 6 місяців — x45юніт-економіку знайшли на другому тижніодин із найшвидше зростаючих бізнесів в екосистеміЗа три місяці в рамках Creative Marketing Internship в тебе буде можливість побачити зсередини як працює команда Ruut та зануритись в теоретичний та практичний процес створення креативів з нуля для різних каналів трафіку.Після стажування у тебе буде комерційний досвід роботи зі країнами Tier 1 регіону, який ти зможеш внести до свого CV та можливість потрапити до команди після успішного проходження.Стажування буде цікавим якщо ти:Студент(-ка) топового університету або маєш сильний академічний бекграунд.Любиш створювати контент і слідкуєш за трендами.Хочеш швидко рости і вчитись.Буде плюсом:Проходив(-ла) курси з маркетингу / дизайну / креативу.Маєш досвід у маркетингу (SMM, бренд, сценарії тощо).Ключові вимоги до кандидатів:Рівень англійської — Upper-Intermediate (B2) або вище.Системне та структурне мислення.Самостійність і готовність брати відповідальність за результат.Відкритість до нових викликів і швидкого навчання.Розвинена емпатія та розуміння аудиторії.Активний користувач TikTok / соцмереж із розумінням трендів і форматів контенту.Твої задачі під час стажування:Генерувати ідеї для креативів, які залучають нових користувачів через performance-канали (TikTok, Meta та інші).Аналізувати існуючі креативи: що працює / не працює, які меседжі «чіпляють», які формати варто відсікати.Готувати чіткі брифи для дизайнерів та продакшену (структура відео, ключові меседжі, референси, хук).Тісно працювати з командами Design, User Acquisition та Growth, щоб швидко запускати й масштабувати переможні зв’язки «аудиторія — меседж — креатив».Вивчати поведінку та мотивацію нашої аудиторії, перетворюючи інсайти на конкретні креативні рішення.Активно стежити за трендами в ніші, TikTok / Reels, конкурентами, щоб креативи були сучасними та релевантними.Формулювати, перевіряти та оцінювати креативні гіпотези — і швидко ітеруватися на основі результатів тестів.Про Universe Group:Universe Group будує tech-бізнеси, перетворюючи ідеї на глобальні продукти. До групи входять три компанії: Guru Apps, FORMA та Wisey. Їхні продукти об’єднують понад 400 мільйонів користувачів зі 186 країн світу, спрощуючи буденність і створюючи нові можливості для розвитку. Universe Group також розвиває нові бізнеси, що будуть частиною глобального технологічного ринку.Що ми пропонуємо:Оплачуване 3-місячне стажування в одному з наших офісів у Києві або Варшаві. Познайомитись з нашим офісом в Києві можна за посиланням.Досвід у performance-маркетингу в швидкозростаючому стартапі з фокусом на Tier-1 ринки.Роботу над реальними бізнес-задачами, які напряму впливають на продукт і є драйверами зростання.Менторство від досвідчених спеціалістів і регулярний фідбек для швидкого професійного розвитку.Можливість отримати офер у команду після успішного проходження стажування.Швидке зростання всередині команди для тих, хто показує результат і бере відповідальність.Наш процес: Надсилай свою заявку, щоб підтвердити твоє бажання стати учасником стажування.Поділись своїм резюме та відповіддю на питання.Запиши короткі відео відповіді.Виконай тестове завдання.Пройти співбесіду з Head of Marketing тривалістю до 45 хвилин.Юхуу ти учасник(ця) стажування.Надсилай своє резюме та зроби крок на зустріч новим можливостям!InstagramFacebookLinkedin
",Universe Group,English
40,Junior Assistant Project Manager з фокусом на Information Security,https://jobs.dou.ua/companies/w8-shippiing/vacancies/359778/?from=first-job,"
W8 Shipping — американсько-українська компанія з власною логістичною інфраструктурою, складами, офісами та командою у США. Місія компанії W8 Shipping — надавати відмінний сервіс з купівлі та доставки автомобілів з США. Ми хочемо аби якісні автомобілі з США були нормою для українців. Тому працюємо згідно чіткого та вимогливого Американського стандарту. Ми шукаємо проактивного та уважного до деталей Assistant Project Manager, який допомагатиме Project Manager та Product Manager у щоденній роботі, а також стане важливою частиною формування та впровадження процесів інформаційної безпеки в компанії. Ця роль ідеально підійде молодому спеціалісту, який хоче розвиватися на перетині project management, digital products та information security, брати участь у створенні нових підходів, політик і внутрішніх стандартів з нуля.  Ви будете багато взаємодіяти з керівниками напрямів, навчальним центром та командою підтримки, допомагаючи компанії вибудовувати зрілі та безпечні процеси. Основні обов’язки: Project & Product Support-Допомога Project Manager та Product Manager у дослідженнях, плануванні, документації та координації задач-Підтримка комунікації між командами та стейкхолдерами-Організація та контроль невеликих внутрішніх процесів, фоллоуап задачSupport & Operations-Участь у support-процесах (внутр та зовнішн): комунікація з клієнтами, обробка запитів-Ведення структурованих звітів-Контроль сервісних підписок, своєчасних оплат та витрат ресурсів команди, планування, бюджетування, звіти-Підтримка та регулярне оновлення внутрішньої Knowledge BaseInformation Security-Участь у розробці підходів до інформаційної безпеки, внутрішніх політик та процедур-Допомога у впровадженні політик з інформаційної безпеки в операційні та продуктові процеси-Участь в ідентифікації ризикових зон (процеси, доступи, дані, взаємодія з підрядниками)-Документування вимог, правил та стандартів з ІБ (policies, guidelines, checklists)-Взаємодія з керівниками команд для узгодження та впровадження security-практик-Співпраця з навчальним центром-допомога у створенні навчальних матеріалів з інформаційної безпеки-участь у впровадженні програм для співробітників Вимоги: -Вища освіта (пріоритет — інформаційна безпека, кібербезпека, ІТ, системний аналіз; також можливі бізнес/економіка за наявності досвіду в ІБ)-Досвід роботи в напрямі інформаційної безпеки від 1 року (GRC, security operations, compliance, internal policies, risk management тощо) — у пріоритеті-Розуміння базових принципів інформаційної безпеки, ризик-менеджменту та внутрішніх контролів-Англійська мова — Intermediate (письмова та усна)-Впевнене володіння Google Sheets (формули, зведені таблиці, структурований трекінг)-Висока уважність до деталей, системність та організованість-Аналітичне мислення та вміння працювати з кількома задачами паралельно-Інтерес до digital-продуктів та процесного підходу-Готовність працювати з AI-інструментами та впроваджувати нові підходи Буде перевагою: -Досвід роботи з Miro або подібними колабораційними інструментами-Досвід роботи з таск-трекерами (Jira, Trello, Asana)-Розуміння стандартів або фреймворків (ISO 27001, SOC 2, NIST — навіть на базовому рівні) Ми пропонуємо: -Участь у формуванні нових процесів інформаційної безпеки в компанії-Реальний вплив на продуктові та операційні процеси-Тісну взаємодію з керівниками, навчальним центром та різними командами-Практичний досвід роботи з міжнародними продуктами та клієнтами-Кар’єрний ріст у напрямі Project / Product / Information Security Management
",W8 Shipping,"Git,English,Degree"
41,Оператор НРК,https://jobs.dou.ua/companies/7-korpus-dsv/vacancies/350243/?from=first-job,"
Привіт! Ми — 7 корпус швидкого реагування Десантно-штурмових військ ЗС України, поєднуємо мужність воїнів із найсучаснішими технологіями, створюючи справжній технодесант. Якщо ти хочеш бути частиною еліти, яка стоїть на захисті країни, працює з інноваційними системами та постійно розвивається — ця можливість для тебе.Ми шукаємо Оператора НРК, який відповідатиме за:Керування та моніторинг наземних роботизованих комплексів у реальному часі;Забезпечення ефективної взаємодії між технікою та бойовими підрозділами;Виконання тактичних завдань з використанням роботизованих платформ;Технічне обслуговування та контроль стану обладнання під час операцій;Швидке прийняття рішень у динамічних бойових умовах та адаптація до змін на полі бою.Для успішної роботи на цій посаді тобі потрібно мати:Вищу освіту та досвід роботи не менше 2 років, бажано у сфері робототехніки, безпілотних систем або військових технологій;Вміння працювати з сучасними технологічними комплексами, розуміння принципів їх функціонування;Високу ступінь відповідальності, стресостійкість і здатність швидко приймати рішення;Бажання навчатися, розвиватися і бути частиною інноваційного підрозділу;Готовність служити по всій території України та працювати у повній зайнятості.Що ми пропонуємо:Можливість служити у передовому підрозділі, який активно впроваджує інновації та технології у військовій справі;Професійну підтримку та безперервне навчання з використанням найновіших технологічних рішень;Унікальний бойовий досвід та роботу в атмосфері справжнього братерства і довіри;Справедливе ставлення, підтримку команди та можливість особистого та професійного зростання;Внесок у захист суверенітету України, служіння у підрозділі, який формує майбутнє нашої армії.Мобілізація до кінця воєнного стану або служба за контрактом.Можливість переведення чинних військовослужбовців за згодою безпосереднього командира.
",7 Корпус Швидкого Реагування Десантно-штурмових військ,not found
42,Оператор FPV-дрона,https://jobs.dou.ua/companies/7-korpus-dsv/vacancies/350242/?from=first-job,"
Привіт! Ми — 7 корпус швидкого реагування Десантно-штурмових військ Збройних Сил України, команда професіоналів і інноваторів, які поєднують мужність із найсучаснішими технологіями ведення бою. Якщо ти хочеш бути частиною справжньої еліти, працювати з передовими безпілотними системами і робити внесок у захист нашої країни — ця вакансія саме для тебе.Ми шукаємо оператора FPV-дрона, який вміє працювати швидко, точно і відповідально, використовуючи сучасні технології для виконання бойових завдань у реальному часі.Що входитиме до твоїх обов’язків:Управління FPV-дронами під час бойових операцій та розвідувальних завдань.Виконання автономних місій із збору розвідувальної інформації.Підтримка підрозділів корпусу за допомогою оперативного виявлення цілей і контролю ситуації.Технічне обслуговування та налаштування безпілотних систем для забезпечення їх надійної роботи.Співпраця з командуванням для планування та коригування завдань у режимі реального часу.Ти ідеально підходиш на цю посаду, якщо:Маєш вищу освіту та досвід роботи з безпілотними літальними апаратами або технікою не менше 2 років.Впевнено володієш навичками управління FPV-дронами, розумієш принципи їх роботи та технічного обслуговування.Вмієш швидко приймати рішення в стресових ситуаціях і працювати в команді.Цікавишся сучасними технологіями, готовий навчатися й впроваджувати інновації.Прагнеш служити Україні та долучитися до бойового братерства з високим бойовим духом.Що пропонуємо ми:Можливість бути частиною інноваційного технодесантного корпусу, який задає нові стандарти у військовій справі.Роботу з передовими технологіями, що реально впливають на хід бойових операцій.Стабільність і підтримку в рамках Збройних Сил України.Постійне професійне навчання та розвиток у сфері сучасних бойових систем.Атмосферу довіри, підтримки і справжнього братерства серед однодумців.Участь у захисті нашої держави, де твій внесок дійсно важливий.Мобілізація до кінця воєнного стану або служба за контрактом.Можливість переведення чинних військовослужбовців за згодою безпосереднього командира.
",7 Корпус Швидкого Реагування Десантно-штурмових військ,not found
43,UX Researcher — Liven (evening shift),https://jobs.dou.ua/companies/skelar/vacancies/347844/?from=first-job,"
Що варто знати про SKELAR? Це венчур-білдер — іншими словами, компанія, яка будує компанії. З нами фаундери створюють consumer-бізнеси, які стають лідерами на глобальних ринках EdTech, Mental health, Petcare, FashionTech та інших.Скеларівці будують tech-продукти, які здобувають відзнаки від Product Hunt, The Webby Awards та отримують тисячі позитивних відгуків на TrustPilot. Загалом tech-продуктами наших бізнесів користуються 10+ млн людей у світі. Усе завдяки сильним командам, бо наші спеціалісти — це ключова цінність SKELAR.Для професійної реалізації ми створили середовище з експертизою та необмеженими можливостями — і шукаємо тих, хто прагне викликів.Liven — продуктова компанія, що створює digital-продукти для покращення якості життя користувачів у всьому світі. Ми будуємо продукти, які допомагають людям краще розуміти себе, формувати здорові звички та досягати особистих змін через технології та науково обґрунтовані підходи.UX Research команда допомагає продукту приймати рішення на основі реальних інсайтів користувачів, а не припущень. Ми масштабуємо дослідницьку функцію та шукаємо двох UX Researchers — це можливість для тих, хто хоче перейти в IT і побудувати карʼєру в UX Research.Важливо! Через потребу частої комунікації з користувачами ця роль має зміщений графік — з 15:00 до 23:00 2 дні на тиждень .Які виклики чекають:— Долучитися до повного циклу UX-досліджень під менторством Lead UX Researcher — від формування дослідницьких питань до презентації інсайтів продуктовим командам;— Допомагати планувати та проводити якісні дослідження: інтерв’ю з користувачами, usability testing, concept testing, discovery-дослідження;— Працювати з кількісними даними: аналізувати результати опитувань, поведінкові метрики та продуктові дані разом із аналітиками;— Перетворювати сирі дані на структуровані інсайти та рекомендації для продукту;— Проводити desk research і конкурентний аналіз для пошуку нових можливостей розвитку продукту;— Вчитися формулювати дослідницькі гіпотези та допомагати продуктовим командам перевіряти їх через дослідження;— Швидко занурюватися у нові домени, розбиратися у поведінці користувачів і задавати правильні питання;— Розвивати власну дослідницьку експертизу через практику, фідбек і постійне навчання.Що для нас важливо:Обовʼязково:— Англійська мова на рівні C1 або вище (усна та письмова — більшість досліджень і комунікації відбувається англійською);— Сильне критичне та аналітичне мислення: вміння ставити під сумнів припущення й знаходити причинно-наслідкові зв’язки;— Здатність працювати з великими обсягами інформації та структурувати її;— Інтерес до людської поведінки, мотивацій і прийняття рішень;— Готовність швидко навчатися, приймати фідбек і постійно розвиватися;— Вміння чітко формулювати думки та аргументувати висновки.Буде перевагою:— Досвід у будь-яких видах досліджень (соціологічних, психологічних, академічних, маркетингових тощо);— Досвід роботи з кількісними даними, аналітикою або статистикою;— Досвід у маркетингу, маркетингових дослідженнях або дослідницьких агенціях;— Освіта у сфері соціології, психології, економіки або суміжних дисциплін;— Розуміння базових принципів UX, продуктового підходу або customer experience;— Досвід switch-to-IT або самостійного освоєння нової професійної сфери.Досі на Day 1: в постійній експедиціїМи досягли масштабів, якими пишаємося, але всередині зберігаємо азарт першого робочого дня — продовжуємо ставити питання, тестувати гіпотези та адаптуватися до нових контекстів. Якщо тебе також драйвлять нові виклики і хочеш підсилювати команду власним баченням — чекаємо на твій відгук.Працевлаштуй свою допитливість в Liven 🔎У SKELAR ми побудували середовище для професійної самореалізації:— SKELAR Platform. Це операційне ядро венчур-білдера, що допомагає фаундерам швидше проходити шлях від нуля до одиниці. Так команди бізнесів фокусуються на продукті — а 10+ команд в складі Platform закривають функції Legal, Finance, HR, Admin, Talent Acquisition, Employer Branding, IT та інші.— Нетворк та обмін досвідом як частина культури. Серед наших колег — кофаундери, які запустили не один бізнес, а також найсильніші спеціалісти на ринку. Тож ми маємо доступ до необхідної експертизи на відстані витягнутої руки.— Ексклюзивна доменна освіта. Ми створили власні навчальні програми для тіммейтів на вибір — від 2-місячної школи для менеджерів-початківців до інтенсивів про AI та професійних клубів з розробки, продакт-менеджменту тощо.— Вплив на системну допомогу Україні. Маємо благодійний фонд SKELAR foundation, який створили самі скеларівці — і завдяки кожному співробітнику втілюємо важливі соціальні проєкти. Наприклад, заснували перший у Європі акселератор для ветеранів і формуємо майданчик для підтримки ветеранів на рівні держави.— Екосистема для продуктивної роботи. Для скеларівців створені простори, які надихають на результат — з власним спортзалом, скеледромом, зеленими зонами Bali та бібліотеками. У спейсах, де сервіс, безпека та комфорт синхронізовані з темпом зростання команд, отримуємо вау-досвід та працюємо ефективніше.— Турбота про щоденний комфорт. Сніданки, обіди, доступ до спортивних тренувань в Києві або часткова компенсація занять у Варшаві, медичне страхування, оплачувані відрядження, якщо специфіка ролі передбачає такі поїздки, корпоративні знижки від партнерів. Більше розповімо на нашій зустрічі-знайомстві. Запрошуємо будувати the next big everything у SKELAR разом!
",SKELAR,"Git,Degree"
44,Зв’язківець (ІТ напрям),https://jobs.dou.ua/companies/achilles_429brigade/vacancies/297552/?from=first-job,"
ОБОВ’ЯЗКИналаштування та контроль мережевого обладнаннявзаємодія з командою для забезпечення оптимальної функціональності та надійності мережрозв’язання проблем пов’язаних зі зв’язком між програмним забезпеченням та обладнаннямзабезпечення документації та звітностіВИМОГИосвіта за спеціальністю ІТ (бажано, але не обов’язково)досвід роботи системним адміністратором та в галузі інтернет мережрозуміння мережевих технологійготовність працювати в зоні активних бойових дійУМОВИмобілізація до кінця воєнного стану або служба за контрактомможливість переведення чинних військовослужбовців за згодою безпосереднього командирагрошове забезпечення згідно з нормами чинного законодавствапроходження кваліфікованого навчання
",429 окрема бригада безпілотних систем «АХІЛЛЕС»,Degree
45,Оператор РЕБ/РЕР З Виявлення Та Протидії Бпла,https://jobs.dou.ua/companies/achilles_429brigade/vacancies/297587/?from=first-job,"
ОБОВ’ЯЗКИробота з ПКкомунікація з підрозділамизбір та обробка даних, формування звітівробота з документамиВИМОГИздатність навчатисявідповідальність та уважністьвпевнені навички користування комп’ютеромвідсутність шкідливих звичок (алкогольна, наркотична, ігрова залежність тощо)бажання вчитися, розвиватися й працювати в колективіУМОВИмобілізація до кінця воєнного стану або служба за контрактомгрошове забезпечення від 50 000 до 120 000 гривеньпередбачене тренування та навчання
",429 окрема бригада безпілотних систем «АХІЛЛЕС»,not found
46,Full Stack Engineering Internship (Node.js/Java + React),https://jobs.dou.ua/companies/stellarstech/vacancies/359693/?from=first-job,"
Full-Stack & AI-Oriented TrackWe are opening applications for an internship program for those early in their careers who want to grow as full-stack developers, gain hands-on experience with modern technologies, and learn how AI tools are applied in software development.The program combines structured learning with practical tasks. Participants start by working on guided training assignments and gradually move to contributing to real project development in a production-like environment.🔧 Internship TracksNode.js + ReactJava + ReactChoose the track that best matches your current skills and interests.💡 What you will do:work on training and guided tasks simulating real-world engineering scenarios;contribute to both frontend and backend parts of applications;build features following real product and engineering workflows;learn how to design and develop REST APIs and work with databases;explore how AI tools and APIs are used in modern software development;receive regular feedback and mentorship from experienced engineers;gradually participate in real product development cycles.🧠 What we are looking for:General requirements:finished programming courses;basic understanding of programming fundamentals (OOP, algorithms, data structures);experience with Git and version control basics;curiosity about modern technologies and AI tools;willingness to learn and grow;responsibility, consistency, and proactiveness;Bachelor Degree in Applied Mathematics, Computer Sciences, Information Security or related (may be incomplete);English level: B2. Node.js + React track:basic knowledge of JavaScript (ES6+);understanding of how the web works (browser, HTTP, client-server model);basic familiarity with React (components, props, state);understanding of asynchronous programming (Promises / async-await);nice to have: Node.js / Express, REST APIs.Java + React track:basic knowledge of Java;understanding of OOP principles (classes, inheritance, interfaces);basic familiarity with Spring (or theoretical understanding);basic knowledge of SQL;basic familiarity with React.➕ Nice to have:pet projects (GitHub);experience with any frameworks or libraries;basic understanding of REST APIs;interest in AI tools (ChatGPT, Copilot, etc.).🎯 What we offer:mentorship from experienced developers with structured support and guidance throughout your growth;hands-on experience with modern full-stack and AI-assisted development;opportunity for full-time employment after the internship;feedback-driven learning environment focused on real growth;close collaboration with a supportive engineering team.
",StellarsTech,"SQL,Git,Degree"
47,Радіотелефоніст,https://jobs.dou.ua/companies/okrema-prezidentska-brigada-imeni-getmana-bogdana-hmelnitskogo/vacancies/263796/?from=first-job,"
Окрема президентська бригада імені гетьмана Богдана Хмельницького — військова частина у складі Сухопутних Військ Збройних Сил України. Підрозділ з перших днів захищає Київ і стійко тримає оборону на найбільш відповідальних напрямках на сході країни. Вакансія передбачає службу в артилерійському дивізіоні бригади. Якісний зв’язок — фундамент ефективного спілкування в підрозділі, основа вчасної передачі оперативної інформації, а отже й збереженого життя наших воїнів та стрімкої зміни цифр у ранкових зведеннях Генштабу ЗСУ. Якщо вас не лякають радіохвилі та частоти, якщо ви вмотивовані, уважні та швидкі — ця робота для вас! Якщо до цього ви ще й добре орієнтуєтеся на місцевості — жодних вагань, приєднуйтесь!Обов`язки:розгортання засобів зв’язку, підготовка їх до роботисвоєчасне надання розпоряджень, команди, сигналівпроведення технічної підтримки для захисту радіозасобів від радіоперешкоддіагностика технічного стану і справності засобів зв’язкууміння працювати в командіВимоги:вік від 18 роківтехнічна освіта буде перевагоюдосвід військової служби буде перевагоюпридатність до служби за станом здоров’я та моральними якостямизнання радіотелефонії та технічних аспектів роботи з радіозв’язком та спосіб організації військового зв’язку — буде перевагоювідповідальність, уважність та вміння працювати у стресових ситуаціяхуміння працювати в командінавички виконання спеціальних монтажних і ремонтних робіт — будуть перевагоювміння правильно використовувати необхідне обладнання, призначене для контролю різних засобів зв’язку — буде перевагоюготовність працювати в районах бойових дій (після відповідного навчання та злагодження)мотивація, бажання вчитися й удосконалювати навичкиуміння працювати в командібажання доєднатись до лав легендарної Окремої президентської бригади!Умови:мобілізація до кінця воєнного стану (бригада є пріоритетною) або служба за контрактомякісна базова військова підготовка, можливо за кордономякісна фахова підготовка, можливо за кордономпостійна внутрішня фахова підготовка та підвищення кваліфікаціїперспектива кар’єрного ростустабільне грошове забезпечення від 23 000 до 123 000 гривень залежно від завдань, ефективності та місця їхнього виконаннядодаткові грошові виплати та винагородибезоплатна медична допомога військовослужбовцям, санаторно-курортне лікуванняповне забезпечення — харчуванням, амуніцією та обладнаннямвмотивована команда, підтримка побратимів та адекватне керівництвоНадсилайте своє резюме тут або подавайте заявку на нашому сайті — opbr.army
",Окрема президентська бригада імені гетьмана Богдана Хмельницького,Degree
48,Зв’язківець,https://jobs.dou.ua/companies/okrema-prezidentska-brigada-imeni-getmana-bogdana-hmelnitskogo/vacancies/263794/?from=first-job,"
Окрема президентська бригада імені гетьмана Богдана Хмельницького — військова частина у складі Сухопутних Військ Збройних Сил України. Підрозділ з перших днів захищає Київ і стійко тримає оборону на найбільш відповідальних напрямках на сході країни. Вакансія передбачає службу в артилерійському дивізіоні бригади. Якісний зв’язок — фундамент ефективного спілкування в підрозділі, основа вчасної передачі оперативної інформації, а отже й збереженого життя наших воїнів та стрімкої зміни цифр у ранкових зведеннях Генштабу ЗСУ. Якщо вас не лякають радіохвилі та частоти, якщо ви вмотивовані, уважні та швидкі — ця робота для вас! Якщо до цього ви ще й добре орієнтуєтеся на місцевості — жодних вагань, приєднуйтесь!Основні обов‘язки: обслуговування засобів військового зв’язкувиконання бойових завдань у складі підрозділу, зокрема в зоні бойових дійзабезпечення безперебійної роботи систем зв’язкумоніторинг якості передачі сигналів між точками зв’язкуз’ясування причин і усунення несправностей приладів і ліній військового зв’язкуОбов‘язкові вимоги:вік від 18 роківдотримуватися військової дисциплінибажання вчитися та розвиватисяуважність, швидка реакція на зміни ситуаціїздатність взаємодіяти з побратимамимати базову фізичну підготовкувміння обслуговувати технікуУмови роботи:мобілізація до кінця воєнного стану (бригада є пріоритетною) або служба за контрактомякісна базова військова підготовка, можливо за кордономякісна фахова підготовка, можливо за кордономпостійна внутрішня фахова підготовка та підвищення кваліфікаціїперспектива кар’єрного ростустабільне грошове забезпечення від 20 000 до 120 000 гривень залежно від завдань, ефективності та місця їхнього виконаннядодаткові грошові виплати та винагородибезоплатна медична допомога військовослужбовцям, санаторно-курортне лікуванняповне забезпечення — харчуванням, амуніцією та обладнаннямвмотивована команда, підтримка побратимів та адекватне керівництвоНадсилайте своє резюме тут або подавайте заявку на нашому сайті — opbr.army
",Окрема президентська бригада імені гетьмана Богдана Хмельницького,not found
49,Складальник(-ця) електронних приладів,https://jobs.dou.ua/companies/oko-camera/vacancies/274417/?from=first-job,"
Привіт! Ми — «Око Камера», українська компанія, що розробляє та виготовляє тепловізійні камери для безпілотників, зокрема БпЛА, НРК, навігаційних систем, заснована у 2022 році. Наші камери перевірені в бою та активно використовуються на фронті для розвідки та цілевказання за поганої видимості або у складних погодних умовах.Наша місія — забезпечити українських виробників і військових ефективними тепловізійними технологіями для безпілотників. Ми розширюємо команду та шукаємо Складальника(-цю) електронних приладів.Ми вдячні ветеранам і ветеранкам за вашу службу Україні та будемо раді бачити вас у нашій команді.ВАШІ ЗАДАЧІ:Збірка тепловізійних приладів відповідно до інструкцій.МИ ШУКАЄМО ЛЮДИНУ З:Уважністю до деталей.Високою точністю та акуратністю при виконанні завдань.Зацікавленістю зробити якісний продукт.Вмінням ефективно працювати в команді та взаємодіяти з колегами.БУДЕ ПЕРЕВАГОЮ:Інженерно-технічна освіта.Вміння читати креслення, технічну документацію.ШЛЯХ У КОМАНДУ:Розгляд резюме → Співбесіда з рекрутером → Співбесіда з командою → Безпекова перевірка → Пропозиція співпраці 🎉ЧОМУ ВАРТО ПРАЦЮВАТИ З НАМИ:Зручний офіс в Києві: поряд метро, є укриття, паркувальні місця.Конкурентна зарплата, необхідна техніка.Бронювання.Офіційне працевлаштування, оплачувана відпустка та лікарняні (ветеран/кам з УБД — додаткова оплачувана відпустка 14 календарних днів).Компенсація навчання (курси, заходи, тренінги).Вмотивована команда, що посилює боєздатність України.Ми не просто частина змін — ми творимо їх щодня власноруч.Долучайся до нашої команди та сприяй технологічній перевазі України на полі бою.
",Око Камера,Degree
50,Hardware Engineer,https://jobs.dou.ua/companies/oko-camera/vacancies/303818/?from=first-job,"
Привіт! Ми «Око Камера» — українська компанія, що розробляє та виготовляє тепловізійні камери для безпілотників, зокрема БпЛА, НРК, навігаційних систем, заснована у 2022 році. Наші камери перевірені в бою та активно використовуються на фронті для розвідки та цілевказання за поганої видимості або у складних погодних умовах.Наша місія — забезпечити українських виробників і військових ефективними тепловізійними технологіями для безпілотників. Ми розширюємо команду та шукаємо Hardware Design Engineer, який своїм досвідом та експертизою допоможе створювати оборонні інновації в Україні.Ми вдячні ветеранам і ветеранкам за вашу службу Україні та будемо раді бачити вас у нашій команді.ВАШІ ЗАДАЧІ:Розробка схемотехніки приладів.Трасування друкованих плат.Підготовка проєктної документації.Тестування і пошук несправностей в лабораторних зразках.Підготовка до виробництва друкованих плат.МИ ШУКАЄМО ЛЮДИНУ З:Інженерно-технічною освітою.Досвідом роботи з розрахунку аналогової та цифрової схемотехніки.Професійним використанням САПР Altium Designer (або Cadence або Mentor).Досвідом з embedded systems (STM32, Raspberry, розуміння RTOS, SPI, I2C, UART, Ethernet, фізичних рівнів).Вмінням працювати з вимірювальною технікою (осцилограф, аналізатор спектра, логічний аналізатор) та паяльним обладнанням.ШЛЯХ У КОМАНДУ:Розгляд резюме → Співбесіда з рекрутером → Співбесіда з командою → Безпекова перевірка → Пропозиція співпраці 🎉ЧОМУ ВАРТО ПРАЦЮВАТИ З НАМИ:Зручний офіс в Києві: поряд метро, є укриття, паркувальні місця.Конкурентна зарплата та необхідна техніка.Бронювання.Офіційне працевлаштування, оплачувана відпустка та лікарняні (ветеран/кам з УБД — додаткова оплачувана відпустка 14 календарних днів).Компенсація навчання (курси, заходи, тренінги).Вмотивована команда, що посилює боєздатність України.Ми не просто частина змін — ми творимо їх щодня власноруч. Долучайся до нашої команди та сприяй технологічній перевазі України на полі бою!
",Око Камера,not found
51,Junior Sales / Lead Generation,https://jobs.dou.ua/companies/sysgears/vacancies/307740/?from=first-job,"
We are looking for a Trainee / Junior / Strong Junior Sales Manager aspiring to become a sales professional and ready to grow in Lead Generation and Full-Cycle Sales. You’ll work closely with a seasoned mentor, follow an internal training program, and benefit from established processes and strategies developed by the sales team.👉Requirements🔹Driven to grow in Lead Generation and Full-Cycle Sales🔹Upper-Intermediate English is a must (writing and speaking)🔹Advanced planning and critical thinking skills🔹Superb(!) interpersonal and communication skills🔹Proactive approach to solving tasks🔹Result-driven mindsetWill be a helpful 🔹Education or any experience in B2B Sales🔹General understanding of software development👉Responsibilities 🔹 Follow the individual training program and gradually grow in one of two directions — Lead Generation or Full-Cycle Sales🔹Generate leads using various channels (including resources like Upwork and LinkedIn)🔹Develop relations with potential clients to find how we can help them achieve their goals🔹Work with team managers to develop the best-selling strategy for every team and domain🔹Research and employ new channels and strategies as a part of sales department effort🔹Learn from technology experts, contribute to selling points and proof-of-expertise materials🔹Work on completing all milestones on your path to becoming an expert in your chosen direction🔹Break and improve the process when it is necessary and be your best self! ;)👉We offer🔹Individual mentoring, sharing knowledge to polish your skills and support your growth in either Lead Generation or Full-Cycle Sales🔹Opportunity to work with potential clients from the US, EU, UK, Canadian and Australian markets🔹Cutting-edge sales workflow and processes focused on continuous improvement and innovation🔹Open environment and support that facilitates professional freedom and growth🔹Compensation that scales with your skills and experience👉Benefits We offer several benefits for the team members to improve their quality of life and help with achieving professional development goals. Professional🔹Compensation for professional certifications, courses, IT conferences, and events🔹Individual and group English classes with native-speaking teachers from US & UKQuality of life🔹Our processes are tailored to enable remote work and flexible work schedule🔹You can choose from a selection of hardware either it is Apple, or PC devices🔹There are also frequent team retreats, leisure activities, and holiday celebrations🔹Gifts on personal and professional anniversaries and movie nights🔹21 paid days off and 11 national holidays throughout the year to travel and rest🔹We compensate some expenses on recreational activities, including various sports, dance lessons, and yoga sessions🔹Partial reimbursement for medical expenses🔹You are a part of a team, we help each other when life knocks one of us down 🤠We are driven to be the best, grow, improve, and innovate. We would welcome a like-minded person to become an invaluable part of our team!Follow our social media — Instagram, Facebook, Linkedin, YouTube
",SysGears,English
52,Стажер PPC Specialist,https://jobs.dou.ua/companies/publicis-groupe-ukraine/vacancies/359627/?from=first-job,"
Performics Ukraine шукає Trainee PPC Specialist.Performics Ukraine — це міжнародна performance marketing агенція. Ми були створені в 1998 році, у 2004 році стали частиною компанії Google, а зараз входимо в одну із найбільших у світі маркетингово-комунікаційних груп Publicis Groupe, де працює понад 80 тис. працівників в більше, ніж 100 країн світу, а серед наших клієнтів — найбільші світові бренди з різних сегментів ринку.Ми входимо у ТОП-2 перформанс маркетинг агенцій України. Маємо нагороди в конкурсах Effie Awards Ukraine та IAB MIXX Awards Ukraine.Ти можеш приєднатись до нашої прогресивної команди професіоналів. У нас великі амбіції, цілі й бажання покращити ефективність маркетингових інвестицій нашим клієнтам. Ми постійно зростаємо та розвиваємось. І ти можеш робити це разом з нами.Ми очікуємо, що в тебе будуть такі скіли та експіріенс:Базові знання й розуміння основ Google Ads та Meta AdsБазові знання з запуску та оптимізації перфоманс-кампаній в Google Ads та Meta AdsРозуміння основних KPIs перфоманс кампаній: CR, CPA, ROAS, ROI, LTV тощоБажання постійно вдосконалювати свої навички та вивчати нові marketing hacks в Google Ads, Facebook AdsНавички роботи з Excel, Google Sheets, PowerPointРівень англійської В1 Intermediate та вищеІніціативність, уважність до деталей, самоорганізованість та орієнтація на бізнес-результатТакож буде круто, якщо ти маєш:Базові навички роботи з сервісами аналітики та трекінгу GA Universal & 360, GA 4, FB Pixel, Google Tag ManagerСертифікати Skillshop по пошуковим кампаніям, КМС та ShoppingБазові знання принципів роботи по Канбан-методологіїЩо ти будеш робити на цій позиції?Досвідчений наставник допоможе тобі систематизувати вже наявні знання й надасть базу для розвитку нових скілів у:Плануванні та запуску кампаній в різних рекламних інструментах: Google Ads, Facebook Ads, CPA-Networks, Apple Search та ін.Аналітиці та оптимізації ефективності рекламних кампаній, впровадженні нових ідейАналітиці ринку та конкурентів, формуванні гіпотез та пошуку точок росту по проектамПокращенні основних показників ефективності рекламних кампаній в залежності від бізнес-цілей: CPA, ROAS, LTV, MAU, DAU тощоЩо ми пропонуємо:Бути частиною крутих проєктів, працюючи з брендами світового рівняПрограму розвитку працівників, участь в локальних і міжнародних професійних конференціях, тренінгову програму, як зі спеціалізованих тематик, так і з бізнес та комунікаційних навичокДоступ до ексклюзивної корпоративної навчальної онлайн-платформи Marcel Classes з різноманітними тренінгами і кейсами з усього світу. Ти зможеш використати ці знання і досвід на практиці.У нас офіційне працевлаштування («біла» зарплата) та умови згідно з законодавства УкраїниГнучкий графік роботи, можливість працювати частково дистанційно і в офісі (2 дні на тиждень відвідуємо офіс)Офіс в центрі міста КиєваАтмосферу підтримки, командності та відкритостіКруті заходи кожного місяця: акторська гра, екскурсії по місту, боулінг, настолки, відео ігри, караоке та ін.Надсилай резюме на [email protected]або залишай свій відгук.З нетерпінням чекаємо на зустріч з тобою!
",Publicis Groupe Ukraine,English
53,"Intern, Financial Risk Management",https://jobs.dou.ua/companies/kpmg/vacancies/359584/?from=first-job,"
KPMG* is an international network of independent firms providing audit, tax, and advisory services. You can learn more about KPMG in Ukraine by following the link. KPMG in Ukraine is included in the list of the Top 50 Employers according to Forbes (2023-2024) and in the list of the Top 5 Employers for Youth in the Audit and Consulting Sector, based on a student survey conducted by the branding agency UGEN in 2023-2024. In March 2025, KPMG in Ukraine joined the group of leading companies that were among the first to sign the Veteran-Friendly Business Principles. We have also been included in the list of taxpayers with a high level of voluntary compliance with tax legislation (the so-called “White Club”).Why should you join us?Because we offer:Work in teams that create meaningful impact;Access to internal and external learning opportunities that support professional development;Participation in national reconstruction projects;Psychological support services (an increased number of consultations for mobilized employees, veterans, and those waiting for their return);Medical insurance (with an enhanced insurance package for veterans);29 calendar days of annual leave;5 additional paid wellness days;Well-being webinars, yoga classes, a book club, a women’s community, and a blood donors’ community;The possibility to work remotely or from a comfortable office in the city center;Opportunities for charity and volunteering, support for vulnerable groups, care for animals, and a green office approach;Official salary with full tax contributions;Exciting challenges and transparent growth opportunities;Donations and contribution to our joint victory.What we do:Financial Service Advisory is providing consulting services in the areas of financial risk modelling, development of risk-management systems and strategies as well as valuation of financial instruments for our clients, mainly, in financial sector.To fulfill the role the candidate is expected to meet the following requirements:• Graduate or last year student (able to work full time) in Quantitative Finance, Data Science, Economic cybernetics, Econometrics, Mathematics;• Knowledge of financial products and risk-management techniques (credit scoring, value at risk etc);• Strong analytical skills and ability to structure problems;• Upper-Intermediate (B2) level of English proficiency, with strong written and verbal communication skills.• Strong communication and social skills;• High motivation, creativity and team player• Advanced processing data in MS Excel is a must• Programming skills (SQL, R, Python) are a plus• Experience in Risk-management / Finance in banks / fintech / insurance companies / consulting or software vendor focused on financial industry will be a significant advantageResponsibilities will include the following:· Modelling in MS Excel / R / Python of PD, LGD models, stress-testing; market risks measurement models· Model Validation· Development of credit scoring / rating models· Development of quantitative financial risk measurement methodologies;· Validation of client’s financial instrument pricing methodologies;· Valuation of complex financial instruments held by clientsThe vacancy involves a hybrid work format, and therefore living in Ukraine will be an advantage and such a resume will be considered first!KPMG in Ukraine creates a work environment where everyone has opportunities for growth and career development. The company adheres to a zero-tolerance policy toward any form of discrimination based on age, gender, sexual orientation, or disability. We value diverse perspectives and experiences, as we believe that when people with different backgrounds work together, they generate more creative ideas, develop better solutions, and create innovative products.Accepting a Job Offer means joining KPMG Ukraine’s diverse team, expressing your individuality, and realizing your potential.
",KPMG в Україні,"Python,SQL,English"
54,Support Manager,https://jobs.dou.ua/companies/gismart_com/vacancies/279256/?from=first-job,"
About us: Gismart is a value-driven mobile app developer with a strong presence in the Health & Wellness, Utilities, and Music app markets. We have achieved a significant milestone of over 1 billion downloads worldwide, taking a step toward our mission of cultivating the well-being of people worldwide. With headquarters in London, UK, Gismart is a dynamic global company with a reach extending across Europe and far beyond. Our determined team comprises over 300 individuals who bring diversity, creativity, innovation, and relentless drive to the company. Gismart unites professionals from diverse backgrounds in entertainment, music, and tech, allowing us to play to each other’s strengths and succeed as a team.Our mission: Become a stepping stone on our customers’ journeys of self-improvement.Our values:Deliver what mattersRespect and support othersInitiate and ownVoiceopenlyExecute with qualityIf you are passionate about mobile app development and want to join a company that’s reshaping the industry, Gismart is the place for you. We provide exciting career opportunities, a supportive workplace culture, and the chance to contribute to a team that is making a tangible impact. For more information on Gismart, visit gismart.com.What you will do:Work with incoming tickets in Zendesk with a focus on billing issues.Provide quality support while adhering to the team’s SLAs and KPIs.Handle customer complaints and come up with creative solutions in line with Gismart’s support policy.Test new support channels in the future, e.g. chat support and phone support.Create and maintain the library of saved replies.Collaborate across teams for reporting and bug resolution.Key qualifications:Written English — Advanced (C1-C2). Ability to create complex step-by-step instructions and handle billing issues while keeping replies clear, structured, and polite. Speed typing.Understand how mobile apps work (app versions, updates, compatibility with various devices). Understand the nature of subscriptions: renewals, refunds, billing.Stress-resistantAbility to work independentlyGood time management skillsBe a team playerWill be a plus:Experience with PayPal/ Stripe or other payment platformsExperience with a ticket or chat systems (Zendesk/ Intercom/ Freshdesk, etc.)Genuine interest in the wellness sphere (dance, self-care, face yoga, nutrition).Employee Benefits:Remote-First Culture: Our team is diverse and extensive, just like our product portfolio. We provide a flexible working schedule and let you work anywhere in the world, either remotely or in one of our corporate hubs.Сoworking Compensation: We provide 100% compensation for coworking spaces in Ukraine (except Kyiv, where we have a cozy and autonomous hub) and 50% compensation for coworking spaces worldwide to make sure that everyone has a comfortable and inspiring workspaceFree Office Lunches: We want you to stay fueled and focused, so we provide delicious free lunches for everyone working from our hubs. It’s one less thing for you to worry about during a productive workday100% Sick Leave CompensationMental and Physical Health: To help you stay happy and healthy, Gismart will partially cover your medical insurance, sports activities, therapy costs.Personal Equipment Policy: Of course, we’ll provide you with all the equipment you need or cover the maintenance cost for your own tools.Personal Learning and Development: We love to see you learn and grow, so Gismart will cover 70% of your professional development courses. We’ll also pay for 100% of corporate English courses. Time-Off Policy: Every employee gets 18 working days of paid vacation and 3 personal days per year, with an extra day added for each year at Gismart.Corporate Events: We are remote-first, but we love meeting up in person. Whenever possible, we organize corporate events and team-building activities across all Gismart hubs.
",Gismart,not found
55,"Intern, Business Valuation, Corporate Finance",https://jobs.dou.ua/companies/kpmg/vacancies/322312/?from=first-job,"
KPMG* — міжнародна мережа незалежних фірм, що надають аудиторські, податкові та консультаційні послуги. Познайомитися з KPMG в Україні детальніше можна за посиланням.KPMG в Україні входить до переліку 50 найкращих роботодавців за версією Forbes (2023-2024 роки) та до переліку 5 найкращих роботодавців для молоді у сфері аудиту та консалтингу за версією опитування серед студентів проведеного бренд агенцією UGEN у 2023 — 2024 роках. В березні 2025 року KPMG в Україні приєдналася до когорти компаній-лідерів, які першими підписали Принципи бізнесу, дружнього до ветеранів і ветеранок. Також, нас включено до переліку платників податків з високим рівнем добровільного дотримання податкового законодавства (так званого «Білого клубу»).Ми шукаємо активного молодого спеціаліста, який би приєднався до нашої команди у сфері корпоративних фінансів. Стажери у відділі корпоративних фінансів приєднаються до команди провідних експертів у сфері корпоративного консалтингу. Вони братимуть участь у складних та цікавих проєктах для лідерів індустрії, а також для низки компаній, що розвиваються.Чому варто до нас приєднатися? Бо ми пропонуємо:Роботу в командах, що створюють сенси;Доступ до внутрішнього та зовнішнього навчання, що сприяє розвитку професійних навичок;Участь у національних проєктах відбудови країни;Сервіс психологічної підтримки (збільшена кількість консультацій для мобілізованих, ветеранів та тих, хто чекає);Медичне страхування (розширена опція страхування для ветеранів);29 календарних днів відпустки;5 додаткових оплачуваних днів турботи про своє здоров’я;Вебінари добробуту, заняття з йоги, книжковий клуб, жіноча спільнота та спільнота донорів крові;Благодійну діяльність та волонтерство, допомогу вразливим групам, турботу про тварин та зелений офіс;Офіційна заробітна плата з відрахуванням податків;Цікаві виклики та прозорі умови зростання;Донати та внесок в перемогу.Що на вас чекає:Пошук і аналіз даних;Надання допомоги групі спеціалістів з питань оцінки у створенні бізнес-моделей, проведенні оцінки;Підготовка окремих частин звітів про оцінку бізнесу/активів;Переклад звітів англійською/українською мовами;Допомога у підготовці презентацій для клієнтів.Ця робота для вас, якщо ви:Освіта та кваліфікація:Вища освіта або студент останнього року навчання (4 курс і вище);Стажування, участь у різноманітних освітніх проектах, он-лайн сертифікаційних програмах будуть перевагою для кандидата.Знання програм та компетенції:Розуміння методів і технік оцінки;Знання бухгалтерського обліку;Відмінні знання письмової та розмовної англійської та української мов.Вакансія передбачає гібридний формат роботи, а тому проживання в Україні буде перевагою та такі резюме розглядатимуться першочергово!* KPMG в Україні створює робоче середовище, де кожен має можливості для розвитку та побудови кар’єри: компанія дотримується принципу нульової толерантності до будь-яких проявів дискримінації за ознаками віку, статі, сексуальної орієнтації чи інвалідності. Ми поважаємо різноманіття думок і досвіду, адже переконані — працюючи разом, люди з різними знаннями та поглядами генерують більше креативних ідей, знаходять кращі рішення та розробляють інноваційні продукти. Прийняти Job Offer — означає приєднатися до розмаїтої команди KPMG в Україні, проявляти свою індивідуальність і реалізовувати свій потенціал.** KPMG — це бренд, під яким працюють і надають професійні послуги фірми-члени KPMG International Limited («KPMG International»). «KPMG» використовується для позначення окремих фірм-членів мережі KPMG або однієї чи кількох фірм-членів разом. Кожна фірма є незалежною юридичною особою. Кожна фірма-член KPMG несе відповідальність за своїми зобов’язаннями.
",KPMG в Україні,Degree
56,Technical Support Engineer (L2),https://jobs.dou.ua/companies/corewide/vacancies/250496/?from=first-job,"
We are searching for a smart and efficient person with basic Linux experience, understanding of networking principles and at least intermediate English level to join us as a Technical Support Engineer. This role includes providing SRE-level technical support to our clients, monitoring clients’ infrastructure, handling incidents and creating basic documentation on a shift basis (including graveyard shifts).Our primary area of competence is providing DevOps services and our technical support engineers can take free corporate DevOps course provided by our experienced mentors. The most prominent technical support engineers can be offered a transfer to DevOps department.Duties:Providing 1–3 level technical support servicesMonitoring of Infrastructure and Integrations to other systemsIncident and escalation reportingReporting status and progress according to the project and company demandsCreating and updating support and maintenance-related documentationMandatory skills:Experience with LinuxIntermediate English level (writing and speaking)Basic network protocol knowledgeUnderstanding how the Internet worksAbility to accumulate information and create conclusionsBonus points for:Git experienceGrafana and Prometheus experienceExperience with at least one cloud provider (AWS/GCP/Azure/DigitalOcean)Understanding of containersUnderstanding of CI/CD andInfrastructure as Code principlesWe offer:Remote-first working model Accounting supportTax compensationPaid sick leaves and vacationsFlexible working scheduleEnglish classesHealth insuranceSports compensationEducational budgetWe are looking forward to hearing from you!
",Corewide,"Git,Linux,English"
57,Рекрутер,https://jobs.dou.ua/companies/dzhob-hant/vacancies/304416/?from=first-job,"
Навіть в умовах повномасштабної війни наше рекрутингове агентство Джоб Хант розширюється та шукає в команду менеджера з підбору персоналу (рекрутера).Ми дійсно віримо в те, що професійним рекрутером можна стати не за допомогою освіти та курсів, а завдяки бажанню працювати та розвиватись в цій сфері. Саме тому розглядаємо кандидатів без досвіду також.Графік роботи: з 9.00–18.00 (пн-пт). Робота в офісному центрі, неподалік від метро Васильківська.Компанія пропонує:Стабільну заробітну плату без затримок: випробувальний термін — 35 000 грн., основний термін — 54 000 грн. (повноцінна ставка).Офіційне працевлаштування, оплачувана відпустка та лікарняні (згідно КзПп).Ми цінуємо наших працівників, тому надаємо підтримку в умовах воєнного стану, а саме офіційну відстрочку від мобілізації.Безкоштовні комплексні обіди (економія близько 5 тис. грн) та сучасний офіс з автономним генератором, укриттям, технікою та постійним зв’язком.Кожен працівник у період випробувального терміну матиме наставника, який допоможе адаптуватися до роботи та здобути необхідні навички підбору персоналу.Наш ідеальний кандидат:Максимально комунікабельний, має широкий кругозір, активний та гнучкий;Здатний самостійно приймати рішення і брати за них відповідальність;Здатний ефективно працювати в умовах великого обсягу завдань та строкового тиску.Функціональні обов’язки:Проведення пошуку, відбору та найму кандидатів для вакансій різних рівнів та напрямків (технічні вакансії, адміністративні, лінійний персонал).Відвідування івентів, заходів, конференцій для пошуку та залучення нових кадрів, використання альтернативних джерел пошуку персоналу, творчий підхід до пошуку кандидатів.Проведення телефонних та онлайн-співбесід, аналіз резюме та оцінка потенційних кандидатів.Співпраця з керівниками відділами компанії для визначення потреб у персоналі, погодження кандидатів.Надсилаючи нам своє резюме, Ви автоматично даєте згоду на обробку своїх персональних даних, згідно з чинним законодавством України.
",Джоб Хант,not found
58,Інженер-будівельник,https://jobs.dou.ua/companies/427-i-okremii-polk-bezpilotnih-sistem-rarog/vacancies/314031/?from=first-job,"
Опис вакансіїОгляд427-й окремий полк безпілотних систем «РАРОГ» займає гідне місце серед всіх «літаючих» підрозділів Збройних Сил України за кількістю знищеної ворожої техніки та живої сили противника. Полк розвивається та створює нові команди. Полк використовує великі дрони мультироторного типу, такі як «Вампір», «Кажан», Р-18, «Немезіс», «Хевішот». Ці безпілотні системи виконують завдання дистанційного мінування, бомбардування супротивника, а також доставку провізії та боєкомплекту піхоті. Підрозділ всього навчить! Головне — ваше бажання!Обов’язкивиконання будівельних і ремонтних робіт на інженерних спорудахпроведення внутрішніх та зовнішніх ремонтно-будівельних робітмонтаж та встановлення обладнання інженерних мереждотримання технічних вимог та будівельних нормативіввиконання обов? язків виконроба за потреби: організація будівельно-монтажних робіт, контроль термінів виконання, ведення документації та звітностіВимогибажана середня спеціальна освітадосвід роботи на будівництві від 1 рокунавички виконання різних видів ремонтно-будівельних робітдосвід роботи в колективі на будівельних проєктахспеціалізація: електрик, сантехнік, покрівельник, маляр, каменяр, плиточник, столярУмовимобілізація до кінця воєнного стану або служба за контрактомможливість переведення чинних військовослужбовцівможливість служби для кандидатів, які за висновком ВЛК придатні до служби у військових частинах забезпечення, ТЦК та СП, ВВНЗ, навчальних центрах тощогрошове забезпечення від 20 000 до 50 000 гривень залежно від умов проходження службигарантована щорічна відпустка 30 календарних днів та додаткових 10 днів за сімейними обставинамисоціальний захистпостійний професійний розвиток і підвищення кваліфікаціїповага до особистих потреб і комфортні робочі стосунки в колективіhttps://rarog.in.ua/http://www.youtube.com/@RarogDrones427https://forms.gle/XLsbJCasPKWigF917
",427-а окрема бригада безпілотних систем Рарог,Degree
59,Customer Support specialist (German and English speaking),https://jobs.dou.ua/companies/magichire/vacancies/359480/?from=first-job,"
MagicHire is hiring a Customer Support specialist (German and English speaking) on behalf of an outsourcing company that partners with a large international logistics organisation. The end client is part of a global parcel delivery network operating in more than 50 countries and handling millions of parcel deliveries worldwide every day.Your main responsibilities:Identification and analysis of customer requests to provide fast and effective solutions (communication on-call and in written form)Support with the configuration and maintenance of DPD Customer toolsDiagnosis and support in repairment of hardware and software issuesClear and understandable explanation of technical solutions for non-technical customersDocumentation of customer enquiries and the solutions providedContribution to the continuous improvement of support processes by sharing customer feedback and suggestionsWe expect you to have:Excellent communication skills in German and English both written and verbal (B2+)Solution-orientated, Communicative, Dynamic & professional way of workingNice to haveExpertise in the field of process automation, web service interfaces, Network, LAN, W-LAN, Computer and printer skillsExperience in technical support. Experience with Logistics software. Experience in customer support. Interview stagesApplication review and AI video screeningCall with the recruiterTechnical interviewWhat the client offersOpportunity to work with a large international enterprise clientPossibility of military reservation in accordance with Ukrainian legislationModern office in Lviv (hybrid format: 3 days per week in the office)Paid vacation, sick leave, and public holidaysCompany-provided work equipment (laptop, etc.)
",MagicHire,not found
60,Junior Operations Analyst,https://jobs.dou.ua/companies/solidgate/vacancies/257791/?from=first-job,"
Our Mission and VisionAt Solidgate, our mission is clear: to empower outstanding entrepreneurs to build exceptional internet companies. We exist to fuel the builders — the ones shaping the digital economy — with the financial infrastructure they deserve. To achieve that, we’re on a bold path: to become the #1 payments orchestration platform in the world.We believe the future of payments is shaped by people who think big, take ownership, and bring curiosity and drive to everything they do. That’s exactly the kind of teammates we want on board.About the RoleAs a Junior Operations Analyst, you’ll dive into Solidgate’s internal processes and help optimize them to ensure our clients get the best payment solution on the market. This role gives you hands-on experience at the intersection of operations, analytics, and product — working side by side with our technical and business teams to make payments seamless for businesses worldwide.What you’ll own Conducting technical onboarding of new clients into the Solidgate systemSupporting processes related to Solidgate’s payment servicesBuilding new workflows and optimizing existing onesHandling analytical requests from clientsSetting up payment routingCollaborating closely with product and technical teams inside the companyCommunicating with partner banks’ technical support teamsDetecting and resolving anomalies in the payment processYou’re a great fit if you haveBachelor’s in Applied Mathematics / Systems Analysis / Software Engineering / related field (completed or in progress)Excellent written and verbal communication skillsEnglish proficiency at Upper-Intermediate level or higherKnowledge of SQL and PythonPractical experience with Postman and knowledge of Tableau will set you apart.Why Solidgate?No internships here — we build careers. Get hands-on from day one and make a real impact.Enjoy the ride. A wow office in Kyiv center, daily lunches, snacks, team buildings, and a learning budget to keep you growing.Flex your schedule. Balance studies and work with flexible hours that fit your life.Your work = real outcomes. Shape how global companies move money.💌 The Extras: 30+ days off, unlimited sick leave, free office meals, health coverage, and Apple gear to keep you productive. Courses, conferences, sports and wellness benefits — all designed for ideas, focus, and fun.Tomorrow’s fintech needs your mindset. Come build it with us.Know top talent? We’re always on the lookout. Recommend someone for our role, and if they get hired, there’s a bonus waiting for you — simple as that. 
",Solidgate,"Python,SQL,Git,Machine Learning,English"
61,Junior Operational Analytics Specialist,https://jobs.dou.ua/companies/solidgate/vacancies/315050/?from=first-job,"
Our Mission and VisionAt Solidgate, our mission is clear: to empower outstanding entrepreneurs to build exceptional internet companies. We exist to fuel the builders — the ones shaping the digital economy — with the financial infrastructure they deserve. To achieve that, we’re on a bold path: to become the #1 payments orchestration platform in the world.We believe the future of payments is shaped by people who think big, take ownership, and bring curiosity and drive to everything they do. That’s exactly the kind of teammates we want on board.About the Team and RoleAs a Junior Operational Analytics Specialist, you’ll work on Chargebackhit — technology that protects online businesses from fraud and chargebacks. The product is mature but runs with the energy of a startup: things evolve fast and decisions are made quickly.This role puts you at the heart of product operations — connecting services, monitoring performance, and working with data that protects merchants in real time. It’s an ideal opportunity to kick-start your analytics career in fintech.What you’ll ownconnecting, testing, and monitoring the operation of chargeback prevention servicesworking with the databaseactive interaction with other teams: Analytics, Sales, and Account Managementprocessing analytical requests from our clientsYou’re a great fit if you haveBachelor’s or Master’s degree (completed or in progress) in analytics, programming, mathematics, or a related fieldStrong command of SQL and ExcelAnalytical thinking and problem-solving mindsetClear, structured communication skillsEnglish level Upper-Intermediate (B2) or higherWhy Solidgate?No internships here — we build careers. Get hands-on from day one and make a real impact.Your work = real outcomes. Shape how global companies move money.Grow like crazy. Learn from top fintech pros and level up faster than anywhere else.Flex your schedule. Balance studies and work with flexible hours that fit your life.Enjoy the ride. A wow office in Kyiv center, daily lunches, snacks, team buildings, and a learning budget to keep you growing.💌 The Extras: 30+ days off, unlimited sick leave, free office meals, health coverage, and Apple gear to keep you productive. Courses, conferences, sports and wellness benefits — all designed for ideas, focus, and fun.Tomorrow’s fintech needs your mindset. Come build it with us.Know top talent? We’re always on the lookout. Recommend someone for our role, and if they get hired, there’s a bonus waiting for you — simple as that.
",Solidgate,"SQL,Git,English,Degree"
62,Motion Designer — TENTENS Tech,https://jobs.dou.ua/companies/skelar/vacancies/337501/?from=first-job,"
Що варто знати про SKELAR? Це венчур-білдер — іншими словами, компанія, яка будує компанії. З нами фаундери створюють consumer-бізнеси, які стають лідерами на глобальних ринках EdTech, Mental health, Petcare, FashionTech та інших.Скеларівці будують tech-продукти, які здобувають відзнаки від Product Hunt, The Webby Awards та отримують тисячі позитивних відгуків на TrustPilot. Загалом tech-продуктами наших бізнесів користуються 10+ млн людей у світі. Усе завдяки сильним командам, бо наші спеціалісти — це ключова цінність SKELAR.Для професійної реалізації ми створили середовище з експертизою та необмеженими можливостями — і шукаємо тих, хто прагне викликів.Зараз ми розширюємо команду маркетингу і знаходимося в пошуках Junior Motion Designer. У тебе буде можливість працювати разом з досвідченою командою, обмінюватися експертизою і швидко зростати. Отже, ця можливість говорить сама за себе.Ключова зона відповідальності:— Ideation: генерація візуальної складової креатива на основі технічних задач команди маркетингу;— Production: розробка відео-креативів для просування продукту у рекламних мережах (Facebook, Tik-Tok, YouTube);— Cooperation: тісна співпраця з маркетинговим відділом і обговорення ідей щодо покращення роботи існуючих креативів;— Experiments: тестування нових інструментів, ефектів, плагінів, створення шаблонів проєктів для більш ефективної роботи;— Creative research: аналіз рекламних матеріалів конкурентів та соціальних мереж для відстеження світових тенденцій у дизайні;— Analytics: Аналіз креативів та побудова гіпотез на основі їх результатів.Наші очікування від кандидатів:— Комерційний досвід — до 1 року;— Практичні знання After Effects (2 роки), Photoshop (2 роки), Illustrator(1 рік), Figma(1 рік), плюсом буде знання Blender та Cinema 4D;— Практичний досвід з монтажу відео, плюсом буде знання Premiere Pro;— Практичні знання AI (Midjourney, Elevenlabs, RunWay, Remini, HeyGen, Sora, PixVerse) та подібні;— Практичне застосування плагінів (Motion Bro, Trapcode Suite, Animation Composer) та подібні;— Знання основних принципів дизайну, композиції і колористики;— Високий рівень креативності та здатність генерувати ідеї, які відповідають потребам користувачів та бізнес-вимогам;— Гарні комунікативні навички, здатність швидко налагоджувати контакт з колегами всередині команди та поза межами проєкту;— Грамотна оцінка часу та ресурсів, необхідних для виконання завдань, навички самостійного тайм-менеджменту.Тобі точно до нас, якщо ти:— Умієш аргументовано відстоювати свою думку та самостійно приймати рішення;— Не боїшся швидкого темпу роботи й великої кількості експериментів;— Вмієш планувати свою завантаження і працювати з дедлайнами;— Чуєш фідбек і прагнеш до швидкого професійного зростання і саморозвитку;— Не боїшся швидкого темпу роботи й готовий брати на себе відповідальність за результат.У SKELAR ми побудували середовище для професійної самореалізації:— SKELAR Platform. Це операційне ядро венчур-білдера, що допомагає фаундерам швидше проходити шлях від нуля до одиниці. Так команди бізнесів фокусуються на продукті — а 10+ команд в складі Platform закривають функції Legal, Finance, HR, Admin, Talent Acquisition, Employer Branding, IT та інші. — Нетворк та обмін досвідом як частина культури. Серед наших колег — кофаундери, які запустили не один бізнес, а також найсильніші спеціалісти на ринку. Тож ми маємо доступ до необхідної експертизи на відстані витягнутої руки.— Ексклюзивна доменна освіта. Ми створили власні навчальні програми для тіммейтів на вибір — від 2-місячної школи для менеджерів-початківців до інтенсивів про AI та професійних клубів з розробки, продакт-менеджменту тощо.— Вплив на системну допомогу Україні. Маємо благодійний фонд SKELAR foundation, який створили самі скеларівці — і завдяки кожному співробітнику втілюємо важливі соціальні проєкти. Наприклад, заснували перший у Європі акселератор для ветеранів і формуємо майданчик для підтримки ветеранів на рівні держави.— Екосистема для продуктивної роботи. Для скеларівців створені простори, які надихають на результат — з власним спортзалом, скеледромом, зеленими зонами Bali та бібліотеками. У спейсах, де сервіс, безпека та комфорт синхронізовані з темпом зростання команд, отримуємо вау-досвід та працюємо ефективніше.Більше розповімо на нашій зустрічі-знайомстві. Запрошуємо будувати the next big everything у SKELAR разом!
",SKELAR,Degree
63,"Спеціаліст відділу баз даних, Database Specialist (офіцер, військова служба, мобілізація, контракт)",https://jobs.dou.ua/companies/tsentr-zahistu-informatsii/vacancies/359414/?from=first-job,"
Спеціаліст відділу баз даних (Database Specialist)Ефективність сучасних бойових операцій, логістика та ситуаційна обізнаність напряму залежать від швидкості та точності обробки інформації. Кіберпростір став повноцінним театром бойових дій, де перемагає той, чия інфраструктура працює швидше і надійніше.Ми не шукаємо людей для «перекладання папірців».Це твій шанс застосувати свій IT-background для реального посилення обороноздатності країни.Форма служби: військова служба (контракт, мобілізація).Основні обов’язки:Організовувати, оновлювати й стежити, щоб інформація в базах даних була актуальною та доступною;Формувати чіткі електронні звіти, графіки та аналітику для командування;Перевіряти інформацію на помилки, вчасно їх виправляти та стежити за цілісністю;Брати участь у вдосконаленні цифрових процесів підрозділу;Взаємодіяти з іншими службами та структурними підрозділами;Розширювати практичні знання у сфері баз даних, аналітики та інформаційних систем.Ми пропонуємо:Повну зайнятість, офіційне оформлення (мобілізація або контракт) та повний пакет соціальних гарантій;Дружню команду, яка підтримує, ділиться досвідом та допомагає адаптуватися;Реальні можливості для професійного навчання, сертифікації та кар’єрного зростання;Комфортне робоче середовище в Дніпрі;Особливу увагу до ветеранів — ми цінуємо твій досвід і готові допомогти адаптуватися на новому місці.Ти нам підходиш, якщо:Маєш вищу освіту (бажано IT, кібербезпека, комп’ютерні науки тощо);Маєш військове звання офіцера (запасу або на дійсній військовій службі);Впевнено володієш ПК та офісними програмами: на «ти» з Microsoft Office, Google Workspace;Маєш базове розуміння кібербезпеки та архітектури мереж (модель OSI, TCP/IP);Уважний до деталей, відповідальний, відкритий до навчання та готовий освоювати нові технології.Розглядаємо кандидатів зі статусом ВЛК — придатний до служби у військових частинах забезпечення, ТЦК та СП, ВВНЗ, навчальних центрах, закладах (установах), медичних підрозділах, підрозділах логістики, зв’язку, оперативного забезпечення, охорони, випускників військових кафедр вищих навчальних закладів для подальшого проходження служби за мобілізацією.Приєднуйся до нашої команди, щоб разом робити кіберпростір безпечнішим та надійнішим!Чекаємо на тебе!
",Центр захисту інформації та кібернетичної безпеки,not found
64,Junior Account Manager,https://jobs.dou.ua/companies/elevate-core/vacancies/359401/?from=first-job,"
Наш партнер — продуктова B2B iGaming компанія, яка розвиває власну платформу для онлайн-казино та sportsbook-рішень. Команда працює з міжнародними клієнтами та допомагає операторам запускати та розвивати свої продукти по всьому світу.Зараз команда шукає Junior Account Manager — людину, яка хоче отримати свій перший серйозний досвід в IT / iGaming та готова швидко вчитись, бути уважною до деталей і допомагати партнерам разом із внутрішньою командою.Для цієї ролі не обов’язково мати великий досвід — набагато важливіше:дисципліна,відповідальність,готовність вникати в задачіта бажання розвиватись у B2B-напрямку.Що потрібно буде робитиКомунікувати з партнерами та допомагати їм у робочих питанняхКоординувати задачі між клієнтом та внутрішніми командамиДопомагати з запуском та супроводом партнерів на платформіКонтролювати, щоб задачі та запити не губились у процесіБути присутнім на регулярних мітингах із командою та керівництвомУточнювати деталі по задачах та допомагати знаходити рішенняВести базову операційну комунікацію та підтримувати порядок у процесахЩо важливо для роліАнглійська від IntermediateВідповідальність та дисциплінованістьВміння виконувати задачі уважно та вчасноГотовність багато вчитись та швидко вникати в нову інформаціюКомфортна комунікація з людьмиБазове розуміння IT або інтерес до сфери буде плюсомДосвід не є обов’язковим — готові розглядати junior-спеціалістів або кандидатів у пошуку першої роботиЩо пропонує компаніяМожливість увійти в IT та iGaming без великого попереднього досвідуРоботу в міжнародному продукті з реальними B2B-клієнтамиВіддалений формат роботиНавчання та підтримку від командиШвидке занурення в account management та продуктові процесиМожливість вирости всередині компанії у stronger account / operations / partnership напрямкиЦя роль добре підійде людям, які шукають перший серйозний досвід, хочуть навчитися працювати в структурному середовищі та готові брати на себе відповідальність за задачі й процеси 🙂
",Elevate Core,English
65,Customer Support Agent — PawChamp,https://jobs.dou.ua/companies/skelar/vacancies/311379/?from=first-job,"
Що варто знати про SKELAR? Це венчур-білдер — іншими словами, компанія, яка будує компанії. З нами фаундери створюють consumer-бізнеси, які стають лідерами на глобальних ринках EdTech, Mental health, Petcare, FashionTech та інших.Скеларівці будують tech-продукти, які здобувають відзнаки від Product Hunt, The Webby Awards та отримують тисячі позитивних відгуків на TrustPilot. Загалом tech-продуктами наших бізнесів користуються 10+ млн людей у світі. Усе завдяки сильним командам, бо наші спеціалісти — це ключова цінність SKELAR.Для професійної реалізації ми створили середовище з експертизою та необмеженими можливостями — і шукаємо тих, хто прагне викликів.Зараз ми в пошуку Customer Support Representative спеціалістів до одного із наших бізнесів у сфері Petcare, які стануть важливою частиною нашої команди та будуть відповідати за створення найкращого клієнтського досвіду.Основні задачі на цій ролі:Відповідь на запити клієнтів через email, телефонні дзвінки та чати;Розв’язання проблем клієнтів із професіоналізмом та доброзичливістю;Збір відгуків клієнтів для покращення наших продуктів та послуг;Увага до деталей при зборі інформації для ескалації складних запитів до відповідних команд (технічної підтримки, біллінгу, продуктового відділу);Консультація клієнтів про можливості нашого продукту, щоб допомогти їм досягти найкращих результатів.Що для нас важливо:Від Intermediate English (B1+), розмовна та письмова: зверни увагу, що цей пункт перший в списку, для нас це дуже важливо!Глибоке розуміння потреб клієнтів та бажання допомогти їм досягти своїх цілей;Сильна емпатія та здатність ефективно спілкуватися з клієнтами;Гнучкість для роботи в позмінному графіку (включаючи нічні зміни — до 6 нічних в місяць). Бажано, але не обов`язково:Досвід у сфері клієнтської підтримки, продажів або утримання клієнтів, або просто в customer service;Знання та досвід роботи з CRM-системами (Zendesk, Freshdesk або інші);Вміння адаптуватися до конструктивного зворотного зв’язку та уміння надавати такий фідбек.Що ми пропонуємо:Піклування про ваше здоров’я: оплачувані лікарняні, 18 днів відпустки на рік, медичне страхування після випробувального терміну;Конкурентоспроможна зарплата: можливість перегляду заробітної плати;Переваги від компанії: безкоштовний доступ до наших продуктів;Гнучкий графік роботи: можливість працювати в різні зміни.У SKELAR ми побудували середовище для професійної самореалізації:SKELAR Platform. Це операційне ядро венчур-білдера, що допомагає фаундерам швидше проходити шлях від нуля до одиниці. Так команди бізнесів фокусуються на продукті — а 10+ команд в складі Platform закривають функції Legal, Finance, HR, Admin, Talent Acquisition, Employer Branding, IT та інші.Нетворк та обмін досвідом як частина культури. Серед наших колег — кофаундери, які запустили не один бізнес, а також найсильніші спеціалісти на ринку. Тож ми маємо доступ до необхідної експертизи на відстані витягнутої руки.Ексклюзивна доменна освіта. Ми створили власні навчальні програми для тіммейтів на вибір — від 2-місячної школи для менеджерів-початківців до інтенсивів про AI та професійних клубів з розробки, продакт-менеджменту тощо.Вплив на системну допомогу Україні. Маємо благодійний фонд SKELAR foundation, який створили самі скеларівці — і завдяки кожному співробітнику втілюємо важливі соціальні проєкти. Наприклад, заснували перший у Європі акселератор для ветеранів і формуємо майданчик для підтримки ветеранів на рівні держави.Екосистема для продуктивної роботи. Для скеларівців створені простори, які надихають на результат — з власним спортзалом, скеледромом, зеленими зонами Bali та бібліотеками. У спейсах, де сервіс, безпека та комфорт синхронізовані з темпом зростання команд, отримуємо вау-досвід та працюємо ефективніше.Більше розповімо на нашій зустрічі-знайомстві.Запрошуємо будувати the next big everything у SKELAR разом!
",SKELAR,"English,Degree"
66,Sales Manager,https://jobs.dou.ua/companies/clario/vacancies/359376/?from=first-job,"
Мрієш розпочати карʼєру менеджера з продажів? Втомився від міліону етапів співбесід, тестових завдань та тиші у відповідь після спілкування з рекрутерами? Ти забудеш паролі на сайти з пошуку роботи, адже зараз наш Clario Customer Services шукає свого майбутнього колегу Sales Representative, який стане частиною вмотивованої та дружньої Sales-команди в якій ти знайдеш:— Mobile apps publisher and developerкомпанію, яка турбується про клієнтів в сфері технічного сервісу, кібербезпеки та активно розвивається;— Можливість самостійно впливати на свій рівень доходу та постійно навчатися новому;— Круту команду, яка має спільну мету, вмотивована досягати успіху, навчатися та підкорювати нові вершини;— Нові челенджі, які щодня драйвитимуть тебе та викликатимуть азарт в роботі;— Відсутність мікроменеджменту та жорстких рамок;— Компанію, що підтримує Україну та докладає максимум зусиль для пришвидшення нашої перемоги.Що треба робити?— Продавати наш власний технічний сервіс на чатах;— Працювати зі скриптами;— Вести CRM систему.Що ми очікуємо від тебе?— Досвід роботи в В2С продажах в пріорітеті, проте ми готові навчати.— Англійська від В2+;— Бажання бути найкращим, навчатися та підкорювати нові вершини;Наш оффер:Своєчасна та стабільна оплата праці;Медичне страхування;Корпоративний психолог;12 днів лікарняного та 20 днів відпустки;Необмежені можливості для росту й розвитку всередині компанії, маємо систему грейдів для росту, а більшість наших лідів починали свій шлях з Junior позицій;Віддалена робота (також є можливість відвідувати офіси в Рівному, Луцьку, Львові, Івано-Франківську та Києві);Уроки корпоративної англійської;Корпоративна бібліотека, вебінари та тренінги;Корпоративне таксі.Ми не шукаємо ідеальних, ми шукаємо своїх. Долучайся до команди та LET’S GO TOGETHER!P.S. Якщо ви не отримали відповіді по вашому резюме протягом 10-ти днів — це може означати що ми обрали рухатись із іншим кандидатом. Дякуємо за розуміння та бажаємо професійних звершень!
",Clario,not found
67,Junior IT Researcher,https://jobs.dou.ua/companies/larch-networks/vacancies/345033/?from=first-job,"
Larch Networks has been a leader in network solutions since 2009, with offices in Israel and Kyiv. We specialize in both software and hardware for network equipment, providing advanced, secure, and reliable network products for our customers. Our team of engineers is renowned for its expertise in designing and integrating high-load switching and communication platforms, thin clients, Linux, and embedded devices for IoT, enterprise, telecom, and industrial applications. We are committed to delivering innovative and cost-effective solutions.What you will doActive candidate sourcingDaily sourcing on LinkedIn (main tool)Using Boolean search, X-ray, filters, and other sourcing techniquesSearching for specialists in the following areas:Embedded / CQA AutomationOther technical roles within the companyInitial communicationWriting cold outreach messages on LinkedInManaging communication until handing the candidate over to a recruiterBuilding candidate interest in company vacanciesTracking feedback and statusesBuilding a candidate databaseMaintaining and updating the database in PeopleForceCreating a “warm” candidate poolSupporting long-term relationships with candidatesRecruitment supportPassing relevant candidates to the recruiterCreating shortlistsParticipating in improving job descriptions and outreach messagesCollecting analytics (responses, conversion rates)What matters to usRequired:Completed IT recruiting or sourcing coursesKnowledge of Boolean searchBasic understanding of IT roles and terminologyConfident LinkedIn usageStrong written communication skillsHigh attention to detail and responsibilityReadiness for consistent daily sourcing workNice to have:3+ months of sourcing experienceEnglish level B1Desire to grow into an IT Recruiter roleConditionsFormat: full-time. The role is fully remote, but you need to be located in Kyiv since occasional office visits might be necessary. Growth opportunitiesTransition to IT Recruiter positionOwnership of personal vacanciesIncome growth through the bonus system
",Larch Networks,Linux
68,Technical Support Specialist,https://jobs.dou.ua/companies/solvits/vacancies/294832/?from=first-job,"
The Customer Support Engineer will focus on providing technical support and maintaining production operations. The specific requirements and responsibilities include:The vacancy assumes a shift work schedule.Shifts are from 8 a.m. to 15 p.m., from 15 a.m. to 22 p.m. Job Requirements:Proficiency in using PC. Ideally after QA coursesBackground in Data Support (Tier 1+2); Tier 3 is an advantage.Strong troubleshooting and problem-solving skills.Excellent service orientation and communication skills.English level at least B2.Ability to work independently and as part of a team.Key Responsibilities:Problem Resolution:Identify potential production issues and implement proactive solutions.Troubleshoot technical issues and collaborate with teams to ensure resolution.Customer Support:Provide prompt technical support to end-usersCollaborate with R&D and product management to resolve client issues.Production Coordination:Develop and manage production schedules.Adjust schedules as needed to accommodate changes or delays.Stakeholder Communication:Serve as the primary liaison between teams to ensure clear communication.Notify stakeholders and clients of any delays or issues.
",Solvits Solutions,not found
69,Junior Creative Marketing Specialist,https://jobs.dou.ua/companies/devico/vacancies/359346/?from=first-job,"
Ми шукаємо креативного маркетолога, який разом з нами створюватиме ефективні рекламні креативи (як відео, так і статичні) для просування мобільних iOS застосунків. Якщо ти хочеш розвиватись у digital-маркетингу, маєш навички роботи з відеомонтажем і графікою, розумієш рекламні формати та не боїшся AI-інструментів — будемо раді познайомитись!Що ти будеш робити:Створювати статичні та відео креативи для performance-реклами (Google, Meta, Mintegral);Монтувати різні варіації відеокреативів на основі готових сценаріїв і матеріалів;Працювати з UGC-форматом, легкими анімаціями та шаблонами;Адаптувати креативи під різні платформи (розміри, хронометраж, CTA);Використовувати AI-інструменти для пришвидшення роботи — генерація картинок/відео, голосів, обробка відео тощо (маємо підписку на Freepik).Що нам потрібно:Базовий досвід роботи з відео- та графічними редакторами Adobe After Effects/Adobe Premiere Pro/Movavi/CapCut, Figma/Canva;Креативність, ініціативність і вміння швидко адаптуватись до задач;Висока увага до деталей та здатність виконувати кілька завдань одночасно;Здатність працювати як самостійно, так і в команді;Англійська мінімум B1 (для розуміння трендів, референсів, скриптів).Буде плюсом:Розуміння, як працює реклама в digital, які формати працюють, які ні;Досвід використання AI-тулзів у роботі (наприклад, Freepik, Runway, Midjourney, Pika, Descript тощо);Досвід роботи з мобільними додатками або геймдевом.Що ми пропонуємо:Гнучкий віддалений формат роботи;Вмотивовану команду та швидкий процес ухвалення рішень;Оплачувані лікарняні та відпустки;Медичне страхування;Безкоштовні уроки англійської мови;Вихідні у державні святкові дні.Рекрутинговий процес: прескрін-дзвінок з TA Specialist ➡️ тестове завдання ➡️ співбесіда з командою ➡️ Job Offer.
",Devico,Git
70,Комплектувальник на виробництво,https://jobs.dou.ua/companies/btry-energy/vacancies/355438/?from=first-job,"
Українська компанія, що працює на стабільному та швидкозростаючому ринку енергетичних рішень.Основні завдання:Підготовка комплектуючих із первинної сировини до напівфабрикатівРобота з механізованим та різальним обладнаннямВиконання завдань майстра зміни та комірникаПриймання вхідних комплектуючих і сировиниДотримання виробничих стандартів якостіВимоги до кандидата:Готовність працювати на виробництвіУважність до деталей, відповідальністьБазові технічні навички будуть перевагоюДосвід не обов’язковийЩо пропонуємо:Заробітна плата: фіксована частина + KPIKPI: виконання виробничого плану та дотримання показників якостіГрафік: пн—пт, 08:00–17:00Випробувальний термін: 2 місяціОфіційне працевлаштування з першого дняОплачувана відпустка — 24 календарні дніОплата лікарнянихМожливість бронювання (за наявності військово-облікових документів)Локація: Київ, Святошинський район
",BTRY.ENERGY,not found
71,Діловод,https://jobs.dou.ua/companies/427-i-okremii-polk-bezpilotnih-sistem-rarog/vacancies/314097/?from=first-job,"
Огляд427-ий окрема бригада безпілотних систем «РАРОГ» займає гідне місце серед всіх «літаючих» підрозділів Збройних Сил України за кількістю знищеної ворожої техніки та живої сили противника. Бригада розвивається та створює нові команди. Ми використовуємо дрони наступних типів: бомбери, FPV, крила, мавіки, НРК (наземні роботизовані комплекси). Ці безпілотні системи виконують завдання дистанційного мінування, бомбардування супротивника, а також доставку провізії та боєкомплекту піхоті. Підрозділ всього навчить! Головне — ваше бажання!Обов’язкиведення діловодства підрозділу безпілотних систем (накази, розпорядження, листування тощо)реєстрація, облік і контроль виконання документівоформлення службової документації відповідно до стандартів та вимогорганізація документообігу та архівування данихпідготовка звітів, аналітичних довідок та іншої документації за запитом керівництвавзаємодія з іншими підрозділами та установами для узгодження документівконтроль за дотриманням правил конфіденційності та збереженням службової інформаціїПеревагидосвід роботи на посаді діловода, секретаря або в аналогічній сферізнання основ діловодства та нормативних вимог щодо роботи з документамивміння працювати з текстовими редакторами, електронними таблицями та системами документообігувідповідальність, уважність до деталей, організованістьвміння працювати з великим обсягом інформації та дотримуватися термінівдосвід роботи з військовою або технічною документацієюбазове розуміння технологій безпілотних системздатність працювати в командібажання навчатися та розвиватисяУмовимобілізація до кінця воєнного стану або служба за контрактомможливість займатися улюбленою справою в лавах Збройних Сил Українигарантована щорічна основна відпусткагрошове забезпечення від 20 000 до 50 000 гривень залежно від поставлених завдань та місця службиможливість кар’єрного зростання, розвитку та підвищення кваліфікаціїслужба в згуртованому та екологічному колективіhttps://rarog.in.ua/http://www.youtube.com/@RarogDrones427https://forms.gle/XLsbJCasPKWigF917
",427-а окрема бригада безпілотних систем Рарог,not found
72,Комірник,https://jobs.dou.ua/companies/427-i-okremii-polk-bezpilotnih-sistem-rarog/vacancies/345573/?from=first-job,"
427-а окрема бригада безпілотних систем «РАРОГ» займає гідне місце серед всіх «літаючих» підрозділів Збройних Сил України за кількістю знищеної ворожої техніки та живої сили противника. Бригада розвивається та створює нові команди. Ми використовуємо дрони наступних типів: бомбери, FPV, крила, мавіки, НРК (наземні роботизовані комплекси). Ці безпілотні системи виконують завдання з розвідки, дистанційного мінування, враження ворога, а також доставки провізії та боєприпасів на позиції. Підрозділ всього навчить! Головне — Ваше бажання!Обов’язкиприймання, зберігання та відвантаження майна (спорядження, техніки, харчування)проведення інвентаризацій, переміщення майна на складіведення карток складського обліку, книг реєстрації та атестатівоформлення супровідної документаціїзабезпечення протипожежної безпеки на складі та дотримання санітарних нормВимогибажано досвід роботи на складі або в логістицівисокий рівень володіння ПК, особливо MS Excel навички ведення документації, знання документообігувміння водити навантажувач буде перевагоюздатність працювати в командібажання навчатися та розвиватисяУмовимобілізація до кінця воєнного стану або служба за контрактомгрошове забезпечення від 20 000 до 50 000 гривень залежно від поставлених завдань та місця службизабезпечення формою і засобами індивідуального захисту, повноцінне харчуваннягарантована щорічна основна відпустка + додаткова відпустка 10 днів за сімейними обставинамиповний соціальний пакет можливість кар’єрного зростання, розвитку та підвищення кваліфікації
",427-а окрема бригада безпілотних систем Рарог,not found
73,Оператор розвідувальних БпЛА літакового типу,https://jobs.dou.ua/companies/427-i-okremii-polk-bezpilotnih-sistem-rarog/vacancies/314065/?from=first-job,"
Опис вакансіїОгляд427-й окремий полк безпілотних систем «РАРОГ» займає гідне місце серед всіх «літаючих» підрозділів Збройних Сил України за кількістю знищеної ворожої техніки та живої сили противника. Полк розвивається та створює нові команди. Полк використовує дрони різних типів. Підрозділ розглядає вмотивованих людей, що не мають досвіду — всю необхідну підготовку забезпечать. Головне — бажання!Обов’язкипідготовка та базове технічне обслуговування БпЛАпланування польотних маршрутів з урахуванням рельєфу, погодних умов та загроз ППОкерування БпЛА для проведення аеророзвідки та збору інформаціївиконання польотних завдань відповідно до місіїзбір, аналіз і передача розвідувальної інформаціїкомунікація з оперативним черговим офіцером, надання доповідей по тактичній ситуаціїдотримання правил безпеки експлуатації безпілотних засобівВимогинаявність сертифіката на пілотування БпЛА літакового типу (крила)придатність до військової служби за станом здоров’я та готовність виконувати завдання в районі бойових дійвмотивованість, відповідальність, уважність до деталейготовність до навчання та вдосконалення своїх навичокдотримання правил безпеки та секретності під час виконання завданьвміння працювати з картографічним програмним забезпеченням та системами навігаціїдосвід роботи з БпЛА буде перевагоюзнання принципів аеродинаміки та навігації буде перевагоюУмовимобілізація до кінця воєнного стану або служба за контрактомможливість займатися улюбленою справою в рядах Збройних Силгарантована щорічна основна відпусткагрошове забезпечення від 20 000 до 120 000 гривень залежно від місця службиробота з сучасними технологіями розвідкиможливість підвищення кваліфікації через підготовку в навчальних центрах або у виробниківслужба в згуртованому колективі з екологічним відношеннямНаш сайт rarog.in.ua
",427-а окрема бригада безпілотних систем Рарог,not found
74,Водій,https://jobs.dou.ua/companies/427-i-okremii-polk-bezpilotnih-sistem-rarog/vacancies/314108/?from=first-job,"
Опис вакансіїОгляд427-ий окремий полк безпілотних систем «РАРОГ» займає гідне місце серед всіх «літаючих» підрозділів Збройних Сил України за кількістю знищеної ворожої техніки та живої сили противника. Полк розвивається та створює нові команди. Полк використовує дрони наступних типів: бомбери, FPV, крила, мавіки, НРК (наземні роботизовані комплекси). Ці безпілотні системи виконують завдання дистанційного мінування, бомбардування супротивника, а також доставку провізії та боєкомплекту піхоті. Підрозділ всього навчить! Головне — ваше бажання!Обов’язкивиконання бойових завдань у складі підрозділуперевезення особового складу та вантажівутримання автомобільного транспорту в справному стані та у постійній готовності до використання за призначеннямправильне оформлення і вчасна здача дорожніх листівдотримання військової дисципліниПеревагинаявність водійського посвідчення категорій B та Спідтверджений досвід водіннядосвід військової службивідмова від вживання алкоголю та психотропних речовинвідсутність судимостейвідповідальністьстресостійкістьздатність працювати в командібажання навчатися та розвиватисяУмовимобілізація до кінця воєнного стану або служба за контрактомгрошове забезпечення від 20 000 до 50 000 гривень залежно від поставлених завдань та місця службигарантована щорічна основна відпустка + додаткова відпустка 10 днів за сімейними обставинамисоціальні гарантіїhttps://rarog.in.ua/http://www.youtube.com/@RarogDrones427https://forms.gle/XLsbJCasPKWigF917
",427-а окрема бригада безпілотних систем Рарог,not found
75,Помічник оператора розвідувальних БпЛА літакового типу,https://jobs.dou.ua/companies/427-i-okremii-polk-bezpilotnih-sistem-rarog/vacancies/314067/?from=first-job,"
Опис вакансіїОгляд427-й окремий полк безпілотних систем «РАРОГ» займає гідне місце серед всіх «літаючих» підрозділів Збройних Сил України за кількістю знищеної ворожої техніки та живої сили противника. Полк розвивається та створює нові команди. Полк використовує дрони різних типів. Підрозділ розглядає вмотивованих людей, які можуть не мати досвіду — всю необхідну підготовку забезпечать. Головне — бажання!Обов’язкипідготовка та базове технічне обслуговування БпЛАпланування польотних маршрутів з урахуванням рельєфу, погодних умов та загроз ППОкерування БпЛА для проведення аеророзвідки та збору інформаціївиконання польотних завдань відповідно до місіїзбір, аналіз і передача розвідувальної інформаціїкомунікація з оперативним черговим офіцером, надання доповідей по тактичній ситуаціїдотримання правил безпеки експлуатації безпілотних засобівВимогинаявність сертифіката на пілотування БпЛА літакового типу (крила)придатність до військової служби за станом здоров’я та готовність виконувати завдання в районі бойових дійвмотивованість, відповідальність, уважність до деталейготовність до навчання та вдосконалення своїх навичокдотримання правил безпеки та секретності під час виконання завданьвміння працювати з картографічним програмним забезпеченням та системами навігаціїдосвід роботи з БпЛА буде перевагоюзнання принципів аеродинаміки та навігації буде перевагоюУмовимобілізація до кінця воєнного стану або служба за контрактомможливість займатися улюбленою справою в рядах Збройних Силгарантована щорічна основна відпусткагрошове забезпечення від 20 000 до 120 000 гривень залежно від місця службиробота з сучасними технологіями розвідкиможливість підвищення кваліфікації через підготовку в навчальних центрах або у виробниківслужба в згуртованому колективі з екологічним відношеннямможливість переведення чинних військовослужбовцівможливість служби для кандидатів, які за висновком ВЛК придатні до служби у військових частинах забезпечення, ТЦК та СП, ВВНЗ, навчальних центрах тощоНаш сайт rarog.in.ua
",427-а окрема бригада безпілотних систем Рарог,not found
76,Junior Education Community Manager,https://jobs.dou.ua/companies/solidgate/vacancies/326346/?from=first-job,"
Our Mission and VisionAt Solidgate, our mission is clear: to empower outstanding entrepreneurs to build exceptional internet companies. We exist to support businesses powering the digital economy with the financial infrastructure they deserve. To achieve that, we’re on a bold path: to become the #1 payments orchestration platform in the world.About the RoleAs a Junior Education Community Manager, your mission is not just to organize single events or campaigns, but to create a system of long-term collaboration with universities and student communities. You’ll be responsible for turning first contacts into sustainable partnerships, building trust with academic institutions, and making Solidgate a constant presence in the student ecosystem.What you’ll ownBuilding strong, long-term partnerships with top universities and student organizationsRepresenting Solidgate at career fairs, hackathons, olympiads, and other student initiativesLaunching and organizing our own student eventsOverseeing the operational backbone of all activities, ensuring every project is executed at a high standardYou’re a great fit if you haveBachelor’s in Management, Sociology, Communications, Psychology, or related field (completed or in progress)Excellent organizational and communication skills — you are a real networkerEnglish proficiency at B1+ level or higherProactive mindset and passion for working with studentsExperience in event organization or student activities will be a plusWhy Solidgate?Big mission: we’re reshaping the future of payments for global businesses, and we want the brightest students to shape it with usOwnership culture: initiative comes first. Your ideas for working with universities can become company-wide programsPeople you’ll learn from: ambitious teammates across engineering, recruitment, and marketing, ready to share knowledge and support💌 The Extras: 30+ days off, unlimited sick leave, free office meals, health coverage, and Apple gear to keep you productive. Courses, conferences, sports and wellness benefits — all designed for ideas, focus, and fun.Tomorrow’s fintech needs your mindset. Come build it with us.🫂 Know top talent? We’re always on the lookout. Recommend someone for our role, and if they get hired, there’s a bonus waiting for you — simple as that.
",Solidgate,Git
77,Junior Business Analyst (Integrations),https://jobs.dou.ua/companies/solidgate/vacancies/301293/?from=first-job,"
Our Mission and VisionAt Solidgate, our mission is clear: to empower outstanding entrepreneurs to build exceptional internet companies. We exist to fuel the builders — the ones shaping the digital economy — with the financial infrastructure they deserve. To achieve that, we’re on a bold path: to become the #1 payments orchestration platform in the world.We believe the future of payments is shaped by people who think big, take ownership, and bring curiosity and drive to everything they do. That’s exactly the kind of teammates we want on board.About the Team and RoleWe’re looking for a Junior Business Operations Analyst to keep our integrations running smoothly. You’ll manage daily tasks like reconciling data with 20+ payment providers, handling inquiries from internal teams and external partners, and making sure everything stays on track—so our engineers can focus on building new integrations faster.This role is your gateway into the fintech world. You’ll gain hands-on experience with payments, processing centers, and major partners, while shaping how we run integrations at scale. It’s a chance to grow within the BA/SA track, improve processes, and make a real impact in a fast-moving, high-growth environment.If you love analytics, precision, and challenges that actually matter — let’s build the future of fintech together.What you’ll ownCollaboration with internal teams to resolve operational issues and maintain data consistencyIntegration improvements and rollout of new features within existing solutionsCross-functional collaboration with engineers in Scrum processes to achieve team goalsCommunication with partner banks’ technical support on operational and technical mattersImplementation and optimization of operational processes to drive efficiencyYou’re a great fit if you haveBachelor’s or Master’s degree (completed or in progress) in analytics, programming, mathematics, or a related fieldPractical knowledge of SQLEnglish proficiency at B1+ level or higherClear and confident communication, both written and verbalProactive attitude and readiness to take on challengesUnderstanding of software development fundamentalsNice to havePractical experience with PostmanHands-on experience in business analysisWhy Solidgate?No internships here — we build careers. Get hands-on from day one and make a real impact.Your work = real outcomes. Shape how global companies move money.Grow like crazy. Learn from top fintech pros and level up faster than anywhere else.Flex your schedule. Balance studies and work with flexible hours that fit your life.Enjoy the ride. A wow office in Kyiv center, daily lunches, snacks, team buildings, and a learning budget to keep you growing.💌 The Extras: 30+ days off, unlimited sick leave, free office meals, health coverage, and Apple gear to keep you productive. Courses, conferences, sports and wellness benefits — all designed for ideas, focus, and fun.Tomorrow’s fintech needs your mindset. Come build it with us.🫂 Know top talent? We’re always on the lookout. Recommend someone for our role, and if they get hired, there’s a bonus waiting for you — simple as that.
",Solidgate,"SQL,Git,Degree"
78,Junior Recruiter,https://jobs.dou.ua/companies/solidgate/vacancies/332142/?from=first-job,"
Our Mission and VisionAt Solidgate, our mission is clear: to empower outstanding entrepreneurs to build exceptional internet companies. We exist to fuel the builders — the ones shaping the digital economy — with the financial infrastructure they deserve. To achieve that, we’re on a bold path: to become the #1 payments orchestration platform in the world.We believe the future of payments is shaped by people who think big, take ownership, and bring curiosity and drive to everything they do. That’s exactly the kind of teammates we want on board. About the RoleWe’re building a team where everyone can grow fast — and now we’re looking for a Junior Recruiter ready to start this journey.You’ll work side by side with experienced recruiters, learn sourcing tools and hiring processes from scratch.Some experience is a plus, but we’re open to motivated newcomers who are eager to learn and take ownership.Why This Role Matters People are the core of everything we do. Each new hire changes our trajectory. As a recruiter at Solidgate, you’ll directly influence how fast we grow, how strong our culture becomes, and how far we can go in our mission. Your work won’t be hidden in spreadsheets — it will be visible in every product shipped, every new market entered, and every milestone achieved.What You’ll Own— Full recruitment cycle — from sourcing and first contact to pre-boarding of candidates.— Work with ATS (Teamtailor), dashboards, and automation tools to keep processes structured.— Cooperate with hiring managers, adjust and improve search strategies.— Coordinate interviews, gather feedback, and ensure smooth communication with candidates.— Create a positive candidate experience and contribute to the employer brand development.You’re a Great Fit if You Have— 0.5–2 years of experience in recruitment or sourcing (or strong motivation to start your career in this field).— Proactivity and the ability to manage your time effectively.— Excellent communication skills.— English level Upper-Intermediate or higher.— Desire to learn fast, take initiative, and grow into a full-cycle recruiter.Why Solidgate?High-impact role: You’re not inheriting a perfect system — you’re building one. As our Recruiter, your work will define how we scale and what kind of company we become.A platform with reach: We’re not just another orchestration tool. Solidgate is building a full-stack financial platform with deep product capabilities — from payment routing to chargeback management and indirect tax handling. The people you bring in will directly shape these products.Momentum & ambition: We’re scaling fast. This is hyper-growth in action. You’ll see the results of your work from day one — every hire you close accelerates our journey to #1 in the world.High-caliber team: Join leaders from top global fintechs and tech companies. We value ownership, excellence, and impact — and you’ll collaborate with fintech professionals with proven track records.Meaningful work: Recruitment here is not just about filling seats. You’ll help define our talent strategy and go-to-market motion in key European and global markets, influencing the future of the company.💌 The Extras: 30+ days off, unlimited sick leave, free office meals, health coverage, and Apple gear to keep you productive. Courses, conferences, sports and wellness benefits — all designed for ideas, focus, and fun.➡️ We are always open to recommendations of talented individuals!If you want to recommend someone for one of our vacancies, you can do it here. In case of a successful hire, we’ll provide you with a bonus!
",Solidgate,"Git,English"
79,Customer Support Agent (Shifts),https://jobs.dou.ua/companies/solidgate/vacancies/290209/?from=first-job,"
Our Mission and VisionAt Solidgate, our mission is clear: to empower outstanding entrepreneurs to build exceptional internet companies. We exist to fuel the builders — the ones shaping the digital economy — with the financial infrastructure they deserve. To achieve that, we’re on a bold path: to become the #1 payments orchestration platform in the world.We believe the future of payments is shaped by people who think big, take ownership, and bring curiosity and drive to everything they do. That’s exactly the kind of teammates we want on board.About the RoleOur Customer Support team is the first point of contact for merchants and partners across the globe, delivering fast, thoughtful support when it matters most. They are the voice of our customers, working hand-in-hand with product and engineering teams to enhance experiences and keep exceptional service at the core of everything we do.We’re looking for a Customer Support Agent who takes ownership of customer issues, goes the extra mile to find solutions, and helps shape the way we support our customers every day.Working with us, you’ll have:no repetitive or routine tasks;the opportunity to dive into the details of the payment world;experience with a complex B2B fintech product;the chance to become a strong professional in a challenging industry.What you’ll be doinghandling incoming L1 support requests;ensuring SLA compliance and timely communication;providing quick, clear, and professional feedback to clients;monitoring recurring questions and suggesting improvements for the knowledge base.What you’ll needBachelor’s or Master’s degree, either completed or underway;strong analytical skills;ability to prioritize tasks and manage multiple requests simultaneously;English proficiency at Upper-Intermediate level or higher.Nice to haveBasic knowledge of SQL.Previous experience in customer support.Work schedule3 evening shifts (15:30–00:00) — 2 days off;3 morning shifts (07:30–16:00) — 2 days off;3 night shifts (23:30–08:00) — 2 days off.Why Solidgate? No internships here — we build careers. Get hands-on from day one and make a real impact.Your work = real outcomes. Shape how global companies move money.Grow like crazy. Learn from top fintech pros and level up faster than anywhere else.Flex your schedule. Balance studies and work with flexible hours that fit your life.Enjoy the ride. A wow office in Kyiv center, daily lunches, snacks, team buildings, and a learning budget to keep you growing.Hiring process: Intro call with a recruiter, Interview with the team, Test task, Final interview with the CEO💌 The Extras: 30+ days off, unlimited sick leave, free office meals, health coverage, and Apple gear to keep you productive. Courses, conferences, sports and wellness benefits — all designed for ideas, focus, and fun.Tomorrow’s fintech needs your mindset. Come build it with us.🫂 Know top talent? We’re always on the lookout. Recommend someone for our role, and if they get hired, there’s a bonus waiting for you — simple as that.
",Solidgate,"SQL,Git,English,Degree"
80,"Intern, Management Consulting",https://jobs.dou.ua/companies/kpmg/vacancies/359249/?from=first-job,"
KPMG* is an international network of independent firms providing audit, tax, and advisory services. You can learn more about KPMG in Ukraine by following the link. KPMG in Ukraine is included in the list of the Top 50 Employers according to Forbes (2023-2024) and in the list of the Top 5 Employers for Youth in the Audit and Consulting Sector, based on a student survey conducted by the branding agency UGEN in 2023-2024. In March 2025, KPMG in Ukraine joined the group of leading companies that were among the first to sign the Veteran-Friendly Business Principles. We have also been included in the list of taxpayers with a high level of voluntary compliance with tax legislation (the so-called “White Club”).Why should you join us?Because we offer:Work in teams that create meaningful impact;Access to internal and external learning opportunities that support professional development;Participation in national reconstruction projects;Psychological support services (an increased number of consultations for mobilized employees, veterans, and those waiting for their return);Medical insurance (with an enhanced insurance package for veterans);29 calendar days of annual leave;5 additional paid wellness days;Well-being webinars, yoga classes, a book club, a women’s community, and a blood donors’ community;The possibility to work remotely or from a comfortable office in the city center;Opportunities for charity and volunteering, support for vulnerable groups, care for animals, and a green office approach;Official salary with full tax contributions;Exciting challenges and transparent growth opportunities;Donations and contribution to our joint victory.KPMG Ukraine is looking for Intern, Management Consulting.An intern will help KPMG clients in addressing strategic and operational challenges by applying KPMG’s international expertise combined with local knowledge and utilizing management consulting practices. This include supporting projects across a range of assignments, including business strategy development, market and industry analysis, operational and process optimization aimed at improving efficiency, supporting growth, and helping clients make informed strategic decisions. You will have an opportunity to work on different assignments with private sector companies, public authorities and international donor organizationsIntern will be part of a project team and will actively contribute to all stages of client engagements from collecting and analyzing information to formulating and testing hypotheses and developing recommendations. Responsibilities will include the following:Supporting the team by conducting research, including gathering, structuring, and systematizing information, as well as benchmarking relevant practices Performing data analysis to identify key issues and generate initial insightsApplying analytical thinking and problem-solving to understand and address client challenges Structuring information and translating analytical outputs into clear visual materials (charts, tables, and graphs) to clearly communicate findings and recommendations Participate in the preparation and delivery of client deliverables (presentations, reports) To fulfill the role the candidate is expected to meet the following requirements:Graduate or last year student (able to work full time)All majors considered, with preference for accounting, finance, business administration, economics, mathematics, or public administrationUpper-Intermediate (B2) level of English proficiency, with strong written and verbal communication skills.Strong analytical and problem-solving skills Basic quantitative and qualitative research skills Flexibility to work across different industries and engagement types Ability to prepare clear and well-structured presentations and reports Confident user of MS Office (Excel, PowerPoint, Word) Curiosity, desire to learn and grow professionally Collaborative team player with strong interpersonal skills KPMG in Ukraine creates a work environment where everyone has opportunities for growth and career development. The company adheres to a zero-tolerance policy toward any form of discrimination based on age, gender, sexual orientation, or disability. We value diverse perspectives and experiences, as we believe that when people with different backgrounds work together, they generate more creative ideas, develop better solutions, and create innovative products.Accepting a Job Offer means joining KPMG Ukraine’s diverse team, expressing your individuality, and realizing your potential.
",KPMG в Україні,English
81,Trainee Lead Generation Specialist,https://jobs.dou.ua/companies/pecode-software/vacancies/359224/?from=first-job,"
Pecode — це ІТ компанія з 8-річним досвідом. Ми будуємо спільноту, яка не просто сповідує клієнтоорієнтованість, а має задавати певні стандарти в усьому: від спілкування з клієнтом і в команді — до надання високоякісних послуг. Ми у пошуках проактивного Trainee Lead Generation Specialist, який підсилить команду лідогенераторів.Чим ми пишаємось? Якщо коротко: — Нашими неймовірними 130-ма пекодівцями.— Top Rated Plus агенція на Upwork.— Top Software Testing in Ukraine, Eastern Europe and Globally за версією Clutch.— Сотні реалізованих проектів, як для малих стартапів так і для компаній зі списку Fortune 500.Що для нас важливо: — Володіння українською (вільно) та англійською (письмова та розмовна В1). — Розуміння принципів ділової комунікації.— Вміння швидко навчатися.— Базове розуміння IT процесів.— Базові навички роботи з AI (ChatGPT/Grammarly).Буде перевагою: — Знання Upwork.Умови та формат роботи: — Фултайм.— Офісний, гібридний, або повністю віддалений формат роботи. — Випробувальний термін 3 місяці.— Після проходження ВТ бонус за кожного sql ліда.— Менторська програма з чіткими цілями.— Чіткий онбординговий процес.Що ми пропонуємо: — 14 робочих днів оплачуваної щорічної відпустки.— 10 робочих днів оплачуваного sick leave.— Оплачувані державні вихідні.— Необмежена кількість неоплачуваних days off.— Компенсація навчальних програм — до 75%.— Надаємо робочу техніку (MacOS або Windows).— Регулярні командні тімбілдінги (онлайн та офлайн).— Корпоративні знижки від IT Club Loyalty.— Грошовий бонус та baby box при народженні дитини.— Збереження робочого місця на період декретної відпустки.— Грошовий бонус та додаткові дні відпустки у разі одруження.— Корпоративний бухгалтер.Нумо знайомитись? Website👉🏼 Behance👉🏼 Instagram
",Pecode,SQL
82,People Ops. Assistant,https://jobs.dou.ua/companies/futurra-group/vacancies/359218/?from=first-job,"
Futurra Group — мультипродуктова IT-компанія з українським корінням. З 2016 року ми створюємо кросплатформенні продукти на перетині EdTech, AI та Lifestyle. Нашими застосунками користуються понад 100 мільйонів людей у всьому світі.Наші продукти:MusesAcademy — EdTech-застосунок для жінок, який змінює підхід до самоосвіти, емоційного розвитку та побудови стосунків. Команда розробляє AI-функціонал, будує персоналізовану навчальну систему, оптимізовує engagement і retention-механіки. У 2025 році кількість користувачів зросла кратно порівняно з 2024 роком, демонструючи стабільні двозначні темпи місячного приросту.VPN — кросплатформенний сервіс на власних протоколах, який 5+ років забезпечує стабільний доступ до web-ресурсів на ринках Азії.MathMaster — застосунок для розв’язання математичних задач за допомогою AI та експертів. Під час активного росту ми вивели продукт у топ-5 у США в категорії Math Q&A.Наша команда здобула глибоку аналітичну та продуктову експертизу в EdTech і AI, яку сьогодні застосовує в нових напрямах.Компанія зростає — і разом із цим зростає кількість внутрішніх процесів, активностей та комунікацій зі співробітниками. Тому ми розширюємо People Ops Department і шукаємо People Ops Assistant, який(а) допоможе команді підтримувати якісний employee experience та поступово зростати в People / Operations напрямку.Чому тобі до нас?Робота в комфортному офісі на Подолі.Можливість part-time або full-time, можна поєднувати з навчанням.Команда, яка підтримує й навчає.Реальний вхід у продуктове IT без попереднього досвіду.Можливість спробувати себе в різних напрямках People Ops і не тільки.Твої зони впливу:Адміністративна підтримка HR-команди в щоденних процесах.Підтримка онбордингу нових співробітників: welcome-листи та привітання, чек-листи першого дня, координація матеріалів і доступів.Контроль актуальності HR-документації та шаблонів.Робота з HR-мерчем: облік залишків, замовлення мерчу, підготовка welcome-паків.Підтримка внутрішніх івентів та активностей компанії.Комунікація з командою (анонси, нагадування, інструкції).Збір та систематизація фідбеку після активностей.Ти саме та людина, як ми шукаємо, якщо:Відповідальний(а) та дотримуєшся дедлайну.Комунікабельний(а) та вмієш чітко формулювати думки.Організований(а) і вмієш працювати з кількома задачами одночасно.Швидко навчаєшся та не боїшся нових викликів.Хочеш спробувати себе в People / HR / Operations в IT.Проживаєш у Києві й готовий(а) працювати з офісу.Твої навички:Впевнене користування ПК (Windows / macOS).Google Workspace / MS Office: Docs/Word та Sheets/Excel (базовий рівень).Навички ділового листування (email, месенджери).Уважність до деталей і системність у роботі.Англійська — A2.Твої виклики у перші 3 місяці:Ознайомитися з продуктами та структурою компанії.Розібратися в HR-процесах (onboarding, внутрішні запити).Навчитися працювати з HR-інструментами та документацією.Взяти участь в організації щонайменше одного внутрішнього івенту.Розібратися в офіс-менеджмент процесах.Запропонувати 1–2 ідеї для покращення HR Ops / івентів / мерчу.Чому з нами комфортно: 1. Ми дбаємо про базу, щоб зосереджуватися на головному:Офіс на Подолі з терасою й усім необхідним для роботи.Сніданки, обіди та снеки (обирай серед 3 постачальників).Уся техніка, яку потребуєш для комфортної роботи.24 робочі дні відпустки + офіційні святкові дні та безлімітні лікарняні.Консультації бухгалтера та юридична підтримка.Знижки від партнерів на одяг, техніку, спорт, навчання і не тільки.Спорт: бігаємо разом, займаємось йогою, проводимо челенджі, граємо волейбол.Регулярно святкуємо перемоги: як командні, так і персональні.2. Твоє зростання — наша спільна мета:90% наших керівників виросли всередині команди.Можливі вектори розвитку: → вертикальний (ріст у межах ролі)→ горизонтальний (перехід на новий функціонал)→ кросфункціональний (перекваліфікація всередині продуктів)Часткова компенсація навчань, доступ до корпоративної бібліотеки.Внутрішні івенти, обміни досвідом, хакатони.Комфортний онбординг: бадді на старті, постійна підтримка команди.Відкритий доступ до C-level: можеш ставити будь-які питання напряму або дізнатися апдейти на all-hands.Прозора компенсація, яка залежить від твоїх результатів.3. Ми створюємо середовище, де:Побачив(ла), як покращити — запропонував(ла), ми відразу разом реалізували.Для нас важлива думка кожного: від джуна до C-level.Наша співпраця підсилює результати кожного.Не обмежуємо себе рамками — ані в ідеях, ані в підходах.Перевершуємо себе та прагнемо більшого.Прозорі процеси, довіра, мінімум бюрократії.Швидко приймаємо рішення, тестуємо, зростаємо.4. Ми — частина активного суспільства:Підтримуємо захисників і цивільних.Партнери SKELAR Foundation.Запускали освітні ініціативи для ветеранів.У нас прийнято думати глибше та діяти сміливіше. Ми віримо, що кожен може впливати на продукт, команду та культуру. Ми не обіцяємо легкого шляху, але з нами ти отримаєш досвід, який змінює тебе і світ навколо.Шлях до команди:Знайомство з рекрутером.Тестове завдання.Інтерв’ю з менеджером (People Ops).Якщо це метч — робимо офер.
",Futurra Group,not found
83,FinTech Trainee,https://jobs.dou.ua/companies/spendbase/vacancies/359213/?from=first-job,"
Let’s talk about your future in fintech! Spendbase is a global fintech company with a startup mindset, helping businesses optimize their spending on SaaS, cloud services, and corporate cards. We’re coming to UCU because we believe the next generation of fintech talent is already here — and we’d love to meet you.This is an open application created specifically for talents without experience. We’re not tied to a single role: we’re here to talk, learn about your strengths and ambitions, and explore where you could grow with us. Whether you’re drawn to operations, customer-facing work, tech, finance, or something we haven’t even hired for yet — let’s start the conversation.
Available directions for now:Sales — talking to real customers, solving real problems, closing real deals.Development — building the product thousands of businesses rely on every day.Cloud Operations — keeping everything running behind the scenes.AI Operations — turning AI into real workflows that move the business forward.Key qualities we’re looking for in every department:Startup personality — for us, that means flexibility, proactiveness, and creativityStrong English skills — Upper-Intermediate level requiredCritical thinking — the ability to ask the right questions, not just execute tasksCommunication skills — clear, concise, and respectfulEagerness to develop new skills — we’ll teach, but you have to want to learnA technical background or education would be a plus.Position highlights:Mentorship from people who’ll actually invest in your growthA fast-paced, innovative environment where your work has visible impact from day oneSignificant potential for career growth — in a scaling company, opportunities open up faster than you’d expectWhat we offer:Competitive pay with regular performance reviewsPaid vacation and sick leavePaid overtimeOnline medical consultation servicesCareer growth opportunities with mentorship and guidanceJoin the growth!
",Spendbase,English
84,Intern Legal,https://jobs.dou.ua/companies/ubisoft/vacancies/359185/?from=first-job,"
About Ubisoft: Ubisoft’s professionals, working across more than 40 locations around the world, are bound by a common mission to enrich players’ lives with original and memorable gaming experiences. Their dedication and talent have brought to life many acclaimed franchises such as Assassin’s Creed, Far Cry, Watch Dogs, Just Dance, Rainbow Six, and many more. Job Description: We are looking for a detail-oriented Legal Intern to assist our company’s legal function, namely contract lifecycle management, document archiving and data migration projects as well as other related business activities in the various areas of business operations. This role is essential for ensuring our contract and other legal databases are accurate, up-to-date, and compliant with internal policies. Responsibilities: Contract database management: maintain the electronic legal platform by uploading contract forms and scanning all paper agreements; ensuring all metadata is accurately recorded. Archiving & document control: organize digital and paper archives of contracts and other legal documents according to company standards; update internal tracking tables to ensure document completeness. Drafting legal documentation: prepare standard documents based on the existing templates. Other work under the supervision of Legal Counsel. Requirements: Student (4th-6th year) or recent graduate in Law or International Law. Exceptional attention to detail. Strong writing and editing skills in Ukrainian. English at least Upper-Intermediate level (writing) is a must. Basic knowledge of Commercial, Civil and Labour Law. Willingness to learn how to draft commercial- and labour-related agreements, as well as other legal documents. Confident user of MS Office (Word, Excel) and legal databases. Would be a plus: Highly motivated, a self-starter, and keen to take responsibility. Good knowledge of Microsoft 365. English Advanced level (writing). 
",Ubisoft,"Git,English"
85,Junior PE Accountant,https://jobs.dou.ua/companies/jatapp/vacancies/359171/?from=first-job,"
Ми — IT компанія JATAPP, і ми створюємо продукти, якими користуються мільйони юзерів зі всього світу. У нашому портфоліо — вже 20+ різноманітних продуктів виключно у білих нішах: Business, Utilities, Lifestyle, Cybersecurity, Education, а також активно розвиваємо e-commerce та web. І ще більше попереду!Ми шукаємо Junior PE Accountant в нашу фінансову команду для бухгалтерської підтримки наших співробітників з ФОП та ведення документообігу.Ключові задачі:Ведення Книги обліку доходів фізичних осіб-підприємців (ФОП) в електронному виглядіРозрахунок та контроль сплати податків на доходи ФОПДопомога у формуванні та поданні податкових деклараційДопомога у створення ключів ЕЦПКонсультації щодо питань бухгалтерії та податків для підприємцівКонсультування приватних підприємців в процесі реєстрації, перереєстрації та закриттяСтворення архіву з особовими справами ФОПФінансовий онбординг нових співробітників компаніїЩо ми очікуємо від тебе:Знання основ бухгалтерії та податкового законодавства УкраїниЗнання специфіки роботи з ФОП та єдиного податкуВища або професійна освіта (бухгалтерський облік, економіка, фінанси)Впевнене володіння ПК (Excel, Word)Увага до деталейВідповідальність,Відмінні комунікаційні навичкиБуде плюсом:Experience in managing and supporting PE (group 3)Рекрутмент процес:Інтервʼю з рекрутером -Технічне інтервʼю — Фінальне інтервʼю — Збір рекомендацій — ОфферМи пропонуємо:Mental and Physical Health: турбота про здоров’я — це маст, тож в JATAPP ти матимеш повне медичне страхуванняBenefits Cafeteria: обирай, що більше до вподоби — заняття спортом, доставка їжі, товари для домашнього офісу Knowledge sharing: такі події — це наш спосіб рости разом. Ми збираємося, щоб обговорювати нові тренди, ділитися власними інсайтами та прокачувати одне одногоRemote-First Culture: працюй, де завгодно, головне для нас — результат та безпека Personal Equipment Policy: жодних технічних клопотів — ти отримаєш MacBook і все необхідне для комфортної та ефективної роботиLearning and Development Opportunities: для нас споглядати, як ти вчишся, — суцільне задоволення, тож ми з радістю покриваємо твоє навчання та підвищення кваліфікації, а також компенсуємо курси англійської мови Community of like-minded people: в JATAPP ти працюватимеш в команді однодумців, з якими залюбки можна і продукт запустити, і марафон пробігти, і Говерлу підкоритиCreative freedom: ми заохочуємо ініціативність, творче мислення та креативний підхід, тож з нами ти можеш бути самим собою і мати свободу професійного самовираженняLegal & Finance Support: ми співпрацюємо з найкращими фінансистами та юристами, які з радістю допоможуть вирішити будь-яке твоє питання за запитом Time-off Policy: щорічна відпустка у розмірі 20 робочих днів на рік, 5 днів sick leave без медичного підтвердження, безлімітна кількість лікарняних із довідкою від лікаря, 3 personal days та по 2 days off дні з нагоди особливих подій
",JATAPP,Degree
86,Junior Project Manager,https://jobs.dou.ua/companies/archi-cgi/vacancies/205017/?from=first-job,"
ArchiCGI запрошує в команду Junior Project Manager (робота в офісі м. Київ, досвід роботи необов’язковий).Які навички знадобляться тобі?🔹 Англійська не нижче рівня Upper-Intermediate;🔹 Досвід роботи PM не обов’язковий, але буде плюсом;🔹 Повна або неповна вища освіта, необов’язково пов’язана з архітектурою (але вміння читати креслення буде плюсом);🔹 Спрямованість на результат;🔹 Самоорганізованість і вміння організувати інших;🔹 Уміння самостійно приймати рішення, і нести за них відповідальність;🔹 Уважність до деталей;🔹 Стресостійкість;🔹 Комунікабельність, вміння взаємодіяти в команді, знаходити підхід до людей (як до замовників, так і до колег). Що потрібно буде робити?🔹 Узгодження з клієнтом етапів виконання проекту;🔹 Складання списку завдань і контроль термінів їх виконання для учасників команди проекту;🔹 Грамотний переклад та складання ТЗ для команди проекту;🔹 Вирішення спорів та нестандартних ситуацій.І це лише короткий список основних твоїх обов’язків. Project Manager — це та людина, яка веде комунікацію з клієнтами, і підтримка репутації компанії — його безпосереднє завдання. Так само, як і організація роботи, та контроль виконання з боку виконавців. Пропонуємо ми:🔸 Заробітну плату від 400$ до 600$ в перші пів року, далі від 1000-2500$ (розглядаємо тільки кандидатів які вказали очікуваний дохід на старті до 600$);🔸 Ми — українська компанія і підтримуємо Україну в боротьбі проти російської агресії. Ми зберігаємо робочі місця для мобілізованих колег і надаємо фінансову допомогу для тих, кого торкнулася війна. Також у нас власний фонд, що допомагає закупити усе необхідне для наших партнерів які зараз захищають Україну та надає підтримку цивільним.🔸 Формат роботи на першому етапі — офіс, але в майбутньому можливий гібридний формат роботи. Офіс працює як коворкінг 24/7, є резервне живлення (UPS) та Starlink, аби ви могли працювати безперебійно, а також є комфортне бомбосховище;🔸Гнучкий графік роботи. Ми не відстежуємо хто коли прийшов чи пішов, бо в нашій спільноті ми цінуємо довіру;🔸 Постійне професійне зростання у команді однодумців та взаємодія з великими міжнародними компаніями над створенням сучасних продуктів в галузі архітектурного CGI;🔸 Команди, якими ми пишаємося. Ми будуємо чесні, відкриті та надійні відносини всередині команди. У кожного є можливість впливати на процеси та реалізовувати ідеї. Ми заохочуємо відкрито ділитись фідбеком та проводимо навчання як його правильно надавати/отримувати;🔸 Навчання у компанії: безплатна англійська, яка допоможе просунути твій рівень до здачі тестування GMAT; електрона бібліотека з фаховими курсами пов’язані з нашим продуктом; корпоративні тренінги, які допоможуть покращити твої навички переговорів, асертивності тощо;🔸 Ваше здоров’я — наш пріоритет. Саме для цього у нас є власна обладнана тренажерна зала, де ви можете займатися в групових заняттях з тренером або самостійно. Якщо тобі подобається більш кардіо є сайкли з професійним тренером. Або ж якщо тобі ближче духовна, ментальна та фізична практики є можливість займатися з тічерами йоги або стретчингу;🔸 Власний затишний офіс в 7 хв пішки від метро Лук’янівська з усім необхідними умовами для комфортного знаходження. У нашому просторі чимало зручних робочих зон, свій тренажерний зал, кухні, мітинг румс, власна кав’ярня та продуктові крамниці;🔸 Відповідальність та залученість. Ініціативних, активних і відповідальних співробітників чекає можливість брати участь в стратегічних сесіях компанії з можливістю впливати на загальний вектор розвитку компанії та отримати за це різні винагороди;🔸 Ми за рівні можливості для всіх. ArchiCGI наймає талановитих фахівців(-чинь) незалежно від походження, гендеру, сексуальної орієнтації, кольору шкіри, фізичних можливостей. У нас безпечний та інклюзивний простір для всіх.🔸 І звісно все для настрою — масаж/манікюр/настільний футбол/теніс/більярд та ще багато іншого що допоможе тобі перезавантажитись в процесі робочого дня. Креативність, посидючість, системність, наявність почуття стилю, любов до дизайну, аналітичний склад розуму — набір прекрасних якостей, які підвищать ваші шанси на успіх в житті, і на співбесіді! Готовий до початку непростий, конкурентної і цікавою кар’єри? Якщо ти хочеш змінити своє життя на краще — відправляй своє резюме! Досить чекати, пора діяти!
",ArchiCGI,"English,Degree"
87,Trainee/Junior Lead Generation Specialist,https://jobs.dou.ua/companies/binariks/vacancies/312798/?from=first-job,"
Binariks is actively seeking a motivated Lead Generation Specialist eager to grow and support our lead generation team in designing, driving, and executing lead generation strategies. We welcome experienced specialists to join our team.What We’re Looking For:Good understanding of the IT marketIntermediate English and higherProactiveness, motivation, and honesty are a mustResult orientation and ability to provide results in the short termGood prioritization abilities, time management and self-organization skillsAbility to multitask and attention to detailYour Responsibilities:Generating business leads primarily through outbound channelsAttracting and converting prospects into leadsBuilding up effective communications with prospects via social media (LinkedIn, email)Searching and analyzing information on potential or existing customers and marketsActively participating in identifying new markets and directionsWorking with cold email automation toolsWorking with CRM dailyMaking fundamental research of the companies and contacts within the focus markets and target companies
",Binariks,English
88,Trainee User Acquisition Manager (Meta Ads),https://jobs.dou.ua/companies/amo/vacancies/358980/?from=first-job,"
AMO — міжнародна IT-компанія, яка створює продукти та історії для мільйонів користувачів. Маємо своє англомовне медіа, власний відеопродакшн та розробляємо додатки у сфері health & fitness. Ми вважаємо, що світ стане кращим, коли ми розкриємо свої суперсили. Тому AMO допомагає людям знаходити та розвивати їх. Це наша місія. Наразі ми активно розвиваємо напрямок маркетингу в AMO Publishing та будуємо User Acquisition команду, яка аналізує й масштабує успішні рекламні кампанії та креативи, тестує нові джерела трафіку й автоматизує процеси за допомогою AI і алгоритмів. Шукаємо User Acquisition Manager (Meta Ads), який/яка хоче розібратися, як влаштована робота з рекламними кабінетами, цифрами та автоматизацією — і готовий/а вчитися це робити системно. Ця роль — чудова можливість розпочати кар’єру в digital-маркетингу! Якщо в тебе поки що немає практичного досвіду, але є бажання зрозуміти, як працює реклама, алгоритми та AI — ми готові навчати, підтримувати та поступово занурювати в процеси. Якщо тебе драйвить аналітика, цифри та нові технології — let’s go! Що потрібно робити?Аналізувати перформанс рекламних кампаній і приймати рішення щодо свого портфелю — не хвилюйся, ми навчимо 😉;Масштабувати успішні креативи команди медіабайєрів — запускати їх на нових джерелах трафіку (Meta, TikTok та ін.);Працювати з AI-інструментами та поступово автоматизувати рутинні задачі;Взаємодіяти з командою медіабайєрів та своїм ментором.Що важливо для цієї ролі: Наявність профільної освіти та бажання розвиватись в сфері онлайн-маркетингу;Аналітичний склад розуму та інтерес до цифр і даних; Уважність до деталей та відповідальність;Вміння організовувати себе і не губитися в дедлайнах;Здатність швидко навчатись;Бажання розбиратися в AI-інструментах і застосовувати їх на практиці; Рівень англійської — B1 і вище.В AMO ми створюємо умови, що дозволяють поєднувати професійне зростання із турботою про себе, і пропонуємо:Відпочинок та баланс. Найкращі результати досягаються в гармонії з особистим життям, тому ми надаємо 20 робочих днів відпустки на рік і двічі на рік — додаткові оплачувані канікули для перезавантаження. У разі хвороби — необмежені оплачувані лікарняні, щоб зосередитися на відновленні.Здоров’я та спорт. Повністю покриваємо медичне страхування з першого робочого місяця. Для підтримки активного способу життя організовуємо корпоративні тренування з йоги, боксу та функціональних вправ в офісі, додатково також кожен спеціаліст має власний wellbeing депозит. В офісі на тебе щоденно чекають сніданки та обіди, щоб ти міг/могла зосередитися на роботі.Розвиток та навчання. Твій розвиток — це інвестиція у твоє майбутнє та майбутнє компанії. Компанія покриває більшу частину витрат на зовнішні курси, а також надає можливість покращувати знання через внутрішнє навчання.Як проходитиме відбір:Коротке Self Video Interview;Intro-дзвінок з рекрутером;Тестове завдання;Інтерв’ю з командою.У нашій компанії ти зможеш швидко та впевнено зростати, адже матимеш для цього все необхідне: від сильної команди, готової підтримувати й ділитися експертизою, до цікавих викликів. Ти долучишся до команди медіабаїнгу, де працюватимеш пліч-о-пліч із досвідченими маркетологами. А це — потужний буст твоїх знань і можливість на практиці прокачати навички, необхідні для якісної роботи маркетинг-менеджера. Тож відправляй своє CV та почни нову історію разом з AMO Publishing! 
",AMO,Git
89,Технік з ремонту та обслуговування НРК,https://jobs.dou.ua/companies/lugansk-oshb-npu-lyut/vacancies/348563/?from=first-job,"
Що ми очікуємо від кандидата?Технічна база: Розуміння принципів радіотехніки та схемотехніки. Ви повинні «читати» плати та розуміти, як проходить сигнал.Навички: Впевнене володіння паяльним обладнанням (пайка SMD-компонентів, роз’ємів, відновлення шлейфів).Діагностика: Вміння знаходити несправності в засобах зв’язку та електроніці.Готовність навчатися: Якщо ви не працювали саме з НРК, але маєте «прямі руки» та технічний склад розуму — ми всього навчимо.Основні обов’язки:Обслуговування та оперативний ремонт наземних роботизованих комплексів (НРК).Підтримка працездатності спеціального обладнання.Що ми пропонуємо?Статус: Офіційне працевлаштування (служба в лавах Національної поліції України).Грошове забезпечення: Стабільна заробітна плата + бойові виплати (згідно з нормами НПУ).Навчання: Професійна підготовка за фахом, робота з найсучаснішими зразками техніки.Соціальний пакет: Повне медичне забезпечення, страхування та інші гарантії для співробітників поліції.Сенс: Можливість безпосередньо впливати на ефективність бойових операцій за допомогою технологій.
","Штурмовий полк ""Луганськ"" ОШБ НПУ ""Лють""",not found
90,Hardware Engineer (Інженер з розробки електроніки (PCB)),https://jobs.dou.ua/companies/biznes-konsultant-tov/vacancies/329768/?from=first-job,"
📍 Офіс — Тернопіль 💼 Full-time | від 2000$Ця пропозиція передбачає офлайн формат роботи у місті Тернопіль. Наша компанія працює у сфері радіочастотних технологій та співпрацює з проєктами для оборонного сектору України. Ми запрошуємо ІНЖЕНЕРА З ПРОЕКТУВАННЯ ДРУКОВАНИХ ПЛАТ приєднатися до нашої команди. Робота у нас — це можливість брати участь у розробці передових технологій, працювати над інноваційними проектами, які допомагають нашим військовим!Приєднуйтесь до нашої команди та допоможіть наблизити перемогу, кожен співробітник робить вагомий внесок у захист країни!Основні вимоги:Досвід проєктування друкованих плат у Altium Designer або KiCAD.Знання правил трасування та основ виробництва друкованих плат.Розробка принципових електричних схем.Досвід проєктування багатошарових плат.Трасування високошвидкісних ліній (АЦП/ЦАП, пам’ять, тактування) та робота з контролем імпедансу.Розміщення компонентів, планування стеку шарів, проєктування живлення.Підготовка виробничої документації (Gerber, BOM) та супровід прототипування.Взаємодія з FPGA та RF інженерами.Буде плюсом:Досвід роботи з ВЧ (RF) пристроями.Базові знання C/C++ для мікроконтролерів (STM32, ESP32) для взаємодії з розробниками Embedded.Обов’язки:Розробка цифрових і аналогових схем, проєктування та оптимізація друкованих плат.Підготовка конструкторської документації для виробництва.Збірка та тестування прототипів.Особисті якості:Високий рівень відповідальності, ініціативність та проактивність.Вміння ефективно працювати як в команді, так і самостійно.Аналітичний склад розуму та уважність до деталей.Цінуємо кожного співробітника та пропонуємо:Гарантії безпеки:Бронювання з першого тижня роботи.Наявність бомбосховища.Стабільність та офіційне працевлаштування:Офіційне оформлення на ТОВ з першого робочого дня.Стабільна та своєчасна виплата заробітної плати.Підтримка та розвиток:Юридичний супровід з питань військового обліку.Адаптація та підтримка на етапі входження в посаду.Допомога при переїзді.Умови:Зарплата за результатами співбесіди (в залежності від досвіду).Графік роботи: п’ятиденний робочий тиждень, з 10:00 до 18:00; вихідні — субота та неділя.Соцпакет: 30 календарних днів відпустки, оплачувані лікарняні, гарантії згідно законодавства.Облаштована зона відпочинку з кавою та різними смаколиками.📝 Процес відбору:Онлайн-співбесідаТестове завдання або кейс (за потреби)
",Бізнес Консультант ТОВ,not found
91,Embedded Engineer / Інженер-розробник вбудованих систем,https://jobs.dou.ua/companies/biznes-konsultant-tov/vacancies/329766/?from=first-job,"
📍 Офіс — Тернопіль 💼 Full-time | від 2000$ Ця пропозиція передбачає офлайн формат роботи у місті Тернопіль. Наша компанія працює у сфері радіочастотних технологій та співпрацює з проєктами для оборонного сектору України. Ми запрошуємо Embedded Engineer приєднатися до нашої команди. Робота у нас — це можливість брати участь у розробці передових технологій, працювати над інноваційними проектами, які допомагають нашим військовим!Приєднуйтесь до нашої команди та допоможіть наблизити перемогу, кожен співробітник робить вагомий внесок у захист країни!Основні вимоги:Досвід роботи з мікроконтролерами сімейств STM32 та AVR.Впевнене володіння мовами програмування: C / C++, базові навички Python для автоматизації та скриптів.Глибоке розуміння роботи периферії та інтерфейсів: SPI, UART, I2C, PWM, CAN, SBUS.Практичний досвід розробки, налагодження та тестування вбудованих систем.Вміння працювати з вимірювальним обладнанням: мультиметри, осцилографи, логічні аналізатори.Знання та впевнена робота з Git (branching, code review, CI-базові принципи).Буде плюсом:Досвід роботи з Raspberry Pi або іншими SBC (Single Board Computers).Навички проєктування друкованих плат (PCB) у Altium Designer, KiCad або аналогічних CAD-системах.Знання англійської мови на рівні Intermediate або вище (технічна документація, комунікація).Обов’язки:Розробка, програмування та налагодження мікроконтролерних пристроїв.Створення та підтримка прошивок для систем збору, обробки та передачі даних.Проведення тестування прототипів, пошук і усунення помилок (debugging, optimization).Участь у проєктуванні схемотехніки та друкованих плат, взаємодія з hardware-командою.Співпраця з командою розробників програмного та апаратного забезпечення на всіх етапах розробки продукту.Особисті якості:Високий рівень відповідальності, ініціативність та проактивність.Вміння ефективно працювати як у команді, так і самостійно.Аналітичне мислення та уважність до деталей.Цінуємо кожного співробітника та пропонуємо:Гарантії безпеки:Бронювання з першого тижня роботи.Наявність бомбосховища.Стабільність та офіційне працевлаштування:Офіційне оформлення на ТОВ з першого робочого дня.Стабільна та своєчасна виплата заробітної плати.Підтримка та розвиток:Юридичний супровід з питань військового обліку.Адаптація та підтримка на етапі входження в посаду.Допомога при переїзді.Умови:Зарплата за результатами співбесіди (в залежності від досвіду).Графік роботи: п’ятиденний робочий тиждень, з 10:00 до 18:00; вихідні — субота та неділя.Соцпакет: 30 календарних днів відпустки, оплачувані лікарняні, гарантії згідно законодавства.Облаштована зона відпочинку з кавою та різними смаколиками.📝 Процес відбору:Онлайн-співбесідаТестове завдання або кейс (за потреби) Шановні кандидати, ми розглянемо резюме протягом 5-ти робочих днів, та у разі позитивного рішення обовʼязково звʼяжемося з Вами.
",Бізнес Консультант ТОВ,"Python,Git,English"
92,Payment Operations Coordinator,https://jobs.dou.ua/companies/justmarkets/vacancies/308935/?from=first-job,"
Ми стрімко зростаємо та розширюємо наші команди, тому шукаємо вмотивованого фахівця на позицію Payment Operations Coordinator до відділу Back Office.Вимоги:Знання Excel та Google SheetsВпевнені навички роботи з ПКРозвинуті аналітичні здібностіГотовність працювати за позмінним графіком (робочі зміни по 8 годин, передбачено 3–5 нічних змін на місяць).Рівень англійської мови — не нижче Strong Pre-IntermediateОбов’язки:Обробка запитів від клієнтів та партнерів, вирішення питань, пов’язаних із транзакціями та іншими операційними процесамиВедення листування з клієнтами та партнерами електронною поштоюВзаємодія з мерчантами та постачальниками з метою вирішення спірних ситуаційВиконання додаткових технічних завдань, пов’язаних із робочими процесамиМи пропонуємо:Відкритість до кандидатів з мінімальним досвідом160 оплачуваних годин відпустки на рік10 оплачуваних днів лікарняного на рікМедичне страхуванняМожливість працювати віддаленоБюджет на професійне навчанняБюджет на вивчення мовБюджет на оздоровлення (абонементи до спортзалу, спортивне спорядження та інші пов’язані витрати)
",JustMarkets Tech,English
93,English teacher (online),https://jobs.dou.ua/companies/allright/vacancies/322268/?from=first-job,"
All Right is a leading Ukrainian IT company that has been helping children worldwide learn English with ease and enjoyment for 8 years! We have developed a unique ecosystem that includes an interactive platform for teaching according to Cambridge YLE standards and an AI-powered mobile app. Our technologies make learning fun for children and help teachers deliver knowledge effectively.Currently, we have over 10,000 students from various parts of the world: from Ukraine to Poland, Italy, Spain, Israel, Romania, and beyond. Our mission is to make learning English an exciting and accessible journey for every child.What to expect: You will conduct one-on-one lessons for motivated children aged 4 to 13 on our interactive platform equipped with the latest technology. We’ve made sure that lesson preparation takes minimal time; our professional team already prepares all teaching materials and instructions. This allows you to focus entirely on quality teaching and making learning effective and engaging for the children!What you’ll need to succeed:English proficiency at B2 level or higher.Experience and desire to work with children aged 4 to 13.A quiet workspace with a stable internet connection for comfortable lessons.You will have the opportunity to work 15 hours per week, efficiently combining teaching with your main job or studies.It will be a plus if you have:Education in pedagogy, linguistics, or a related field, and/or a teaching certification such as TESOL/TESL/TEFL/CELTA or equivalent.What we offer:Remote work with a flexible schedule: You can work from anywhere in the world, balancing work with your personal life.Control over your earnings: We offer a competitive rate and bonuses of up to 10%. Compensation is paid every two weeks, allowing you to see the results of your work quickly.Continuous professional development: We regularly host webinars and workshops to help you enhance your skills and stay up to date with the latest teaching trends.Time-saving lesson preparation: All teaching materials are ready, so you can focus entirely on delivering lessons.Constant support: If you have questions, our professional support team is just one click away.Multicultural community: You will become part of a global network of teachers, where you can exchange experiences with colleagues from around the world and connect with native speakers.Employment options and potential earnings over 4 weeks (including up to 10% bonuses):Part-time (15 hours/week): 11.880 hrn;Part-time (25 hours/week): 19.800 hrn;Full-time (40 hours/week): 31.680 hrn;Full-time (42+ hours/week): from 33.264 hrn to 44.500 hrn.Apply now, complete the interview, and become part of All Right’ international team of teachers!It’s super easy — just follow this link: https://allright.recruitee.com/o/online-english-teacher-for-kids?source=DOU
",All Right,not found
94,Junior E-mail marketer (Kyiv),https://jobs.dou.ua/companies/epc-network/vacancies/358910/?from=first-job,"
Employment Type: Full-timeWork Format: Office-based (Kyiv)Contract Type: Ukrainian FOPSeniority Level: Junior / Strong JuniorHi seeker!We are an international digital marketing company working exclusively with the US market across niches such as Fintech, Healthcare, Insurance, Pet-care, and more.Our team is growing rapidly, and we are looking for ambitious, disciplined, and motivated people who are ready to grow in Email Marketing, work hard, learn fast, and build a strong career in a high-performance environment.We value people who are hungry for growth, results, and financial success.Requirements:— Basic understanding of Email Marketing principles and ESP platforms;— HTML/CSS basic knowledge will be an advantage;— Practical experience using AI models for content-related tasks; — Ability to work in a multitasking environment; — Strong self-organization and time-management skills; — Readiness to work with technical tasks and new platforms; — Stress resistance and ability to adapt quickly to fast-changing environments; — Strong interest in developing specifically in performance/email marketing, not just “marketing in general”; — Ability to learn quickly and work with large amounts of information;— Technical mindset and attention to detail;— English level: Intermediate or higher;What you will do:— Work closely with Middle and Senior Email Marketing Managers on launching and optimizing email campaigns;— Monitor campaign performance and assist with reporting and analytics;— Learn to work with enterprise-level ESP platforms and modern marketing tools;— Support daily operational processes within the Email Marketing department;— Learn fast, grow fast, and gradually take ownership of your own projects;— Analyze campaign launch results and suggest improvements;— Work with audience segmentation and database optimization;— Assist with setting up new domains and email infrastructure; — Participate in A/B testing of content, offers, and strategies; — Collaborate with internal teams to launch new projects; — Monitor deliverability quality and domain reputation; — Work in a fast-paced environment with rapid changes and a large number of tests. What we are looking for:— Ambitious specialists who want to build a long-term career.— Highly motivated and result-oriented personalities;— Candidates who are comfortable with structured work, discipline, and fast-paced environments;— Individuals who are proactive, mature, and ready to invest effort into their professional growth.— People with strong internal drive and motivation to grow quickly; — Candidates who are not afraid of technical tasks and new challenges; — People who know how to take responsibility for results; — Those who enjoy working with numbers and analytics; — Self-sufficient individuals who do not require constant micromanagement; — Candidates with a strong “problem solver” mindset; — People who are focused on achieving results, not just “putting in hours”; What it means to be part of our Team:🎓 Your professional and personal development:Multinational and intercultural experienceCorporate libraryA world-class team to work withGrowth opportunities inside a fast-growing companyAccess to cutting-edge frameworks, technologies, and AI toolsReal карьерний ріст в Email Marketing🧘 Well-being:Competitive salaryBonuses according to the policy21 paid vacation days & 14 paid sick leavesTeam-building and social events😌 Working environment:Cozy office in KyivCoffee, tea, Red Bull, sweets, fruits, and snacksStrong team culture and supportive onboarding process💌 Interested?We’re looking for smart, disciplined, and ambitious people ready to grow together with us.If you feel this sounds like your environment — we’d love to hear from you.
",EPC Network,"Git,Machine Learning,English"
95,Junior Marketing Specialist,https://jobs.dou.ua/companies/devico/vacancies/358908/?from=first-job,"
Ми шукаємо Marketing Specialist, який хоче розвиватися у сфері реклами та вчитись запускати ефективні кампанії.Що будеш робити:Дивитись на рекламу конкурентів і думати: що тут працює і чому.Збирати короткі відеоролики з готових матеріалів — ми всьому навчимо.Допомагати запускати рекламні кампанії в Google Ads і стежити за результатами.Пробувати нові ідеї, дивитись на цифри і розуміти, що спрацювало.Що потрібно:Вміти монтувати відео на комп’ютері — хоча б на базовому рівні.Розуміти англійську достатньо, щоб працювати з інтерфейсами та текстами (Intermediate+).Бути уважним до деталей і не боятися цифр.Буде плюсом:Якщо ти вже розумієш, як працюють мобільні застосунки або реклама в інтернеті.Що отримаєш:Роботу з реальною рекламою і реальними бюджетами — з першого тижня.Навчання на практиці: пояснюємо, показуємо, даємо зростати.Чіткий шлях вперед: через кілька місяців зможеш вести свій напрямок самостійно.Повністю віддалена робота.Умови:Гнучкий віддалений формат роботи;Вмотивовану команду та швидкий процес ухвалення рішень;Оплачувані лікарняні та відпустки;Медичне страхування;Безкоштовні уроки англійської мови;Вихідні у державні святкові дні;Бухгалтерський супровід ФОП (допомога з веденням звітності та податків).
",Devico,English
96,AI Engineer,https://jobs.dou.ua/companies/sag7-ventures/vacancies/358876/?from=first-job,"
Привіт!🙌🏼Ми SAG7 Ventures — Private Equity Investment Office, в портфелі якого знаходиться близько 20 проєктів у нішах AI, Social Discovery, Traffic, iGaming та FinTech.Ми знаємо, що важливо вкладати в команду не тільки капітал, але й свій досвід, а також стратегічні ресурси, щоб допомогти амбітним спеціалістам рости швидше та ефективніше.Наразі ми знаходимося в пошуках AI Engineer в нашу команду, який допоможе розробляти та впроваджувати AI-рішення в продукти компанії💡⚡️Ти наш ідеальний кандидат, якщо маєш:— досвід роботи AI Engineer;— досвід роботи з OpenAI API, Claude API або іншими LLM;— досвід інтеграції AI-рішень у продукти або внутрішні системи;— досвід створення AI-агентів.Твої майбутні задачі:— розробка та інтеграція AI-рішень у внутрішні продукти компанії;— робота з LLM-моделями та AI API;— оптимізація та покращення існуючих AI-рішень;— тестування та моніторинг ефективності AI-рішень.Що ми пропонуємо?— віддалена робота або можливість працювати в нашому офісі у Варшаві / Празі;— кар’єрний ріст та розвиток — ми завжди підтримуємо співробітників у досягненні їхніх цілей і прагненні розвиватися;— 18 робочих днів відпустки на рік та 5 днів sick leave без медичного підтвердження;— додаткові вихідні у державні свята згідно з графіком України;— тімбілдінги, корпоративні подорожі, подарунки на свята;— сильну команду професіоналів з відкритою комунікацією, високим рівнем довіри та реальної залученості в робочі процеси.Етапи:Скринінг з HR → Технічне інтерв’ю → Фінальне інтерв’ю → Оффер 🚀У SAG7 ми цінуємо прагнення розвиватися та вдосконалювати свої скіли. А якщо чогось ще не знаєш — наша команда завжди поруч, щоб підтримати та допомогти.Якщо тобі відгукнулася ця вакансія — надсилай своє резюме 📩
",SAG7 Ventures,not found
97,Інженер,https://jobs.dou.ua/companies/ics/vacancies/358866/?from=first-job,"
Опис вакансіїВимоги:Досвід роботи системним адміністратором або ІТ інженером від 2 років. Досвід та знання по установці та підтримці ОС Windows, ОС Linux;Базові знання (розуміння) мережевих протоколів і основ роботи з мережею (TCP/IP, DNS, DHCP, NAT, Firewall), досвід фізичного монтажу серверного обладнання, діагностики;Досвід роботи з маршрутизаторами FortiGate, Cisco, PaloAlto, Mikrotik буде перевагою;Базові знання інструментів IT моніторингу (ping, telnet, nslookup, zabbix).Вміння мислити не лише «по інструкції», а й по ситуації;Пунктуальність;Відповідальність;Що треба робити:Забезпечення технічної підтримки ІТ-обладнання, периферійних пристроїв, каналів зв’язку та програмного забезпечення Дата центру;Консультація та підтримка користувачів щодо роботи з ІТ-системами та обладнанням;Моніторинг працездатності, зміна конфігурації систем і сервісів Дата центру;Налагодження та адміністрування робочих станцій, серверів;Встановлення та налаштування програмного забезпечення;Діагностика та усунення програмних чи апаратних збоїв серверного обладнання (в межах компетенції);Супровід існуючих і запуск нових сервісів IТ-інфраструктури, підтримка роботи в межах знань;Адміністрування мережевого і серверного устаткування в межах компетенції.Умови роботи:бронювання;стабільна оплата, 20 000 грн., офіційне працевлаштування;повна зайнятість,графік роботи: доба через три;досвідчений колектив;офіс у центрі Києва (метро Арсенальна).
","Державне підприємство ""Інформаційні судові системи""",Linux
98,"Системний адміністратор, інженер техпідтримки хостингу",https://jobs.dou.ua/companies/Zomro_hosting/vacancies/358830/?from=first-job,"
Обов’язки:Надання технічної підтримки користувачам, вирішення та усунення збоїв.Адміністрування та підтримка операційних систем Linux і Windows.Консультація клієнтів з питань використання послуг хостинг-компанії, включаючи налаштування хостингу та доменів.Моніторинг та аналіз продуктивності ОС, виявлення та усунення несправностей.Обов’язкові вимоги:Порядність та відповідальне ставлення до обов’язків.Мотивація до роботи та здатність швидко опановувати нові знання.Грамотне володіння українською.Вітається:Технічна (IT) освіта.Англійська на рівні pre-intermediate.Знання або досвід роботи з ОС Linux та Windows.Базове розуміння принципів роботи DNS, Apache, Nginx, MySQL, FTP, POP3, SMTP, SSH.Розуміння принципів функціонування комп’ютерних мереж, включаючи LAN, WAN, маршрутизацію.Якщо у Вас є хоча б один з наступних критеріїв:Студент останніх курсів ІТ-спеціальності;Є ІТ-освіта, але нема ІТ-досвіду роботи;Без ІТ-освіти, але є досвід роботи в ІТ-напрямку;Встановлювали Linux і працювали в консолі;Працювали із різними CMS і вмієте їх встановлювати;Переносили сайти між серверами або платформами.Якщо Ви бажаєте працювати та розвиватися в ІТ-напрямку як спеціаліст, залишайте своє резюме та приходьте на співбесіду!Ми пропонуємо:Робота в сучасному, добре обладнаному офісі IT-компанії;Конкурентний рівень оплати праці + регулярні премії за ваші досягнення;Своєчасна виплата зарплати двічі на місяць;Офіційне працевлаштування з прозорими умовами оплати без «конвертів»;Зазначена зарплатня вже після сплати податків компанією, її ви отримаєте безпосередньо на вашу банківську картку;Зарплата із прив’язкою до курсу долара.Забезпечуємо перевезення співробітників на роботу та з роботи на таксі.В офісі завжди доступні чай, кава;Спортивний куточок з тенісним столом, турніком, штангою та дартсом для підтримки фізичної активності та зняття стресу;Зона відпочинку з PlayStation 5, VR-гарнітурою та настільними іграми для відпочинку;Умови роботи:Сучасні та зручні робочі місця, забезпечені всією необхідною технікою. Навчання та підвищення кваліфікації;П’ятиденний робочий тиждень із фіксованим графіком;Восьмигодинний робочий день з обідньою перервою;Щорічна оплачувана відпустка;Компенсація за лікарняні;Гнучкий робочий графік з можливістю коригування для вирішення особистих справ.Розглянемо кандидатів із мінімальним досвідом роботи які швидко вчаться.Віталій 073 776 72 15
",Zomro.com hosting,"SQL,Linux,English,Degree"
99,Intern QA Game Engineer,https://jobs.dou.ua/companies/jetart-games/vacancies/358698/?from=first-job,"
Intern QA Game Engineer — стань частиною команди, що робить реальний продукт Ми шукаємо того, хто хоче з першого дня працювати з живим продуктом, отримати наставника зі старшого інженера і через 3 місяці вийти з реальним кейсом у портфоліо.Що ми очікуємо від тебе Якщо ти пройшов(-ла) QA-курси або маєш базовий досвід стажування — швидше за все, більшість із цього вже знаєш:Розуміння основ тестування та життєвого циклу ПЗНавички створення тестової документації (checklists, test cases)Знання основ manual testingВміння писати bug reports і працювати з JiraОснови HTTP, REST API, Web APIБазові знання мереж та SQLРозуміння web та mobile testingАнглійська на рівні читання технічної документаціїЯкі якості допоможуть тобі виростиПроактивність та ініціативністьУважність до деталейПосидючість і відповідальністьШвидке навчання та бажання розвиватись Формат роботи Full-time офіс у Києві (3 хв від м. Васильківська) — для інтерна це перевага: наставник поруч, швидке занурення в команду і живий досвід замість ізольованої «дистанційки». Тривалість інтернатури: 3 місяці.Як проходить відбір Інтерв’ю з рекрутером → фінальне технічне інтерв’ю → тестове завданняЩо ти отримаєш з першого дняЧіткий план навчання та наставник від досвідченого QA-інженераРеальний досвід з ігровим продуктом уже з перших днівРобота в команді з високими стандартами якостіПісля успішної інтернатури — можливість офера на Junior QAКомфортний офіс, покриття ланчів, бонуси за рекомендації, підтримка при релокації, знижки від партнерівГотовий(-а) зробити перший крок у кар’єрі в GameDev? Надсилай резюме — ми відповідаємо швидко, а відбір займає не більше тижня.
",JetArt Games,SQL
100,German Customer Support Representative — Helpware Group,https://jobs.dou.ua/companies/eteam/vacancies/358692/?from=first-job,"
Who we areHelpware is a technology-driven American company with offices in the USA, Ukraine, Mexico, Philippines, and Germany, providing Customer Experience & Operational Support services for modern companies. Our team of professionals is driven by the purpose of delivering best-in-class value-adding solutions to our partners by leveraging our empowered teams, innovative solutions, and technologies.What the role is aboutHelpware is looking for a German Customer Support Representative for our US-based client to join our team in Kyiv. As a CSR, you will be responsible for managing inquiries, reviewing and approving all the requests for labeling and trademark use, and advising companies on compliance with standards, policies, and requirements of our client’s programs, including traceability, trademarks/labeling, and chain of custody.Our client’s backgroundOur client is an international non-for-profit organization bringing together the interests of diverse allies to produce sustainable and harmonious goods and services. Operating in over 60 countries, the company helps businesses to deliver a significant impact by responsibly sourcing commodities and adapting their business model to sustainability. By joining our client you are helping to create a better future for people and nature.The main responsibilities that await youYou will be responding to any queries and providing detailed information in German and English languages on the fulfillment of certification, traceability, and labeling requirements to our client’s customers via emailsYou will be managing requests for the use of labeling and trademark for certified products and promotional materialsYou will be actively working with different departments of our client, including Technology, Standards & Assurance, Markets, and Marketing, to deliver the best possible experience to companiesYou will be providing all the required inputs and feedback to our client on companies’ success processes in order to ensure continuous improvement for long-term growthYou will be managing the escalation process (an integral part of the trademark approval process where policy exceptions need to be flagged and handled using an escalation route).You will be dealing with other interesting assignments and projects assigned by your managerWho we are looking forYou are able to quickly adapt and implement the best practices to provide exceptional supportYou can easily optimize customer experiences through Customer Success ProcessesYou have the passion to convey and grow the meaningful mission of the organization, as well as meet the goals of the teamYou have B2 knowledge of English and German to effectively support our client’s business partners as well as the global supply chainYou have relationship-building and customer-orientation skills to deliver high customer satisfactionWe Offer:Competitive compensation linked to USD rate;Medical insurance after the trial periodEnglish classes;Schedule: Monday — Friday — 9:30 AM — 6:30 PM Kyiv time;Corporate training and parties
",ETEAM,not found
101,Trainee Project Coordinator / Business Analyst,https://jobs.dou.ua/companies/dev-com/vacancies/358646/?from=first-job,"
DevCom is looking for a Trainee/Student Project Coordinator who can work in the Lviv office of the company!We are looking for candidate with a confident spoken level of English (B2), a foundational understanding of project management, and a strong desire to grow professionally.This is a great opportunity to gain hands-on experience, refine your project coordination skills, and develop in a dynamic, professional environment.Work mode: This is a full-time position located in our Lviv office (hybrid is also available).The benefits of our student program: — Personal mentor for each student— 100% employment in case of successful completion of the student program— Student program for three months. In this period, the stipend will be paid ($300 gross per month)Requirements:Attention to detailActive listeningSatisfactory level of English (B2 and above)Critical, analytical thinking (ability to validate information received from AI, Google, and stakeholders)Willingness and ability to work with peopleAdequatinessDesire to learn project management and business analysisReadiness to learn how to use AI toolsNice to have:Proactive attitude towards learningQuick adaptation to changesG-Suite (basic use)What do we offer:Performance review every six months.Professional development in a team of highly qualified specialists.Dynamic and interesting work.Opportunities for career and professional development.English classes and other L&D activities like courses and certifications reimbursement.Recognition gifts and awards.New benefit program with the opportunity for compensation to cover the following expenses of their choice:— Sports activities (these can be one-time sessions or monthly or annual subscriptions)— Payment of medical expenses (treatment and preventive procedures at the dentist, services, and consultations with doctors, medical examinations, and tests)— Psychologist consultations— Medical insurance— Training for the development of professional skills (hard and soft skills), including the purchase of necessary educational literature— Courses in traditional arts and creativity (such as drawing, music, photography).— Individual English language improvement classesEmployee referral program.21 working days — paid vacations.10 paid sick leaves.IT club membership.The offices are equipped with generators and starlinks.If you want to know more details, please contact us via email or send your CV through the siteThe next steps are:Short HR interview — 15-30 minutes.The technical interview with your future manager— 60 minutes.In case of success — offer!We highly value transparency and communication. Our recruitment process includes feedback at every stage, ensuring you are consistently informed and engaged!
",DevCom,not found
102,Помічник SEO-спеціаліста,https://jobs.dou.ua/companies/halo-lab/vacancies/354217/?from=first-job,"
Привіт! Мене звати Андрій і я — керівник SEO відділу в компанії Halo Lab. У нас одна з найкрутіших дизайн команд в Україні і цей факт підкріплений нашими роботами, нагородами та популярністю у світовій спільноті. Ми робимо як дизайн, так і розробку, але нещодавно ми почали робити і SEO для сайтів.Зараз наш SEO відділ дуже швидко розвивається, тому нам потрібен помічник, який разом із командою зможе в межах SEO-стратегій для різних проєктів і ніш впроваджувати операційні завдання, та допомогати SEO-спеціалісту.Що потрібно буде робити:Займатися розширенням структури, складанням мета-тегів, аналізом даних з інструментів для розробників, збором і кластеризацією семантичного ядра і підбирати донорів для нарощування посилальної маси.Робити аналіз конкурентів.Виконувати інші завдання від Head of SEO та допомагати команді.Що нам важливо в кандидаті:Знання англійської мови на рівні читання технічної літератури та формування задач.Розуміння того, що таке SEO просування, які є алгоритми пошукових систем, їхні принципи та фактори ранжування.Вміння працювати з рутинними задачами.Аналітичний склад розуму, уміння чітко викладати свої думки.Уважність до деталей.Високий рівень комунікабельності та здатність працювати в команді,Буде плюсом:Англійська: B1+Базові знання HTML, CSS та досвід роботи с різними CMS.Знає як користуватися Google Analytics, Google Search Console, Ahrefs, Netpeak Spider, Screaming frog.Досвід роботи з великими обсягами даних в Excel або Google таблицях.Умови:Гнучкий робочий день та віддалена робота з будь-якої точки світу.Оплачуємо 15 робочих днів відпочинку / лікарняних.Можливість застосувати та розвинути свої технічні скіли.Додаткові активності: онлайн терапевтичні групи, English speaking club, командні стріми на youtube та івенти.Комфортна атмосфера та молодий неформальний колектив.Як податись на вакансіюРезюме або коротка розповідь про себе у вільній формі.Приклади Keywords Research та ТЗ для копірайтерів, які робили.Приблизні очікування заробітної плати.Важливо! Після подачи заявки буде тестове завдання, в якому треба буде показати ваші навички в формуванні ТЗ для копірайтера.
",Halo Lab,"Machine Learning,English"
103,L&D Administrator,https://jobs.dou.ua/companies/modus-x/vacancies/302006/?from=first-job,"
Станьте частиною команди, що створює цифрову реальність!MODUS X — українська ІТ-компанія, команда 700+ досвідчених спеціалістів — розширюємо горизонти можливостей бізнесу, розкриваючи потенціал людей, ідей та технологій. Ми розпочали та продовжуємо супровід цифрової трансформації ДТЕК та вже протягом останніх 18 років проєктуємо, розробляємо та впроваджуємо бізнесові застосунки, комплексні ІТ й кібербезпекові рішення, та data-driven продукти. Нині виділились в окрему компанію, щоби ділитися своїм досвідом та експертизою, залишаючись ІТ-опорою для тих, хто несе світло та сприяє відновленню країни.Якщо ти мрієш побудувати кар’єру в HR/L&D, не боїшся операційної роботи та дуже уважний до деталей, тоді ця можливість для тебе!Для відправки резюме, заповніть, будь ласка, форму MODUS X | Форма учасника HR Learning & Development — Заповнити формуЗони відповідальності:Аналіз потреб в навчанні: аналізувати заявки на навчання та плани розвитку співробітників, підбирати оптимальні варіанти для реалізації навчальних заходів (аналіз ринку постачальників і тренерів, їх порівняння за критеріями, організація зустрічей і комунікація)Організація навчальних заходів: допомагати в підготовці та організації тренінгів, навчальних сесій і проєктів, включаючи створення списків для реєстрації, підготовку запрошень, організацію зустрічей, підготовку аудиторій, замовлення обладнання та кейтерингу, збір та створення матеріалів тощоАналітика та звітність: створювати звіти, опитування, таблиці та інструкціїАдміністративна підтримка: допомагати в організації та управлінні L&D-процесамиПідтримка онлайн-платформ та баз даних: відстежувати реєстрації на курси, сертифікацію, працювати з корпоративною LMS, а також з іншими онлайн-платформами для навчання, такими як Udemy, Pluralsight тощоЩо ми очікуємо:Всіх, хто хоче розвиватись у HR / L&D та швидко навчаєтьсяSoft skills: відмінні комунікаційні навички, відповідальність, цілеспрямованість, уважність до деталей, аналітичне мислення, проактивністьВміння працювати з Excel на середньому або високому рівні (обробляти великі обсяги даних, створювати зведені таблиці, використовувати формули, такі як xlookup, підтягувати данні з однієї таблиці в іншу тощо)Навички роботи з PowerPoint (створення презентацій) — буде плюсомГотовність працювати Full-time Що на тебе чекає під час стажування у нас:Офіційне працевлаштування з першого дняКорпоративна техніка для комфортної роботиУчасть у організації програм навчання для співробітників ІТ-компаніїПідтримка досвідченої команди, яка допоможе розкрити твій потенціалДоступ до L&D-інструментів та тренінгівЯкщо у тебе є ідеї або бажання керувати проєктами, ми готові підтримати тебеВіддалений або гібридний формат роботи у інноваційному парку Unit CityМи пропонуємо:Офіційне працевлаштуванняKонкурентний рівень заробітної плати та соціальні гарантіїРоботу в інноваційному парку Unit CityМожливості навчання та професійний розвиток (онлайн курси, аудиторні тренінги, майстер-класи, професійні спільноти).Ми цінуємо ваш інтерес до MODUS X та готовність приймати виклики. Наша команда уважно розглядає всі заявки, і якщо ваша кандидатура відповідає вимогам вакансії, рекрутер обов’язково зв’яжеться з вами впродовж 2 тижнів.Більше інформації про компанію та наш досвід на офіційній сторінці MODUS X в LinkedIn.Направляючи резюме на цю вакансію, Ви надаєте згоду ТОВ «МОДУС ІКС» на обробку наданих Вами персональних даних згідно Закону України «Про захист персональних даних». Згода надається в тому числі для їх обробки в зовнішніх системах, з метою супроводження процесу найму.
",MODUS X,not found
104,Військова служба правопорядку у ЗСУ,https://jobs.dou.ua/companies/rc-ivano-frankivskogo-rttsk-ta-sp/vacancies/358557/?from=first-job,"
Приймаємо заявки від кандитатів, які є придатними по ВЛК, без судимостей, без групи інвалідності, до 50-ти років!Військова служба правопорядку у Івано-Франківську (ВСП) — це підрозділи, які виконують функції військової поліції у Збройних Силах України. Основні завдання: забезпечення правопорядку серед військовослужбовців, охорона військових об’єктів, супровід колон, розшук дезертирів, перевірки, реагування на правопорушення в армії.Служба у ВСП — тилова, підходить для тих, хто хоче служити в ЗСУ, але не потрапити на передову. Це реальний спосіб бути корисним армії, забезпечити правопорядок та дисципліну, отримати статус і соціальні гарантії, водночас залишаючись у більш безпечних умовах.Телефонуйте на номер телефону 0959327823 — розкажу більш детально.УВАГА!!!ПОТРІБЕН БОЙОВИЙ МЕДИК РОТИ З ДОКУМЕНТАМИ ЯКІ ЗАСВІДЧУЮТЬ МЕДИЧНУ ОСВІТУ ЦИВІЛЬНОГО ЗАКЛАДУ.КУХАР ВЗВОДУ ЗАБЕЗПЕЧЕННЯ З ОСВІТОЮ ЦИВІЛЬНОГО ЗАКЛАДУ.ДІЛОВОДИ.ВОДІЇ.ОФІЦЕРИ (більше 30-ти посад).
",Рекрутинговий центр Івано-Франківського РТЦК та СП,not found
105,Військова служба за контрактом,https://jobs.dou.ua/companies/rc-ivano-frankivskogo-rttsk-ta-sp/vacancies/358556/?from=first-job,"
Запрошуємо на військову службу за контрактом до лав Збройних Сил України громадян, що раніше НЕ ПРОХОДИЛИ ВІЙСЬКОВУ СЛУЖБУ:Чоловіків віком с 18 до 24 років запрошуємо на контракт строком на 1 рік з одноразовою виплотою 1000000 грн. А також щомісячне грошове забезпечення військовослужбовців для рядового та сержантського складу від 21 000 до 121 000 грн. (враховуючи премії за виконання бойових завдань). Навчання на обрану військову спеціальність у навчальному центрі від 1 до 3-х місяців.Для чоловіків віком с 25 до 45 років запрошуємо на контракт строком на 3 ріки. Щомісячне грошове забезпечення військовослужбовців для рядового та сержантського складу від 21 000 до 121 000 грн. (враховуючи премії за виконання бойових завдань). Є різні посади як бойові так і не бойові.Бойові посади для жінок віком с 18 до 24 років: оператори безпілотних літальних апаратів, медики. Запрошуємо на контракт строком на 2 рок из одноразовою виплатою 1000000 грн. А також, щомісячне грошове забезпечення військовослужбовців для рядового та сержантського складу від 21 000 до 121 000 грн. (враховуючи премії за виконання бойових завдань). Навчання на обрану військову спеціальність у навчальному центрі від 1 до 3-х місяців.Не бойові посади для жінок віком с 18 до 45 років: строк контракту 3 роки кухарі, діловоди та іше. Це гарантоване грошове забезпечення — рядовим від 21 000 грн. до 75 000 грн. на місяць та його підвищення в ході просування по службі. Навчання на обрану військову спеціальність у навчальному центрі від 1 до 3-х місяців.Переваги служби за контрактом:-можливість кар’єрного росту;-гарантована щорічна основна відпустка від 30 до 45 календарних днів зі збереженням грошового та матеріального забезпечення;-безоплатна кваліфікована медична допомога;-вирішення житлового питання;-пенсійне забезпечення;-соціальний захист сімей військовослужбовців.Допоможемо Вам з проблемними та організаційними моментами, візьмемо на себе процес пошуку посади для Вас та оформлення всіх необхідних паперів! Навіть, якщо у Вас були втрачені деякі документи, Ви не залишитесь сам на сам з цією проблемою!Сплануємо Вам дорогу, розкажемо як найкраще і найвигідніше до нас доїхати. Зустрінемо, безкоштовно розмістимо та нагодуємо!  Найголовніші вимоги до кандидата — це мотивація та бажання зробити внесок у спільну перемогу.Контактна особа: Інструктор відділення рекрутингу — Андрій, тел. 0959327823.Переводами та СЗЧ не займаємося!
",Рекрутинговий центр Івано-Франківського РТЦК та СП,not found
106,Operations Support Specialist,https://jobs.dou.ua/companies/intetics-co/vacancies/352684/?from=first-job,"
Intetics Inc., a leading American technology company specializing in custom software application development, distributed professional teams creation, software product quality assessment, and digital solutions, is looking for an Operations Support Specialist to join its team.Project duration: 4–5 monthsWorkload: Full-time with extended hours Responsibilities:• Provide drivers with real-time route information via voice chat• Adjust routes in navigation software when changes occur• Maintain and report survey statistics• Process collected data according to instructions• Troubleshoot operational issues as they arise• Book hotels following provided guidelines• Participate in a one-week training session prior to project start Requirements:• Confident computer user• Driving experience or strong understanding of traffic rules• Good communication skills• Experience with QGIS or other GIS/routing tools is an advantage• Personal computer with fast and stable internet connection• English — Upper-IntermediateSpecific conditions:• Extended working hours: up to 9 hours per day with flexible breaks• Occasional weekend shifts on a rotational basisWhat we offer:Competitive compensation above market averageOpportunity for seasonal / short‑term employment (perfect for summer)No prior experience required — full onboarding and support providedFriendly, supportive team and clear expectations
",Intetics,"Git,English"
107,Junior Affiliate Manager,https://jobs.dou.ua/companies/trionika/vacancies/358513/?from=first-job,"
Trionika — компанія з основною експертизою у залученні та монетизації інтернет-трафіку в напрямках Education та Finance.Наша команда PDL-profit динамічно розвивається в напрямку афілейт-маркетингу (Finance) та відкриває нову позицію Junior Affiliate Manager — це чудова можливість увійти в індустрію та рости по карʼєрній драбині.Чому саме ми:сапорт від керівника для швидкого опановування необхідних знань та навичок;наявність цікавих та різноманітних задач;робота на результат без трекінгу часу;оплачувана відпустка та лікарняні;гнучкий графік роботи (початок дня регулюєш самостійно);віддалений формат роботи. Очікуємо:теоритичні знання позиції traffic/affiliate manager;бажання та мотивація швидко навчатися;високі комунікаційні навчики (спілкування з партнерами, робота с запереченнями); рівень володіння англійською мовою В1+ (Intermediate);пройдені курси з афілейт-маркетингу — будуть великим плюсом.Основні задачі:залучення та утримання веб-майстрів (бурж-ринки);вибудовування довгострокових відносин з існуючими веб-майстрами;вирішення завдань та питань веб-майстрів;робота над звітами та аналітикою.
Не зволікай! Відправляй своє CV і приєднуйся до нашої команд
",TRIONIKA,English
108,Junior Mobile App Deployment Specialist,https://jobs.dou.ua/companies/novoplex/vacancies/358464/?from=first-job,"
Novoplex — це група компаній, які розробляють iGaming продукти та надають послуги у різних сферах перформанс маркетингу.Performance marketing агенція Traffic Brewery в пошуку Mobile App Deployment Specialist, який буде відповідати за публікації та підтримку мобільних додатків у App Store та Google Play.Що ти будеш робити:Приймати готові білди від розробників (Android, iOS), перевіряти комплектність перед публікацією;Публікувати додатки у App Store Connect та Google Play Console — від А до Я;Оформлювати метадані: тайтли, описи, іконки, скріншоти, ключові слова;Проходити модерацію, грамотно працювати з реджектами, подавати апеляції та вести листування з review-командами;Випускати оновлення: нові версії, хотфікси, ребренди;Моніторити статуси додатків та оперативно реагувати на бани;Вести внутрішній облік: додатки, акаунти, статуси, історія публікацій.Що тобі знадобиться для цього:Технічний бекграунд: профільна освіта або закінчені курси за технічним напрямком;Англійська на рівні B1+ для взаємодії з підтримкою App Store і Google Play;Висока уважність до деталей, точність у роботі з метаданими, статусами та обліком;Проактивність та самостійність — здатність своєчасно сигналізувати про проблеми та знаходити рішення;Готовність працювати в умовах змін та швидко перебудовувати пріоритети.Що буде плюсом:Досвід публікації додатків у App Store або Google Play;Досвід роботи з App Store Connect або Google Play Console.Чому варто бути частиною Novoplex:Можливості для професійного розвитку: компенсація професійних курсів та івентів;Справедлива винагорода, що залежить від вкладу;Час для відпочинку: 20 робочих днів відпустки, вихідний на день народження та додаткові дні до значимих дат. Гнучкі вихідні державних свят України;Час для відновлення: 7 днів лікарняних без довідки від лікаря, з довідкою — без ліміту. Maternity leave;Забезпечення необхідним для безперебійної роботи: техніка, павербанки, компенсація коворкінгів;Work-life balance: гнучкий початок робочого дня з 9 до 11, remote формат.Якщо ти думаєш, що ми твій perfect match, час ознайомитися з нашим Hiring процесом:First Meet Дякуємо за твій відгук, зараз твоє резюме прямує до нашої рекрутмент команди. Якщо твої скіли відповідають вимогам вакансії, наш рекрутер зв’яжеться з тобою, щоб познайомитися та дізнатися трішки більше один про одного.Tech interview Інтерв’ю з твоїм потенційним менеджером, де обговоримо твої навички, технічне розуміння процесу публікації додатків та підхід до роботи.Test Task (опціонально) Тестове завдання допоможе тобі зрозуміти свої day-to-day tasks та допоможе нам побачити твої навички на практиці.Offer letter Ми надсилаємо оффер та з нетерпінням чекаємо тебе у нашій команді. Congrats :)Якщо ти відчуваєш, що ми можемо підійти один одному — еплайся і let’s rock it 🚀
",Novoplex,Degree
109,Монтажник електронного обладнання / Hardware Technician,https://jobs.dou.ua/companies/kray/vacancies/344866/?from=first-job,"
Ми шукаємо мотивованого монтажника електронного обладнання, який має бажання приєднатись до команди для зміцнення обороноздатності України. Попередній відповідний досвід буде корисним, але не є вирішальним. Це унікальна можливість для кандидатів, які хочуть розпочати свою кар’єру в сфері інженерії та отримати цінний досвід у динамічному середовищі.Продукти, про які йде мова, належать до галузі військових технологій і використовуються Збройними Силами України. Зважаючи на це, віддалений формат не підходить для роботи з даними продуктами.ЦЯ РОЛЬ ПЕРЕДБАЧАЄ:Монтаж електронних компонентівЗбірка електронних виробівІнсталяція програмного забезпеченняНалагодження та тестування виробівКонтроль якості пайки — перевірка якості з’єднань.ЯКІ НАВИЧКИ МИ ОЧІКУЄМО:Базовий досвід роботи з паяльним обладнаннямУважність до деталейВідповідальністьБажання розвиватись в напрямку електронікиБУДЕ ПЕРЕВАГОЮ:Технічна освітаБазові навички користування вимірювальними приладами (мультиметр, осцилограф)Досвід прототипування електронних саморобокДосвід роботи на виробництві електронікиМИ ПРОПОНУЄМО:Можливість застосовувати ваш досвід і навички для зміцнення обороноздатності України;Комфортні умови праці та ринкову заробітну плату;Відпустки, лікарняні та інші соціальні гарантії відповідно до законодавства;Можливість професійного зростанняРоботу в команді професійних однодумців
",KRAY,Degree
110,Information security specialist,https://jobs.dou.ua/companies/prat-bank-familnii/vacancies/258716/?from=first-job,"
Команда ПрАТ «БАНК ФАМІЛЬНИЙ» шукає натхненного спеціаліста з інформаційної безпеки, який готовий приєднатися до нашої команди експертів та внести свій вклад у створення безпечнішого цифрового просторуРобота у нас це:колектив висококваліфікованих експертів, що сприяє навчанню та професійному зростанню;передове корпоративне технічне обладнання та високоякісні інструменти, які необхідні для ефективної роботи та реалізації проектів;графік праці, що передбачає повноцінний робочий тиждень з понеділка по п’ятницю, з 09:00 до 18:00медичне страхування;наша команда цінує особисту взаємодію та співпрацю, тому всі позиції передбачають роботу з нашого затишного офісу, розташованому поруч із станцією метро Деміївська;спортивний зал прямо в офісі, що дозволяє підтримувати фізичну форму без зайвих затрат часу;смаколики та свіжі фрукти це лише частина нашої культури піклування та уваги до кожного члена команди.Вашими обов’язками буде:реагуванняення на інциденти інформаційної безпеки та їх подальша обробка згідно Плану реагування;розробка навчальних матеріалів та проведення семінарів для підвищення обізнаності співробітників у галузі кібербезпеки;моніторинг стану мережі та виявлення аномалій за використанням спеціалізованого ПЗ;вдосконалення системи моніторингу через інтеграцію передових рішень та налаштування правил сповіщення;виявлення та оцінка вразливостей внутрішніх серверів і сервісів;контроль за своєчасним встановлення оновлень безпеки, включаючи верифікацію успішності оновлень;допомога в аналізі подій безпеки та робота з інцидентами під керівництвом досвідчених колег;розробка та контроль дотримання стандартів безпечної конфігурації для ОС (Windows/Linux) та мережевого обладнання;участь в адмініструванні та технічній підтримці платформи Wazuh;дослідження та впровадження новітніх технологій у сфері кібербезпеки як на землі, так і в хмарі (Azure та AWS).У нашого кандидата є:вища освіта за спеціальністю 125 Кібербезпека та захист інформації, освітній ступінь Бакалавр; студенти останніх курсів бакалаврату за відповідною спеціальністю також розглядаються;навички адміністрування OS Windows та дистрибутивів Linux;знання стеку протоколів TCP/IP;бажано досвід у використанні систем wazuh та ELK;обов’язкове розуміння нормативно-правової бази в галузі інформаційної безпеки.Ми цінуємо різноманіття думок, підтримуємо професійне зростання та надаємо кожному в команді можливість впливати на наш спільний успіх.Якщо ви маєте базові знання у сфері кібербезпеки, прагнете отримати свій перший досвід та хочете застосувати свої навички в реальних умовах, вирішуючи інциденти інформаційної безпеки та вдосконалюючи стратегії безпеки, ми запрошуємо вас стати частиною нашої команди/Надсилайте Ваше CV! Ми впевнені, що Ви шукали саме цю вакансію)
",ПрАТ БАНК ФАМІЛЬНИЙ,"Linux,Degree"
111,Recruiter,https://jobs.dou.ua/companies/rp-platform/vacancies/352721/?from=first-job,"
This is a fantastic opportunity to join a fast-growing company at the heart of the digital revolution. Our software product is revolutionising manufacturing through automation. We are trusted by global brands and work across sectors (mobility, consumer goods, machinery etc).We have a talented and ambitious team. We value integrity and are passionate about our mission to revolutionise advanced manufacturing.This is your opportunity to:Accelerate your career in an open, innovative product company.Work with a highly talented team to solve complex problems using the latest technologies.Share in our ambitious vision and make a meaningful difference towards autonomous manufacturing.Responsibilities:Source and recruit candidates for roles.Screen candidates resumes and job applications.Manage the interviewing process.Provide analytical and documented recruiting reports to the rest of the team.Develop & execute a recruitment strategy.You will be joining a well-versed team if you have:University degree in Foreign Languages.Fluent in English.Currently live in Vinnytsia.
",AMFG,"Git,Degree"
112,Аналітик,https://jobs.dou.ua/companies/datafactory/vacancies/345463/?from=first-job,"
Ми шукаємо амбіційного кандидата на посаду Аналітика в нашій компанії, яка спеціалізується на обробленні даних, аналізі інформації та підготовці аналітичних матеріалів.Вимоги:— Глибокі знання аналітичних методів та інструментів Вміння працювати з великими обсягами даних Високий рівень володіння Excel та SQL— Бажано, але не обовʼязково розуміння основ Python— Бажано, але не обовʼязково вміння користуватись з платформами BI — Вміння створювати звіти та презентації — Комунікабельність та вміння працювати в команді — Бажання розвитку, вдосконалення та ініціативність.Обов’язки: — Збір та обробка даних для подальшого аналізу — Проведення статистичного та кількісного аналізу даних — Підготовка звітів та аналітичних матеріалів— Покращення архітектури бази даних— Взаємодія з розробниками для впровадження автоматизації регулярних звітів — Взаємодія з іншими відділами компанії для забезпечення отримання необхідної інформації для прийняття управлінських рішень.Ми пропонуємо: — Індивідуальний підхід до кожного кандидата— Цікаві проекти та можливість розвитку у сфері аналітики і цифрових технологій— Гнучкий підхід до відвідування офісу (можливі гібридна або віддалена форми) та графік роботи — Конкурентну заробітну плату та можливість кар’єрного росту.
",ТОВ «Фабрика даних»,"Python,SQL"
113,Junior Marketing Manager (Wisey),https://jobs.dou.ua/companies/universe/vacancies/354358/?from=first-job,"
Привіт! Шукаємо Junior / Trainee Marketing Manager, який(а) хоче зайти в маркетинг і швидко вирости в одному з найсильніших напрямків — креативному маркетингу.Сьогодні ринок змінився: креатив став ключовим драйвером росту продуктів, а не просто «доповненням до маркетингу». У більшості продуктових компаній саме креативи визначають чи буде кампанія прибутковою, наскільки швидко масштабується продукт і скільки мільйонів доларів він згенерує!Через це Креативний маркетинг сьогодні:Одна з найдефіцитніших ролей на ринку.Перехід від trainee до middle займає ~6—12 місяців, до team lead можна вирости за 1,5 роки.У багатьох продуктових ІТ-компаніях саме креативники стають найшвидше зростаючою групою по грейдах і компенсації.Поєднання аналітики, трендів і відчуття контенту.І хороша новина: в нього реально зайти без прямого досвіду, якщо є смак, цікавість і бажання швидко вчитись.Тож хапай можливість:зайти в професію, яка прямо зараз формується і росте швидше за інші напрямки маркетингу;вирости до сильного спеціаліста з постійною підтримкою ментора;будувати карʼєру в одному з найвисокооплачуваніших напрямків у продуктовому ІТ.Продукт з яким ти працюватимеш:Wisey — бізнес Universe Group, який будує сервіс для покращення персональної продуктивності користувачів з усього світу. Вже понад 4 млн користувачів долучились до платформи, яка містить унікальний контент та механіки, що присвячені боротьбі з прокрастинацією, підвищенню продуктивності, концентрації уваги, розвитку пам’яті, логіки, взаємин, психології та інших тем.Знайомся з Назаром, Creative Team Lead в команді Wisey. У Назара понад 8 років досвіду в маркетингу. За майже 3 роки в команді Wisey Назар встиг попрацювати та стати лідом платної закупки трафіку в соціальних мережах і зараз очолює креативну команду, що складається з 18 спеціалістів (7 Creative Marketing Manager’ів та 11 дизайнерів).👉 До речі, рекомендуємо також почитати за посиланням корисну статтю від Назара про наш шлях і колонку від CEO Wisey.Ти будеш відповідати за повний цикл створення креативів: гіпотеза → креатив → тест → аналіз → нова гіпотезадослідження аудиторій, болей і ринкугенерація гіпотезпостановка ТЗ дизайнераманаліз результатів і масштабування працюючих рішеньТвої майбутні задачі:Створювати креативні концепції для Meta та TikTokАналізувати ринок, конкурентів і трендиФормувати ТЗ на відео та статичні креативиАналізувати ефективність (що «зайшло», а що ні)Генерувати нові гіпотези та підходиПрацювати з AI-інструментами для створення та оптимізації креативівМи шукаємо людину, яка:Має сильну мотивацію працювати та розвиватись в креативному маркетингуВміє мислити структурно (через аудиторії, інсайти, логіку)Не боїться фейлів і готова працювати в середовищі постійних тестівБере ownership за задачі та доводить їх до результатуШвидко навчається і проактивно шукає рішенняАнглійська Upper-Intermediate (B2+) або вище➕ Буде плюсом:Досвід у маркетингу / контенті / рекламіДосвід в рекламних агентствахБазове розуміння performance-маркетингуUniverse Group будує tech-бізнеси, перетворюючи ідеї на глобальні продукти. До групи входять три компанії: Guru Apps, FORMA та Wisey. Їхні продукти об’єднують понад 400 мільйонів користувачів зі 186 країн світу, спрощуючи буденність і створюючи нові можливості для розвитку. Universe Group також розвиває нові бізнеси, що будуть частиною глобального технологічного ринку.Що ми пропонуємо:Office first формат роботи — аll-inclusive офіс у Києві: у нас є все для твоєї комфортної роботи, а саме: сніданки, обіди, доріжки для ходіння, silent room для фокуса уваги — це далеко не все, що чекає на тебе в нашому спейсі. Ближче познайомитися з офісом можна переглянувши це відео або прочитавши статтю.Розвиток та навчання — твій ріст визначає успіх команди. Внутрішні тренінги та кращі експерти з України та світу допоможуть швидко прокачати навички.Кар’єрне зростання — у нас культура швидкого розвитку: до 10 менеджерів щороку отримують підвищення. Все залежить від твого бажання та результатів.Релокаційний пакет — комфортний переїзд до Києва або Варшави з фінансовою підтримкою, допомогою рієлторів та адаптацією в новому місті.Один із кращих соцпакетів — винагорода відповідає запитам ринку, 20 днів оплачуваного відпочинку, співпраця через ФОП або Дія.City, оплачувані лікарняні та медстрахування.Well-being program — ми турбуємося про ментальне здоровʼя команди, тому компенсуємо роботу з психологом, а також проводимо класи з йоги та медитації в офісі.Підтримка під час війни — безпека та стабільність для тебе та твоїх рідних. Забезпечуємо всім необхідним для безперебійної роботи та долучаємось до ініціатив із відновлення України.Важливо: перші 1.5 місяці можливий ремоут формат, надалі робота в нашому офісі у Києві🧡Залиш своє резюме і зроби крок назустріч новим можливостям!Ставай частиною нашого Всесвіту.InstagramFacebookLinkedin
",Universe Group,English
114,Junior Business Analyst (Account Management and Sales team),https://jobs.dou.ua/companies/solidgate/vacancies/263532/?from=first-job,"
Our Mission and VisionAt Solidgate, our mission is clear: to empower outstanding entrepreneurs to build exceptional internet companies. We exist to fuel the builders — the ones shaping the digital economy — with the financial infrastructure they deserve. To achieve that, we’re on a bold path: to become the #1 payments orchestration platform in the world.We believe the future of payments is shaped by people who think big, take ownership, and bring curiosity and drive to everything they do. That’s exactly the kind of teammates we want on board.About the RoleAs a Junior Business Analyst in the Account Management and Sales team, you’ll gain hands-on experience in fintech while strengthening your analytical, operational, and business skills. This role places you at the core of client interaction and business process optimization, where every task directly contributes to Solidgate’s growth.What you’ll ownAnalyzing sales results (Cross-sell/Up-sell), building metrics and reports, and providing recommendations to optimize team processes.Interacting with clients, addressing requests, and providing information about our products and services.Preparing presentations, documentation, and organizing meetings.Supporting operational processes within Account Management and Sales teams.You’re a great fit if you haveBachelor’s or Master’s degree (completed or in progress)Strong academic achievements and resultsEnglish proficiency at Upper-Intermediate level or higherExcellent analytical and communication skillsHigh level of responsibility and a results-driven mindsetParticipation in international or academic programs (FLEX, Erasmus, CFA Research Challenge, or similar) will set you apart.Why Solidgate?No internships here — we build careers. Get hands-on from day one and make a real impact.Enjoy the ride. A wow office in Kyiv center, daily lunches, snacks, team buildings, and a learning budget to keep you growing.Flex your schedule. Balance studies and work with flexible hours that fit your life.Your work = real outcomes. Shape how global companies move money.💌 The Extras: 30+ days off, unlimited sick leave, free office meals, health coverage, and Apple gear to keep you productive. Courses, conferences, sports and wellness benefits — all designed for ideas, focus, and fun.Tomorrow’s fintech needs your mindset. Come build it with us.Know top talent? We’re always on the lookout. Recommend someone for our role, and if they get hired, there’s a bonus waiting for you — simple as that.
",Solidgate,"Git,English,Degree"
115,Статист-аналітик,https://jobs.dou.ua/companies/427-i-okremii-polk-bezpilotnih-sistem-rarog/vacancies/312351/?from=first-job,"
Огляд 427-ий окрема бригада безпілотних систем «РАРОГ» займає гідне місце серед всіх «літаючих» підрозділів Збройних Сил України за кількістю знищеної ворожої техніки та живої сили противника. Бригада розвивається та створює нові команди. Ми використовуємо дрони наступних типів: бомбери, FPV, крила, мавіки, НРК (наземні роботизовані комплекси). Ці безпілотні системи виконують завдання дистанційного мінування, бомбардування супротивника, а також доставку провізії та боєкомплекту піхоті. Підрозділ всього навчить! Головне — ваше бажання!Обов’язкиопрацювання фото- та відеоматеріалівробота з системами ситуаційної обізнаності та спеціалізованим програмним забезпеченнямобробка данихпроведення статистичного аналізу данихвізуалізація результатів досліджень (репрезентативне порівняння, концентрації тощо)співпраця з іншими членами командианаліз розвідувальної інформаціїПеревагидосвід роботи з даними: збір, обробка, аналіз, візуалізація великих обсягів інформаціїнавички роботи з програмним забезпеченням (Excel, Google Sheets, Delta, Кропива)аналітичні навички: критичне мислення, формулювання гіпотез, проведення досліджень, інтерпретація результатівуважність до деталей: точність у роботі з даними, здатність виявляти помилки та неточностікомунікативні навички: здатність презентувати результати досліджень письмово та усноздатність працювати в командібажання навчатися та розвиватисяУмовимобілізація до кінця воєнного стану або служба за контрактомгрошове забезпечення від 50 000 до 70 000 гривень залежно від поставлених завдань та місця службисоціальні пільги згідно з чинним законодавством: щорічна відпустка 30 календарних днів, медичне забезпеченнясоціальний захист військовослужбовців та членів їхніх сімейhttps://rarog.in.ua/http://www.youtube.com/@RarogDrones427https://forms.gle/XLsbJCasPKWigF917
",427-а окрема бригада безпілотних систем Рарог,not found
116,Trainee Talent Sourcer (internship),https://jobs.dou.ua/companies/everstar/vacancies/358295/?from=first-job,"
Хочеш почати кар’єру в сорсингу?Ми відкриваємо оплачувану інтернатуру для майбутніх сорсерів — це твій шанс увійти в професію з нуля та отримати роботу 💼Це не просто інтернатура, а робота з навчанням на старті: ти приєднуєшся до команди, проходиш 3 тижні інтенсиву і далі працюєш як Talent Sourcer.Cтарт: 10 червняРівень: без досвіду (junior / trainee)Після інтернатури — перегляди фінансової складової та нематеріальні бонусиМи — Everstar, рекрутингова агенція, яка допомагає приватним компаніям оборонної сфери знаходити сильних спеціалістів і разом наближати перемогу України.Наші партнери — високотехнологічні компанії, що розробляють та виробляють техніку й радіоелектронні пристрої, які підсилюють обороноздатність країни. Компанії активно зростають, розвивають нові напрями та вдосконалюють процеси, тому зараз ми розширюємо нашу команду рекрутингу.Вже на старті в тебе буде:Підтримка досвідчених колег, які допоможуть швидко адаптуватися до всіх процесівОфіційне працевлаштування та оплата вже на етапі навчанняБронювання 100% військовозобов’язаних (за наявності актуальних документів)Робота з продуктом, що безпосередньо впливає на обороноздатність країниВідкрите та сильне середовище, де цінують ідеї кожногоОфіс на правому березі КиєваВся необхідна техніка та ресурси для роботиФінансовий бонус для кандидатів з інших міст або країнПісля успішного проходження інтернатури:Гнучкий старт робочого дня та 1 день на тиждень віддаленоМедичне страхування та підтримка корпоративного психолога24 календарні дні відпустки + додатковий вихідний на День народженняДоступ до навчальних програм, вебінарів та лекцій від команди L&D та зовнішніх експертівКорпоративна бібліотека та курси англійської мовЦя роль для тебе, якщо ти:Маєш досвід у лідогенерації, аналітиці, продажах або суміжних сферах (data / research / sales / маркетинг / журналістика) або закінчив/ла профільні курсиВмієш пріоритезувати задачі і тримати фокус на результатіВмієш аналізувати та розбирати задачі на «деталі»Маєш азарт до пошуку прихованої інформації та тестування нових підходівГнучкий/ка у підходах і відкритий/а до експериментів Що будеш робити:Спільно з рекрутером будувати стратегію пошуку спеціалістів в R&D, адміністративну, sales, security та інші командиШукати кандидатів через різні канали (ATS, LinkedIn, бази даних, Boolean, нетворк), будувати якісний пайплайнКомунікувати з кандидатами: від першого контакту, оцінки до призначення співбесідиАналізувати воронку найму та підсвічувати вузькі місця в процесіПроводити ресерч ринку (тренди, технології, зарплатні очікування) та пропонувати ідеї на основі аналітикиСпівпрацювати з рекрутерами та Talent Sourcing Lead для покращення підходівПідтримувати позитивний candidate experienceЯкщо ти хочеш розпочати кар’єру в сорсингу — надсилай своє резюме, будемо раді познайомитися!
",Everstar,SQL
117,"Customer success manager, менеджер по роботі з клієнтами",https://jobs.dou.ua/companies/cart2cart/vacancies/358292/?from=first-job,"
💼 Про нас: Cart2Cart — провідний сервіс автоматизованого переносу даних між платформами електронної комерції. Ми допомагаємо бізнесам легко мігрувати з однієї CMS на іншу, мінімізуючи витрати часу та зусиль. Зараз ми шукаємо Customer Success Manager-а, який стане ключовим партнером наших клієнтів, допомагаючи їм досягати результатів та отримувати максимум цінності від Cart2Cart.🔧 Що ти будеш робити:Супроводжувати клієнтів протягом усього циклу взаємодії з продуктомВести комунікацію з клієнтами через email, чати, дзвінки та відеозустрічі (основна мова спілкування — англійська)Консультувати щодо функціоналу Cart2Cart та можливостей сервісуВчасно виявляти потреби клієнтів і пропонувати оптимальні рішенняСпівпрацювати з технічними інженерами для вирішення запитів і підготовки пропозиційБудувати довгострокові відносини з клієнтами та допомагати їм досягати успіхуПрацювати з CRM-системою та іншими інструментами (HubSpot) для організації процесів✅ Ми очікуємо від тебе:Рівень англійської від Upper-Intermediate (усна та письмова)Володіння українською мовоюВідмінні комунікативні навички, орієнтація на результат і клієнтаВміння ефективно працювати з великим потоком комунікаційБазове розуміння принципів роботи з клієнтами, CRM-системами та digital-інструментамиБазове розуміння e-commerce та SaaS продуктів🎯 Буде плюсом:Технічна англійськаДосвід у Customer Support / Sales / Account Management (бажано в SaaS або e-commerce)Досвід роботи з e-commerce платформами (Shopify, Magento, WooCommerce тощо)Аналітичне мислення та навички роботи з данимиДосвід побудови customer journey та процесів утримання клієнтів🚀 Ми пропонуємо:Можливість працювати з передовими AI-інструментами у реальних кейсахГнучкий графік та можливість віддаленої роботиПростір для навчання, експериментів і професійного ростуДружню команду та мінімум бюрократіїПідтримку та навчання на етапі адаптації та входження в роль📩 Хочеш стати голосом та обличчям Cart2Cart для наших клієнтів? Надсилай резюме або короткий опис своїх навичок — і ми зв’яжемося з тобою!
",Cart2Cart,"Git,English"
118,Стажер в Центр Ринків Капіталу,https://jobs.dou.ua/companies/ukrsibbank/vacancies/353662/?from=first-job,"
ПРО НАСUKRSIBBANK BNP Paribas Group — один з найбільших універсальних банків України. Ми об’єднуємо досвід та креативність у своїй команді, створюючи відкрите та інклюзивне середовище для розвитку кожного працівника.Наші цінності — це відданість, інновації та відкритість, які допомагають нам досягати успіху в сфері банкінгу та робити позитивний вплив на суспільство.Ми дякуємо нашим захисникам та захисницям, які віддано боронять свободу та незалежність України, та створюємо сприятливе середовище для роботи в банку.З 2020 року UKRSIBBANK BNP Paribas Group проходить сертифікацію кращого роботодавця в Україні та Європі — Top Employer. Це єдиний банк в Україні, який має міжнародну сертифікацію Top Employers Institute.Ми в пошуку молодшого фахівця в Центр Ринків КапіталуЯкщо ви приєднаєтесь до нас, ви будете займатись:Допомогати команді Центру Ринків Капіталу Департаменту Корпоративного Бізнесу;Допомогати в обслуговуванні Клієнтів Банку;Допомогати в підготовці звітів та інших аналітичних матеріалів;Допомогатив оновленні внутрішніх порядків, положень тощо;Допомогати в поточних проєктах команди, включаючи проєкти із автоматизації.Ми в пошуку в фахівця, який має:закінчену / не закінчену вища економічна освіта;володіє англійською — вміє розмовляти, писати, складати презентації;вміє працювати із MS Office.Окрім команди однодумців та цікавої роботи ви отримаєте:Стабільність:Працевлаштування з дотриманням вимог чинного законодавства Українисвоєчасна виплата заробітної платитермін — 6 місяцівпрограми медичного страхування та страхування життя25 днів щорічної відпустки, додаткові дні відпочинку на пам’ятні події, соціальні відпустки у відповідності до законодавства Українищорічні перегляди заробітної плати відповідно до персональної ефективності та фінансових показників банкувстановлення строку випробування відповідно до вимог чинного законодавстваРозвиток своїх талантів заради кар’єри:можливість навчання: Школа лідера, Сервіс дизайну, Бізнес аналітики, Data, Digital, Agile та програму розвитку талантів I-Players та широкий набір мікро-тренінгів (SQL, BI, EQ, тощо).можливість брати участь у програмі внутрішньої та міжнародної мобільності до BNP Paribas Groupпідтримку працівників постійно навчатись та професійно розвиватись. Щороку наші працівники складають індивідуальний план розвитку разом з керівником чи ментором і впевнено рухаються до метиКраще місце для роботи:Робота з періодичною можливістю працювати дистанційно (для вакансій з дистанційним форматом роботи)програму «War&Life balance: як повернути життя в життя» — це практичні воркшопи з фахівцями для підтримки емоційного станув рамках програми «New Ways of Working» дайджест з порадами від експертів щодо підтримки фізичного та ментального здоров’ярізноманітність, інклюзивністьзалучення до проєктів сталого розвитку та корпоративно-соціальної відповідальностіБажаєш дізнатися більше? Додаткова інформація може бути надана на наступних етапах розгляду вакансії.#veteranfriendly
",UKRSIBTECH,"SQL,Git,Degree"
119,Trainee/Junior Embedded Developer,https://jobs.dou.ua/companies/strix-air/vacancies/293270/?from=first-job,"
Компанія StrixAir шукає молодого спеціаліста, який хоче розвиватися у сфері розробки програмного забезпечення. Ми створюємо передові технології, які забезпечують стабільний зв’язок, надійну навігацію та інноваційні іженерні рішення для інтеграції радіо-протоколів.Що на вас чекає:Участь у розробці та інтеграції програмного забезпечення для польотних контролерів і систем навігаціїРобота з протоколами зв’язку (LoRa, ELRS) та інтерфейсами UART, SPI, CANІнтеграція та налаштування сенсорів для обробки даних у реальному часіУчасть у тестуванні дронів та вдосконаленні їхніх системМожливість долучитися до проєктів, які мають стратегічне значення для оборони країниВимоги:Базові знання мов програмування C/C++Розуміння роботи мікроконтролерів (STM32, ESP32 або подібних)Початковий досвід роботи з протоколами UART, SPI, CANЗагальне уявлення про роботу з сенсорамиГотовність до навчання та роботи у швидкому темпі прототипуванняБуде плюсом:Знання основ роботи з радіо-протоколами (LoRa, ELRS)Досвід роботи з Betaflight, INAV або ArdupilotЗнання протоколу MAVLinkПочаткові навички роботи з електронними схемами або 3D-моделюваннямТехнічна англійська моваЩо ми пропонуємо:Офіційне працевлаштування та своєчасну виплату зарплатиНаставництво від досвідчених розробниківУчасть у створенні технологій, які впливають на безпеку та обороноздатність країни.Локація: м. ДніпроБронюванняЯкщо ви захоплюєтесь розробкою дронів та готові рости разом із нами, ми чекаємо на вашу заявку! 🚀
",Strix Air,not found
120,Trainee/Junior Business Development Manager,https://jobs.dou.ua/companies/expla/vacancies/335587/?from=first-job,"
Привіт!На зв’язку команда expla — ми вже 10 років качаємо performance-маркетинг, міксуємо бізнес-підхід з цифрами та технічними рішеннями, і щомісяця залучаємо десятки тисяч клієнтів для партнерів із США та Європи.Наразі ми в пошуку Business Development Manager-a до команди Юри Товстенка — Chief Business Development Officer компанії expla. Шукаємо амбітну людину, що буде мислити «out of the box» та допомагатиме розвивати бізнес з партнерами по всьому світу.Тут твій перформанс вирішує все: разом зі ставкою, ти отримуєш безлімітні бонуси, що можуть у багато разів перевищувати фікс! Круто перформиш — круто заробляєш!Щоб більш детально зрозуміти, хто такий Business Development Manager, радимо переглянути: статтю Дениса Яцка, Senior Business Development Manager в expla, «Історія мого світчерства з Big4»,відео Юри Товстенка, Chief Business Development Officer в expla, «Про роботу Business Development спеціаліста».It’s a match, якщо ти маєш: сильні комунікаційні навички — в роботі біздева це must,потужні аналітичні здібності для визначення можливостей розвитку бізнесу,B2 рівень англійської,самостійність у прийнятті рішень,досвід роботи від 1 року у FMCG, IT, фінансовій чи інвестиційній сферах.Твоїми задачами будуть: дослідження, пошук та розвиток нових довгострокових відносин з топ компаніями різних вертикалей,впровадження day-to-day відносин з партнерами, включаючи будь які performance marketing аспекти,управління портфоліо клієнтів з шестизначними цифрами,регулярні поїздки на тематичні конференції в Європу та Азію,дослідження та ініціювання нових бізнес напрямків компанії.Що отримаєш натомість:досвід роботи на міжнародному ринку, можливість бути частиною глобальної індустрії та мати партнерів по всьому світу,кар’єрне зростання, як горизонтальне, так і вертикальне — ти працюватимеш у команді професіоналів, які допоможуть твоєму розвитку й задоволенню амбіцій, участь у професійних конференціях по всьому світу (за останні 5 років наші команди відвідали конференції в Нью-Йорку, Лас-Вегасі, Бангкоці, Празі, Лісабоні тощо).Наші бенефіти:стабільна винагорода в $ та безлімітні бонуси,20 днів відпустки, а чим довше з нами — тим більше вихідних. Працюєш рік? — лови ще +1 день до відпочинку!100%-ва компенсація безлімітних лікарняних та медичне страхування, бо ми знаємо, що здоров’я — це важливо,компенсація профільного навчання та курсів англійської — рости професійно та прокачуй свою англійську,компенсація послуг психолога та спортивних активностей — для ментального балансу,наш київський офіс — у сучасному БЦ із бомбосховищем, тож навіть під час тривоги команда в безпеці. А ще ми pet-friendly — як у Києві, так і у Варшаві, тож якщо маєш пухнастика — будемо раді!гнучкий графік без трекінгу годин — ми довіряємо тобі та твоїй відповідальності,сніданки, обіди, фрукти та снеки в офісі — щоб було смачно та енергійно!У нас не тільки маркетинг, сильна команда та експертиза. Ми віримо, що бізнес має бути відповідальним та підтримувати важливі ініціативи, а тому ми:маємо відмінну репутацію роботодавця — для нас це не просто слова! Це підтверджують наші колеги у відгуках, оцінках та профілях на платформах для пошуку роботи. Ми пишаємось, що нас рекомендують.не працюємо з ринком рф та рб. Замість цього підтримуємо ЗСУ! 🇺🇦 Кожного місяця донатимо на потреби Збройних Сил України та реалізували декілька великих проєктів для наближення Перемоги. Детальніше за посиланням.Нумо перформити себе та світ — ставай частиною expla!
",expla,not found
121,Комірник (виробничий склад) — Навчаємо!,https://jobs.dou.ua/companies/kray/vacancies/358107/?from=first-job,"
Ми шукаємо енергійну та уважну до деталей людину, яка готова стати частиною нашої команди. Досвід роботи не є обов’язковим — ми всього навчимо, головне від вас — бажання працювати та відповідальність!Що ви будете робити:Прийом продукції: Приймати товар, перевіряти його кількість та проводити вхідний контроль.Забезпечення виробництва: Видавати необхідні компоненти майстрам для роботи.Пакування: Охайно пакувати готову продукцію та готувати її до відправлення.Облік: Вносити дані про рух товарів у сучасну ERP-систему (ми покажемо, як це працює).Інвентаризація: Разом з командою перевіряти фактичну наявність товарів на складі.Контроль залишків: Слідкувати, щоб комплектуючі не закінчувалися вчасно.Порядок: Підтримувати чистоту та зручне розташування речей на складі.Ми шукаємо саме вас, якщо ви:Готові вчитися: Швидко засвоюєте нову інформацію.Уважні: Не пропустите помилку в цифрах або пошкодження на пакуванні.Впевнено користуєтеся ПК: На рівні базових програм (все інше покажемо).Дисципліновані: Розумієте важливість порядку та термінів.Ми пропонуємо:Можливість застосовувати ваш досвід і навички для зміцнення обороноздатності України;Комфортні умови праці та ринкову заробітну плату;Відпустки, лікарняні та інші соціальні гарантії відповідно до законодавства;Можливість професійного зростанняРоботу в команді професійних однодумців
",KRAY,not found
122,Operations Assistant,https://jobs.dou.ua/companies/3dlook/vacancies/358032/?from=first-job,"
Шукаємо Operations Assistant для участі в ІТ-проєкті в команді, яка працює над розвитком та покращенням продукту.Формат роботи:Повна зайнятість8-годинний робочий деньРобота в офісі у м. ОдесаТривалість проєкту: 2–3 місяціОбов’язки:Участь у тестуванні та перевірці продуктуФіксація результатів перевірокДопомога у покращенні якості продуктуКомунікація з командою та супервайзеромВимоги:Уважність до деталейВідповідальністьПунктуальністьКомунікабельністьМи пропонуємо:Навчання перед стартомПідтримку команди та супервайзераКомфортний офіс у центрі містаПрактичний досвід роботи з продуктомОплата: 25 000 грн
",3DLOOK,not found
123,"Writer / SMM Specialist (GameDev, IT, AI Content)",https://jobs.dou.ua/companies/retrostyle-games/vacancies/358021/?from=first-job,"
RetroStyle Games — українська game art & game development студія з 15+ роками досвіду. Ми допомагаємо ігровим компаніям створювати сильний візуал, розробляємо власні проєкти й активно експериментуємо з AI у роботі команди.У нас багато практичного досвіду й внутрішніх історій — про геймдев, AI, команду, процеси, бізнес-рішення та щоденну роботу студії. Зараз шукаємо людину, яка допоможе витягувати з цього сильні сенси й оформлювати їх у контент, який цікаво читати людям з індустрії.Ця роль — про content production і ghostwriting. Тут важливо працювати з ідеями, експертизою команди, нотатками, короткими форматами, більше об’ємними блогами та AI-інструментами. Буде класний метч, якщо в тебе є— Інтерес до GameDev, AI, IT, tech або digital-бізнесу та ти на постійній основі слідкуєш за блогами \ каналами \ авторами або студіями у цих нішах— Хороший смак у професійному контенті— Вміння писати просто, живо й структуровано— Досвід роботи з компактними форматами: пост, хук, тред, коротка ідея (почнемо з цього, пізніше будемо розвивати більш комплексні формати — статті, блоги)— Бажання працювати з AI як з інструментом для швидшої та якіснішої роботиЩо пропонуємо— Довіру до твоєї експертизи та простір для власних ідей— Можливість працювати напряму з ключовими людьми компанії— Вплив на те, як звучить бренд студії та її ключові люди— Теми на перетині GameDev, AI, tech, бізнесу та командних процесів — Роботу поруч із досвідченою командою у геймдеві— Full-time в офісі на Почайній у Києві— Зарплату, прив’язану до USD-курсу— Медичне страхування, оплачувані лікарняні, 18 днів відпустки
",RetroStyle Games,Git
124,Customer Service Specialist,https://jobs.dou.ua/companies/howly/vacancies/324851/?from=first-job,"
Howly — це український стартап в екосистемі мультипродуктової компанії та venture builder SKELAR. Ми прагнемо здійснити революцію у сфері онлайн-консультацій та активно працюємо над платформою, яка зробить це можливим. Зараз ми шукаємо Customer Service Specialist, який буде надавати технічну допомогу нашим користувачам в онлайн-чаті та допомагати їм розв’язувати їх проблеми.Обовʼязки: — Спілкуватися з клієнтами у чаті та допомагати їм вирішувати будь-які технічні проблеми з нашим сервісом англійською мовою. Прикладами таких запитів є: «I can’t upload a file on your site», «How do I convert a PDF to Word on your platform?», «I can’t log in to my account»;— Консультувати клієнтів з питань відмін підписок, повернення коштів;— Опрацьовувати до трьох чатів з клієнтами одночасно;— Дотримуватися всіх необхідних інструкцій для надання якісних послуг.Які навички необхідні: — Знання англійської мови (розмовної та письмової) від B1 і вище;— Базове володіння ПК та розуміння роботи сучасних систем і сервісів на рівні користувача;— Швидка адаптація до змін та навички мультитаскінгу;— Вміння організовувати свій час для ефективної роботи віддалено.Буде плюсом: — Досвіду роботи у customer support або billing support командах;— Zendesk та Zendesk Chat. Знання цього ПЗ сильно полегшить тобі життя в перші дні роботи.Для кращого онбордингу та комфортної роботи мінімальні системні вимоги такі:— Internet speed of 25 Mbps or greater;— Download speed of 1 Mbps or greater;— Upload speed of 6 Mbps or greater;— At least 5 GB of RAM;— Intel Core i5 or AMD Ryzen 5 Quad Core.Що ми пропонуємо: — Віддалений формат роботи. Ви можете працювати з будь-якої точки України та світу;— 20 днів оплачуваної відпустки на рік;— Необмежену кількість днів лікарняного за довідкою від лікаря;— Медичне страхування;— Фіксований графік розклад, де 3 робочих дні та 3 вихідних: Ранок 07:00 — 17:00, Вечір 15:00 — 00:00, Ніч 23:00 — 07:00;— Гарантовані перерви тривалістю в 1 годину кожної зміни;— Бонуси за додаткові зміни;— Конкурентну грошову компенсацію;— Кар’єрні можливості для розвитку своїх професійних навичок.І точно, у вас буде можливість приєднатися до фантастичної команди спільноти справжніх білдерів, які вже запустили не один бізнес. Більшість співробітників Howly — спеціалісти з дійсно вражаючим досвідом та крутою експертизою, які з радістю поділяться з тобою своїми знаннями та досвідом.Тому, якщо все вище тобі імпонує й ти прагнеш долучитись до команди крутих спеціалістів в українському продукті, чекаємо на твій відгук👇
",Howly,English
125,QA (Junior),https://jobs.dou.ua/companies/agentsiya-oboronnih-zakupivel/vacancies/348916/?from=first-job,"
Агенція оборонних закупівель DOT — державне підприємство, що займається закупівлею техніки, боєприпасів, БПЛА, харчування, одягу, паливно-мастильних матеріалів для ЗСУ та Сил Оборони.Наша місія: забезпечуємо Сили Оборони та розвиваємо національний ВПК задля стійкості та обороноздатності України.Наша візія: драйвер розвитку системи забезпечення Сил оборони України за стандартами НАТО.Зараз ми в пошуку QA (Junior) який/яка долучиться до команди та допомагатиме забезпечувати якість продукту через тестування функціоналу, виявлення помилок і взаємодію з командою розробки для покращення користувацького досвіду у процесах забезпечення ЗСУ.Обов’язки на посаді:Проведення функціонального, регресійного, smoke та exploratory тестування веб-платформиПроведення UI/UX тестування.Аналіз бізнес-вимог та acceptance criteria.Створення та підтримка тест-кейсів, чек-листів, тест-планів.Виявлення, документування та супровід дефектів.Участь у в зустрічах та обговореннях.Взаємодія з розробниками, BA та PM.Підготовка звітів про результати тестування.Перевірка API (за необхідності).Вимоги до кандидатів:Від двох років досвіду.Аналітичне мислення, висока уважність до деталей та здатність швидко навчатися.Розуміння теорії тестування, видів тестів та рівнів тестування.Розуміння атрибутів баг-репорту та рівнів пріоритетності/критичності.Вміння працювати з Chrome DevTools (вкладки Network, Console, Elements).Розуміння принципів роботи Client-Server архітектури та HTTP-методів (GET, POST тощо).Перевагою буде:Досвід роботи з системами управління тестуванням TestRail, Jira, Click Up.Досвід з автоматизацією тестування Java.Робота з Базами даних.Ми пропонуємо:Команду, де кожен важливий: ми команда однодумців, де панує взаємоповага та підтримка.Прозорість та системність: чіткі цілі, зрозумілі внутрішні комунікації та системний підхід.Професійне зростання та навчання: ми сприяємо постійному розвитку наших працівників.Комфортний старт: на вас чекає структурований процес адаптації та підтримка ментора, який допоможе швидко увійти в курс справ.Конкурентні умови: офіційне працевлаштування, соціальні гарантії, конкурентна заробітна плата та можливість працювати над наймасштабнішими проєктами країни.Комфорт та умови роботи: сучасний затишний офіс у доступності до метро, обладнаний укриттям та безперебійним інтернетом.Дізнайтесь більше про нашу діяльність та корпоративну культуру:Сайт⁠InstagramLinkedinFacebookДолучившись до нашої команди, ви отримаєте шанс власноруч творити фундаментальну реформу забезпечення Сил Оборони України і зробити свій внесок для перемоги України.Готові перетворити свою експертизу на реальний внесок в перемогу? Надсилайте резюме вже зараз!Звертаємо увагу: надіславши своє резюме, ви надаєте автоматичну згоду на обробку ваших персональних даних згідно закону.Оскільки ми отримуємо велику кількість відгуків, зворотний зв’язок буде надано лише тим кандидатам, чий досвід та кваліфікація найбільше відповідають вимогам вакансії.
",Агенція оборонних закупівель DOT,Machine Learning
126,Customer Support Agent,https://jobs.dou.ua/companies/skelar/vacancies/296283/?from=first-job,"
Що варто знати про SKELAR?Це венчур-білдер — іншими словами, компанія, яка будує компанії. З нами фаундери створюють consumer-бізнеси, які стають лідерами на глобальних ринках EdTech, Mental health, Petcare, FashionTech та інших.Скеларівці будують tech-продукти, які здобувають відзнаки від Product Hunt, The Webby Awards та отримують тисячі позитивних відгуків на TrustPilot. Загалом tech-продуктами наших бізнесів користуються 10+ млн людей у світі. Усе завдяки сильним командам, бо наші спеціалісти — це ключова цінність SKELAR.Для професійної реалізації ми створили середовище з експертизою та необмеженими можливостями — і шукаємо тих, хто прагне викликів.Що ми пропонуємо? — Реалізацію своїх ідей та пропозицій з першого робочого дня (Customer Success був запущений одним із новачків в проєкті );— Необмежені можливості для розвитку та зростання: внутрішні курси/школи/бібліотека, компенсація зовнішніх освітніх курсів та курсів англійської мови, switch the position day — можливість попрацювати на інший позиції в проєкті;— Піклування про фізичне та ментальне здоровʼя кожного: оплачувані лікарняні та 18 днів оплачуваної відпустки у рік;— Можливість перегляду зарплати відразу після випробовувального та кожні пів року + бонус за гарний перформанс щомісяця: маємо приклад агента супорта, який з першого місяця роботи збільшив свою зарплатню на 20% за допомогою бонуса і продовжує це робити щомісячно;— Інші плюшки: корпоративний аккаунт Netflix/Grammarly, знижки на продукти та послуги, тімбілдинги, корпоративи;Чого ми від тебе чекаємо? — Рівень англійської від рівня B1-B2;— Готовність працювати в нічні зміни (~6 в місяць) з 23:00 до 7:00: маємо 30 хвилинний брейк та Slack Huddle для командної взаємодії, щоб залишатися в тонусі;— Досвід роботи з клієнтами: телефоном, поштою, в чатах та/або наживо;— Ініціативність та організованість: ми заохочуємо говорити про проблеми та пропонувати шляхи їх вирішення. Вміємо брати на себе відповідальність за досягнення/факапи та контролюємо свій робочий час на зміні;— Бажання вчитися і розвиватися у сфері IT: більшість лідів команд виросли з Junior позицій.Як саме проходить робота? — Спілкуємося з англомовними клієнтами щодо наших сайтів і послуг;— Передаємо складні запити на інші відділи. Приклади складних запитів: «Я хочу повернення коштів!», «Хочу повідомити про технічну проблему!»;— Розвиваємо професійні скіли на тренінгах та лекціях задля подальшого кар’єрного просування.У SKELAR ми побудували середовище для професійної самореалізації:SKELAR Platform. Це операційне ядро венчур-білдера, що допомагає фаундерам швидше проходити шлях від нуля до одиниці. Так команди бізнесів фокусуються на продукті — а 10+ команд в складі Platform закривають функції Legal, Finance, HR, Admin, Talent Acquisition, Employer Branding, IT та інші.Нетворк та обмін досвідом як частина культури. Серед наших колег — кофаундери, які запустили не один бізнес, а також найсильніші спеціалісти на ринку. Тож ми маємо доступ до необхідної експертизи на відстані витягнутої руки.Ексклюзивна доменна освіта. Ми створили власні навчальні програми для тіммейтів на вибір — від 2-місячної школи для менеджерів-початківців до інтенсивів про AI та професійних клубів з розробки, продакт-менеджменту тощо.Вплив на системну допомогу Україні. Маємо благодійний фонд SKELAR foundation, який створили самі скеларівці — і завдяки кожному співробітнику втілюємо важливі соціальні проєкти. Наприклад, заснували перший у Європі акселератор для ветеранів і формуємо майданчик для підтримки ветеранів на рівні держави.Екосистема для продуктивної роботи. Для скеларівців створені простори, які надихають на результат — з власним спортзалом, скеледромом, зеленими зонами Bali та бібліотеками. У спейсах, де сервіс, безпека та комфорт синхронізовані з темпом зростання команд, отримуємо вау-досвід та працюємо ефективніше.Більше розповімо на нашій зустрічі-знайомстві.Запрошуємо будувати the next big everything у SKELAR разом!
",SKELAR,Degree
127,Talent Sourcer (Flyer One Ventures),https://jobs.dou.ua/companies/flyer-one-ventures/vacancies/321911/?from=first-job,"
Flyer One Ventures — is a seed-stage venture capital firm which invests in European startups. We’ve already invested in 87 startups and deployed nearly $43M within six years. We focus on software-first products that use the power of tech to boost productivity. We primarily invest at seed. Occasionally, we do pre-seed, focusing on second-time founders. Our average check is $500k, but we can go as low as $200k and as high as $2M with follow-ons. We are a fund of entrepreneurs who know how hard it is to build a company. Our team helps founders with growth, recruiting, PR, business development, and investment relations.Currently, we are looking for an Talent Sourcer, who will work closely with our portfolio companies to hire the best talents for their team.What you will do:you’ll be responsible for sourcing talents to our portfolio companies;searching for non-tech and tech roles;build diverse talent pipelines through LinkedIn and other recruiting platforms;leverage the CRM/talent pools to engage with passive talent and convert them into candidates;prepare analytics for weekly status meetings with the hiring manager.About you:you have 6 months of experience in sourcing;practical knowledge of active sourcing tools and techniques, experience finding candidates directly using a variety of different sources;understanding of different types of companies, and how they operate;experience in recruiting non-tech positions (Marketing, Sales, Customer Success, etc) will be a plus;excellent communication skills in English — at least upper-intermediate.What we offer:opportunities for growth both horizontally and vertically, as well as unlimited resources for development;ability to work with the most dynamic products in the international IT — market;remote or comfortable office 5 minutes from Taras Shevchenko metro station with terrace, lounge areas, kitchen, and PlayStation;breakfasts, lunches, unlimited fruits, snacks, smoothies, and yogurts in the office;corporate doctor and health insurance;free training in running, football, basketball, volleyball, and yoga;compensation for additional training at external pieces of training and seminars and Business and Management School for employees.Join us!
",Flyer One Ventures,English
128,Навчання з маркетингу для Creative Marketing та User Acquisition,https://jobs.dou.ua/companies/honeytech/vacancies/357612/?from=first-job,"
Boosta та Honeytech запускають безкоштовну маркетингову школу з можливістю отримати оферУвійти в діджитал-маркетинг без «трьох років досвіду» — реально. Холдингова ІТ-компанія Boosta разом із бізнесом з екосистеми, Honeytech, запускають другий потік 🏎 Marketing Talents Vision 2.0 — онлайн-школи для тих, хто хоче стартувати кар’єру в маркетингу та отримати шанс на роботу в продуктовій ІТ-компанії.Старт навчання — 15 червняУчасть безкоштовнаНайкращим — job offer у HoneytechЯк буде проходити навчання?Програма Marketing Talents Vision побудована навколо реальних кейсів, живого фідбеку від практиків та інструментів, які використовують команди щодня.Програма триватиме 6 тижнів і проходитиме онлайн у вечірній час — тричі на тиждень о 18:00 за Києвом. Навчання можна поєднувати з роботою чи навчанням.У програмі:30+ годин практики та актуального контенту;16 практикуючих лекторів;робота з реальними кейсами та груповими проєктами;домашні завдання з персональним фідбеком від менторів.Учасники отримають базу з digital-маркетингу, після чого зможуть обрати один із двох напрямів спеціалізації 🧩 Creative Marketing або 📊 User Acquisition.Хто може податися?студенти, які хочуть увійти в маркетинг;junior-спеціалісти, яким не вистачає практики й упевненості;світчери, які хочуть перейти в маркетинг і швидше отримати перший комерційний досвід.Як потрапити до школи?Етап 1. Анкета та мотиваційний блок.Етап 2. Тест і кейс.Етап 3. Співбесіда-знайомствоПодати заявку на Marketing Talents Vision 2.0 можна ⌛️ до 1 червня.*Кількість місць обмежена.
",Honeytech,Git
129,Навчання з маркетингу для Creative Marketing та User Acquisition,https://jobs.dou.ua/companies/boosta/vacancies/357582/?from=first-job,"
Boosta та Honeytech запускають безкоштовну маркетингову школу з можливістю отримати офер Увійти в діджитал-маркетинг без «трьох років досвіду» — реально. Холдингова ІТ-компанія Boosta разом із бізнесом з екосистеми, Honeytech, запускають другий потік 🏎 Marketing Talents Vision 2.0 — онлайн-школи для тих, хто хоче стартувати кар’єру в маркетингу та отримати шанс на роботу в продуктовій ІТ-компанії.Старт навчання — 15 червняУчасть безкоштовнаНайкращим — job offer у Honeytech Як буде проходити навчання?Програма Marketing Talents Vision побудована навколо реальних кейсів, живого фідбеку від практиків та інструментів, які використовують команди щодня.Програма триватиме 6 тижнів і проходитиме онлайн у вечірній час — тричі на тиждень о 18:00 за Києвом. Навчання можна поєднувати з роботою чи навчанням.У програмі:30+ годин практики та актуального контенту;16 практикуючих лекторів; робота з реальними кейсами та груповими проєктами;домашні завдання з персональним фідбеком від менторів.Учасники отримають базу з digital-маркетингу, після чого зможуть обрати один із двох напрямів спеціалізації 🧩 Creative Marketing або 📊 User Acquisition.Хто може податися?студенти, які хочуть увійти в маркетинг; junior-спеціалісти, яким не вистачає практики й упевненості;світчери, які хочуть перейти в маркетинг і швидше отримати перший комерційний досвід.Як потрапити до школи?Етап 1. Анкета та мотиваційний блок.Етап 2. Тест і кейс.Етап 3. Співбесіда-знайомство Подати заявку на Marketing Talents Vision 2.0 можна ⌛️ до 1 червня.*Кількість місць обмежена.
",Boosta,Git
130,Junior Graphic Designer — TENTENS Tech,https://jobs.dou.ua/companies/skelar/vacancies/326178/?from=first-job,"
Що варто знати про SKELAR? Це венчур-білдер — іншими словами, компанія, яка будує компанії. З нами фаундери створюють consumer-бізнеси, які стають лідерами на глобальних ринках EdTech, Mental health, Petcare, FashionTech та інших.Скеларівці будують tech-продукти, які здобувають відзнаки від Product Hunt, The Webby Awards та отримують тисячі позитивних відгуків на TrustPilot. Загалом tech-продуктами наших бізнесів користуються 10+ млн людей у світі. Усе завдяки сильним командам, бо наші спеціалісти — це ключова цінність SKELAR.Для професійної реалізації ми створили середовище з експертизою та необмеженими можливостями — і шукаємо тих, хто прагне викликів.Зараз ми в пошуках Junior Graphic Designer до партнерської компанії TENTENS Tech.TENTENS Tech — українська IT-компанія, що розробляє платформи у сфері стрімінгу та social discovery. Команда TENTENS Tech має досвід успішних запусків десятків платформ, якими користуються мільйони людей на всіх континентах світу (окрім Антарктиди, поки що). А слоган We don’t think limits відображає як стратегічне мислення компанії, так і мотивацію команди завжди мчати далеко за горизонт.У тебе буде можливість працювати разом з досвідченою командою, обмінюватися експертизою і швидко зростати. Отже, ця можливість говорить сама за себе.Ключова зона відповідальності: — Ideation: генерація візуальної складової креатива на основі технічних задач команди маркетингу;— Production: розробка креативів для просування продукту у рекламних мережах;— Cooperation: тісна співпраця з маркетинговим відділом і обговорення ідей щодо покращення роботи існуючих креативів;— Experiments: тестування нових інструментів, плагінів, створення шаблонів проєктів для більш ефективної роботи;— Creative research: аналіз рекламних матеріалів конкурентів та соціальних мереж для відстеження світових тенденцій у дизайні;— Analytics: Аналіз креативів та побудова гіпотез на основі їх результатів.Наші очікування від кандидатів: — Комерційний досвід — від 1 року буде плюсом;— Практичні знання Figma, Photoshop, Illustrator;— Вміння створювати шаблони у Figma, працювати з компонентами та бібліотеками;— Практичні знання Ai (Midjourney, Leonardo AI, Remini, Sora) та подібні;— Розуміння правил побудови композиції, типографіки та кольору;— Високий рівень креативності та здатність генерувати ідеї, які відповідають потребам користувачів та бізнес-вимогам;— Гарні комунікативні навички, здатність швидко налагоджувати контакт з колегами всередині команди та поза межами проєкту;— Грамотна оцінка часу та ресурсів, необхідних для виконання завдань, навички самостійного тайм-менеджменту.Тобі точно до нас, якщо ти: — Умієш аргументовано відстоювати свою думку та самостійно приймати рішення;— Не боїшся швидкого темпу роботи й великої кількості експериментів;— Вмієш планувати свою завантаження і працювати з дедлайнами;— Чуєш фідбек і прагнеш до швидкого професійного зростання і саморозвитку;— Не боїшся швидкого темпу роботи й готовий брати на себе відповідальність; за результат.У SKELAR ми побудували середовище для професійної самореалізації:— SKELAR Platform. Це операційне ядро венчур-білдера, що допомагає фаундерам швидше проходити шлях від нуля до одиниці. Так команди бізнесів фокусуються на продукті — а 10+ команд в складі Platform закривають функції Legal, Finance, HR, Admin, Talent Acquisition, Employer Branding, IT та інші.— Нетворк та обмін досвідом як частина культури. Серед наших колег — кофаундери, які запустили не один бізнес, а також найсильніші спеціалісти на ринку. Тож ми маємо доступ до необхідної експертизи на відстані витягнутої руки.— Ексклюзивна доменна освіта. Ми створили власні навчальні програми для тіммейтів на вибір — від 2-місячної школи для менеджерів-початківців до інтенсивів про AI та професійних клубів з розробки, продакт-менеджменту тощо.— Вплив на системну допомогу Україні. Маємо благодійний фонд SKELAR foundation, який створили самі скеларівці — і завдяки кожному співробітнику втілюємо важливі соціальні проєкти. Наприклад, заснували перший у Європі акселератор для ветеранів і формуємо майданчик для підтримки ветеранів на рівні держави.— Екосистема для продуктивної роботи. Для скеларівців створені простори, які надихають на результат — з власним спортзалом, скеледромом, зеленими зонами Bali та бібліотеками. У спейсах, де сервіс, безпека та комфорт синхронізовані з темпом зростання команд, отримуємо вау-досвід та працюємо ефективніше.Більше розповімо на нашій зустрічі-знайомстві. Запрошуємо будувати the next big everything у SKELAR разом!
",SKELAR,Degree
131,Trainee/Junior Graphic Designer,https://jobs.dou.ua/companies/amo/vacancies/357554/?from=first-job,"
AMO Publishing — міжнародна IT-компанія, яка створює історії, що змінюють світ.Наш продукт, AmoMama, є одним із найбільших онлайн-таблоїдів, який щомісяця охоплює понад 40 мільйонів читачів з Америки та Західної Європи. Ми створюємо різноманітний контент: від оперативних новин та яскравих розважальних матеріалів до зворушливих історій, що надихають і об’єднують людей по всьому світу.Ми впевнені, що кожна розповідь здатна надихати, впливати та відкривати суперсили в кожному з нас. Зараз в AМО Publishing ми шукаємо Junior Graphic Designer, який(-а) допоможе нашій команді створювати креативні та ефективні рекламні матеріали, що привертають увагу та захоплюють аудиторію. Ця вакансія для тебе, якщо ти: Хочеш створювати рекламні креативи для іноземної аудиторії;Вмієш розробляти візуально привабливі колажі та банери, а також бажаєш працювати та розвиватись в динамічному середовищі;Готовий бути гнучким, адаптивним і швидко реагувати на різне навантаження — від невеликої кількості задач до напружених дедлайнів.Твої основні задачі на цій позиції:Працювати з Canva та інструментами штучного інтелекту для створення якісних рекламних матеріалів;Розробляти нові концепції креативів та їх варіацій для тестування;Ефективно комунікувати з командою та враховувати специфіку кожної задачі.Для цього тобі знадобиться: Впевнене володіння Canva та досвід використання інструментів ШІ; Бажання навчатися та швидко опановувати нові інструменти;Креативність, уважність до деталей та ініціативність у вирішенні задач;Вміння працювати в команді та готовність знаходити спільну мову з різними людьми та йти на компроміси;Портфоліо, яке демонструє твої сильні сторони.Буде плюсом:Англійська мова на рівні Pre-Intermediate та вище.Ми пропонуємо цікавий виклик у команді, яка цінує твою креативність і підтримує професійний розвиток. Якщо це про тебе — надсилай своє резюме та портфоліо!
",AMO,English
132,Join us!,https://jobs.dou.ua/companies/odd-systems/vacancies/351936/?from=first-job,"
Didn’t spot the right role? No problem!We’re always looking for talented and passionate people, even if we don’t have an open position that matches your profile right now.If you’re excited about joining the team, but your skills and experience don’t quite match the current open roles, don’t hesitate to send us your resume and a few words about yourself. We’ll definitely take a look and get in touch when the right opportunity comes up.Catch you soon!
",Odd Systems,not found
133,Intern Project Manager,https://jobs.dou.ua/companies/retrostyle-games/vacancies/357503/?from=first-job,"
RetroStyle Games — геймдев-студія з командою 150+ спеціалістів.Ми створюємо 2D та 3D-графіку для ігор наших клієнтів і розробляємо власні ігрові проєкти. Працюємо з міжнародними компаніями, а наш арт можна побачити у десятках ігрових тайтлів по всьому світу.🎨 Портфоліо: retrostylegames.com/portfolioЯкщо хочеш розвиватися як Project Manager у геймдеві та працювати з арт-командами, тобі до нас.Нам не критично, скільки у тебе років досвіду.Важливіше, як ти мислиш, комунікуєш і організовуєш процеси.Як потрапити до нас?Всього 3 кроки:Заповни коротку гугл формуПісля тобі напише HRПоспілкуйся з нами на співбесіді⚡І ось ми вже готуємо тобі офферМи спеціально максимально скоротили процес, щоб ми швидше знайшли один одного💗👉 Start — [тиць на форму] Що будеш робити:Організовувати роботу команди художників (2D/3D)Планувати задачі та тримати дедлайниКомунікувати з клієнтами та командоюКонтролювати якість і відповідність ТЗРеагувати на зміни, правки та ризикиЩо важливо:Інтерес до Project Management і бажання рости в цьомуВміння структурувати, планувати і тримати фокусНормальна, чітка комунікаціяАнглійська B2+Інтерес до ігор / геймдеву / візуалуЩо отримаєш:Роботу в GameDev з міжнародними клієнтамиШвидкий ріст у PM роліСильну команду, приємну комунікаціюОфіс у Києві (Почайна)Конкурентну оплату (USD), відпустки, лікарняні, медстрахування
",RetroStyle Games,not found
134,Викладач IT для дітей,https://jobs.dou.ua/companies/it-friends-school/vacancies/357501/?from=first-job,"
Компанія «IT Friends School» шукає талановитих та енергійних викладачів різних напрямків в ІТ. Наша школа пропонує курси з програмування та дизайну для дітей різного віку.Обов’язки:Проведення навчальних занять з програмування в середовищі Unity, мови програмування C# та Python, а також графічного дизайну та інші напрямки. Розробка та підготовка навчальних матеріалів для студентів різних рівнівСпівпраця з адміністраторами школи для забезпечення ефективного навчанняВимоги:Впевнене володіння C#, Python, Unity, Графічним дизайном або інша мова програмування (це окремі направлення у викладанні)Креативність, вміння знайти інноваційні підходи до навчанняВисока комунікабельність та вміння працювати з дітьми різного вікуБажання постійно розвиватися та покращувати свої навичкиМи пропонуємо:Цікаву та творчу роботу з дітьми, які цікавляться програмуванням та дизайномМожливість розвивати свої навички та отримувати нові знанняКомфортну та дружню атмосферу в колективіГнучкий графік роботи (підлаштовуємо під викладача)Погодинна оплата від 600 грн/урокЯкщо ви хочете стати частиною нашої команди та спільно з нами розвивати таланти молодого покоління, надсилайте своє резюме разом з портфоліо. Ми чекаємо саме на вас!
",IT-Friends school,Python
135,Business Development Manager,https://jobs.dou.ua/companies/genesis-technology-partners/vacancies/287263/?from=first-job,"
Привіт!Ми створюємо софт у сфері відеострімінгу, який відкриває для користувачів безмежні можливості. Наш продукт уже підкорив ринок США і налічує понад 10 мільйонів користувачів по всьому світу, а ми не збираємось зупинятися на досягнутому!Шукаємо Business Development Manager для підсилення команди Business Development. Ти будеш масштабувати supply напрямок продукту: ресьорчити, аналізувати та спілкуватися.Детальніше про задачі: — Повний цикл залучення партнерів: від пошуку до онбордингу та комунікації протягом співпраці;— Розробка системи мотивації партнерів;— Аналіз перформансу партнерів, підготовка аналітики за періоди;— Створення контенту для сторінок в соцмережах.Що потрібно, щоб приєднатися до команди: — Попередній досвід роботи з людьми (business development, support, sales, recruiting etc.);— Гарні комунікативні навички, уміння вести перемовини;— Бажання навчатися та розвиватися;— Проактивність;— Рівень англійської від intermediate.Що пропонуємо:— Гібридний формат роботи в новому автономному офісі зі сніданками, обідами та снеками;— 4 тижні оплачуваної відпустки на рік і безлімітні sick-leave days;— Доступ до корпоративного лікаря та медичне страхування;— Компенсацію курсів англійської та навчальних програм;— Доступ до внутрішніх шкіл, навчальних івентів та понад 1000 курсів, лекцій і електронних книг на різноманітні теми.
",Genesis,English
136,Office Assistant,https://jobs.dou.ua/companies/creatio/vacancies/200735/?from=first-job,"
Creatio is a global vendor of an AI-native platform to automate workflows and CRM with no-code and a maximum degree of freedom. Our platform combines an AI-first architecture, composable no-code tools, and enterprise-grade governance to help organizations build and scale faster. We’re proud to be recognized by top industry analysts as a Leader and Strong Performer in multiple Gartner and Forrester reports.  In 2025, Creatio was named to Inc.’s Best Workplaces list, highlighting our commitment to employee wellbeing and a strong workplace culture. Who we’re looking for: We are looking for an attentive and responsible Office Assistant to join our Kyiv office and become a reliable backbone for our team in day-to-day operational matters. This role is a perfect fit for those who are just starting their career — experience is welcome, but we are ready to train the right person. What matters most to us is accountability, initiative, and a genuine desire to grow.  Responsibilities: Ensuring smooth day-to-day office operations: monitoring availability of stationery, household supplies and consumables Organizing and managing procurement: from sourcing suppliers to placing orders and tracking deliveries Coordinating office maintenance across multiple locations: liaising with landlords, cleaning services and contractors Greeting visitors, receiving couriers and correspondence Maintaining order and a comfortable environment across all office spaces Assisting with preparation of meeting rooms for calls and events Maintaining registers, spreadsheets and reports: expense tracking, inventory, orders Communicating with suppliers and contractors (correspondence, calls) Fulfilling administrative tasks assigned by management and the team Supporting new employees during onboarding — helping with organizational matters 
Required Skills and Qualifications: English proficiency: Intermediate or above (reading, writing, basic spoken communication) Confident PC user: MS Office (Docs / Sheets / Outlook) Reliability, attention to detail and ability to prioritize tasks Availability to be present in the office every working day Strong communication skills and a friendly approach with colleagues and contractors Nice to have: Previous experience in an administrative or related role (office manager, receptionist, assistant) Experience coordinating multiple office locations Basic skills in budget tracking and reporting Experience is welcome but not required — we value the willingness to learn and are ready to invest in the development of a candidate with the right personal qualities.  What you should expect from us:   Growth & Development: Clear career paths, mentorship opportunities, and access to continuous learning to help you reach your full potential. Flexibility & Well-Being: We provide flexible work arrangements and initiatives that empower you to manage your schedule effectively, stay productive, and thrive both personally andprofessionally. Recognition & Impact: A culture that celebrates achievements, values your ideas, and empowers you to make real contributions from day one. Innovative Culture: Be part of a company that embraces new ideas, modern technologies, and bold thinking to stay ahead of the curve. Benefits & Rewards Package: We provide competitive compensation and benefits designed to support you and your family. Our rewards approach goes beyond salary, recognizing yourcontributions and commitment. The exact package may vary depending on your country of residence and employment type.  
",Creatio,"English,Degree"
137,Старший оператор мікро- та міні-БпЛА (Контракт 18-24),https://jobs.dou.ua/companies/5-ovmbr/vacancies/337969/?from=first-job,"
Ми 5-та окрема важка механізована бригада ЗСУ, колишня 5-та окрема танкова бригада на чолі з командиром, який здобув особливе визнання в битві за Бахмут, коли його підрозділ утримував стратегічно важливі позиції біля Бахмута і Часового Яру для підтримки «Дороги життя» до українських позицій.На кінець 2023 року бригада тренувалася у Німеччині, й отримала на озброєння словенські танки M-55S і німецькі Leopard 1A5 та ін.Врамках програми «Контракт 18–24: Дрони» відкриваємо набір вмотивованих кандидатів, які готові пройти ретельний відбір і навчання на позицію Cтаршого операторо мікро та міні БпЛА літакового типу бойового та спеціального призначення.Вимоги:вік 18–24 роки (вікові обмеження повʼязані з умовами програми);бажання служити своїй країні та бути частиною злагодженої команди;готовність виконувати завдання в зоні активних бойових дій;придатність до військової служби за станом здоров’я і морально-психологічними якостями;витривалість, стресостійкість, хороша фізична форма;бажання навчатись і розвиватись.Обов’язки:Перевірка технічного стану дрона, налаштування обладнання, планування маршруту.Організація та координація роботи операторів БпЛА, розподіл завдань, забезпечення ефективної взаємодії між членами групи.Дистанційне керування польотом, маневрування, утримання на заданій висоті та курсі.Використання оптичних, тепловізійних та інших датчиків для отримання зображень, відео та інших даних про об’єкти та територію.Перегляд та аналіз зібраної інформації, виявлення важливих об’єктів та цілей, підготовка звітів.Передача розвідувальної інформації до штабу, командних пунктів та інших підрозділів.Виконання невеликих ремонтів та усунення несправностей, що виникають під час експлуатації.Розуміння принципів роботи літальних апаратів, електроніки, програмного забезпечення.Вміння керувати дроном в різних погодних умовах та на складній місцевості.Здатність швидко та ефективно обробляти та аналізувати великі обсяги інформації.Здатність працювати в умовах високого психологічного навантаження.Здатність до тривалого утримання уваги на моніторі та обробці даних.Постійне навчання та вдосконалення професійних навичок, вивчення нових технологій та методикслужба за контрактом терміном на 2 роки (з обов’язковою умовою участі у бойових діях не менше 12 місяців за 2 роки);грошове забезпечення 1 000 000 гривень за 2 роки відповідно до програми «Контракт 18–24» (200 000 гривень одразу при підписанні контракту та 800 000 гривень виплат двома частинами на час дії контракту) + додатково грошове забезпечення до 150 000 гривень щомісячно;повний супровід під час оформлення документів;проходження базової загальновійськової підготовки, фахової підготовки та курс адаптації у військовій частині;компенсація житла протягом служби;медичне забезпечення + стоматологія та зубопротезування;іпотека 0% річних після закінчення контракту за програмою «єОселя»;соціальні гарантії;навчання у закладах освіти у межах квот за кошти держави після закінчення контракту;право на виїзд за кордон після 2 років служби;можливість самостійно обрати місце проходження військово-лікарської комісії;підйомна допомога за переїзд на нове місце служби;щорічна грошова допомога на оздоровлення;безкоштовний проїзд та комунальні пільги;Гарантоване звільнення від мобілізації на 12 місяців після завершення контракту.Зв’язатись з нами можна зателефонувавши за номером в оголошенні чи писати в месенджери.Детальніше про нас можете дізнатись на нашій офіційній сторінці Facebook та у Wikipedia.Також дивіться інші наші оголошення, є багато різних вакансій!
",5 Окрема важка механізована бригада,not found
138,"Оператор мікро- та міні-БпЛА (розвідувальні, Контракт 18-24)",https://jobs.dou.ua/companies/5-ovmbr/vacancies/337970/?from=first-job,"
Ми 5-та окрема важка механізована бригада ЗСУ, колишня 5-та окрема танкова бригада на чолі з командиром, який здобув особливе визнання в битві за Бахмут, коли його підрозділ утримував стратегічно важливі позиції біля Бахмута і Часового Яру для підтримки «Дороги життя» до українських позицій.На кінець 2023 року бригада тренувалася у Німеччині, й отримала на озброєння словенські танки M-55S і німецькі Leopard 1A5 та ін.Врамках програми «Контракт 18–24: Дрони» відкриваємо набір вмотивованих кандидатів, які готові пройти ретельний відбір і навчання на позицію Оператора мікро та міні БпЛА мультироторного типу бойового (розвідувальні, розвідки та цілевказання, радіоелектронної боротьби) та спеціального призначення.Вимоги:вік 18–24 роки (вікові обмеження повʼязані з умовами програми);бажання служити своїй країні та бути частиною злагодженої команди;готовність виконувати завдання в зоні активних бойових дій;придатність до військової служби за станом здоров’я і морально-психологічними якостями;витривалість, стресостійкість, хороша фізична форма;бажання навчатись і розвиватись.Обов’язки:Перевірка технічного стану дрона, налаштування обладнання, планування маршруту.Дистанційне керування польотом, маневрування, утримання на заданій висоті та курсі.Використання оптичних, тепловізійних та інших датчиків для отримання зображень, відео та інших даних про об’єкти та територію.Перегляд та аналіз зібраної інформації, виявлення важливих об’єктів та цілей, підготовка звітів.Передача розвідувальної інформації до штабу, командних пунктів та інших підрозділів.Виконання невеликих ремонтів та усунення несправностей, що виникають під час експлуатації.Розуміння принципів роботи літальних апаратів, електроніки, програмного забезпечення.Вміння керувати дроном в різних погодних умовах та на складній місцевості.Здатність швидко та ефективно обробляти та аналізувати великі обсяги інформації.Здатність працювати в умовах високого психологічного навантаження.Здатність до тривалого утримання уваги на моніторі та обробці данихУмови роботи:служба за контрактом терміном на 2 роки (з обов’язковою умовою участі у бойових діях не менше 12 місяців за 2 роки);грошове забезпечення 1 000 000 гривень за 2 роки відповідно до програми «Контракт 18–24» (200 000 гривень одразу при підписанні контракту та 800 000 гривень виплат двома частинами на час дії контракту) + додатково грошове забезпечення до 150 000 гривень щомісячно;повний супровід під час оформлення документів;проходження базової загальновійськової підготовки, фахової підготовки та курс адаптації у військовій частині;компенсація житла протягом служби;медичне забезпечення + стоматологія та зубопротезування;іпотека 0% річних після закінчення контракту за програмою «єОселя»;соціальні гарантії;навчання у закладах освіти у межах квот за кошти держави після закінчення контракту;право на виїзд за кордон після 2 років служби;можливість самостійно обрати місце проходження військово-лікарської комісії;підйомна допомога за переїзд на нове місце служби;щорічна грошова допомога на оздоровлення;безкоштовний проїзд та комунальні пільги;Гарантоване звільнення від мобілізації на 12 місяців після завершення контракту.Зв’язатись з нами можна зателефонувавши за номером в оголошенні чи писати в месенджери.Детальніше про нас можете дізнатись на нашій офіційній сторінці Facebook та у Wikipedia.Також дивіться інші наші оголошення, є багато різних вакансій!
",5 Окрема важка механізована бригада,not found
139,Оператор малих БпЛА літакового типу (Контракт 18-24),https://jobs.dou.ua/companies/5-ovmbr/vacancies/337967/?from=first-job,"
Ми 5-та окрема важка механізована бригада ЗСУ, колишня 5-та окрема танкова бригада на чолі з командиром, який здобув особливе визнання в битві за Бахмут, коли його підрозділ утримував стратегічно важливі позиції біля Бахмута і Часового Яру для підтримки «Дороги життя» до українських позицій.На кінець 2023 року бригада тренувалася у Німеччині, й отримала на озброєння словенські танки M-55S і німецькі Leopard 1A5 та ін.Врамках програми «Контракт 18–24: Дрони» відкриваємо набір вмотивованих кандидатів, які готові пройти ретельний відбір і навчання на позицію Оператора малих БпЛА літакового типу бойового та спеціального призначення.Вимоги:вік 18–24 роки (вікові обмеження повʼязані з умовами програми);бажання служити своїй країні та бути частиною злагодженої команди;готовність виконувати завдання в зоні активних бойових дій;придатність до військової служби за станом здоров’я і морально-психологічними якостями;витривалість, стресостійкість, хороша фізична форма;бажання навчатись і розвиватись.Обов’язки:Перевірка технічного стану дрона, налаштування обладнання, планування маршруту.Дистанційне керування польотом, маневрування, утримання на заданій висоті та курсі.Використання оптичних, тепловізійних та інших датчиків для отримання зображень, відео та інших даних про об’єкти та територію.Перегляд та аналіз зібраної інформації, виявлення важливих об’єктів та цілей, підготовка звітів.Передача розвідувальної інформації до штабу, командних пунктів та інших підрозділів.Виконання невеликих ремонтів та усунення несправностей, що виникають під час експлуатації.Розуміння принципів роботи літальних апаратів, електроніки, програмного забезпечення.Вміння керувати дроном в різних погодних умовах та на складній місцевості.Здатність швидко та ефективно обробляти та аналізувати великі обсяги інформації.Здатність працювати в умовах високого психологічного навантаження.Здатність до тривалого утримання уваги на моніторі та обробці данихУмови роботи:служба за контрактом терміном на 2 роки (з обов’язковою умовою участі у бойових діях не менше 12 місяців за 2 роки);грошове забезпечення 1 000 000 гривень за 2 роки відповідно до програми «Контракт 18–24» (200 000 гривень одразу при підписанні контракту та 800 000 гривень виплат двома частинами на час дії контракту) + додатково грошове забезпечення до 150 000 гривень щомісячно;повний супровід під час оформлення документів;проходження базової загальновійськової підготовки, фахової підготовки та курс адаптації у військовій частині;компенсація житла протягом служби;медичне забезпечення + стоматологія та зубопротезування;іпотека 0% річних після закінчення контракту за програмою «єОселя»;соціальні гарантії;навчання у закладах освіти у межах квот за кошти держави після закінчення контракту;право на виїзд за кордон після 2 років служби;можливість самостійно обрати місце проходження військово-лікарської комісії;підйомна допомога за переїзд на нове місце служби;щорічна грошова допомога на оздоровлення;безкоштовний проїзд та комунальні пільги;Гарантоване звільнення від мобілізації на 12 місяців після завершення контракту.Зв’язатись з нами можна зателефонувавши за номером в оголошенні чи писати в месенджери.Детальніше про нас можете дізнатись на нашій офіційній сторінці Facebook та у Wikipedia.Також дивіться інші наші оголошення, є багато різних вакансій!
",5 Окрема важка механізована бригада,not found
140,Оператор малих БпЛА мультироторного типу (Контракт 18-24),https://jobs.dou.ua/companies/5-ovmbr/vacancies/337971/?from=first-job,"
Ми 5-та окрема важка механізована бригада ЗСУ, колишня 5-та окрема танкова бригада на чолі з командиром, який здобув особливе визнання в битві за Бахмут, коли його підрозділ утримував стратегічно важливі позиції біля Бахмута і Часового Яру для підтримки «Дороги життя» до українських позицій.На кінець 2023 року бригада тренувалася у Німеччині, й отримала на озброєння словенські танки M-55S і німецькі Leopard 1A5 та ін.Врамках програми «Контракт 18–24: Дрони» відкриваємо набір вмотивованих кандидатів, які готові пройти ретельний відбір і навчання на позицію Оператора малих БпЛА мультироторного типу ударного бойового призначення.Вимоги:вік 18–24 роки (вікові обмеження повʼязані з умовами програми);бажання служити своїй країні та бути частиною злагодженої команди;готовність виконувати завдання в зоні активних бойових дій;придатність до військової служби за станом здоров’я і морально-психологічними якостями;витривалість, стресостійкість, хороша фізична форма;бажання навчатись і розвиватись.Обов’язки:Перевірка технічного стану дрона, налаштування обладнання, планування маршруту.Дистанційне керування польотом, маневрування, утримання на заданій висоті та курсі.Використання оптичних, тепловізійних та інших датчиків для отримання зображень, відео та інших даних про об’єкти та територію.Перегляд та аналіз зібраної інформації, виявлення важливих об’єктів та цілей, підготовка звітів.Передача розвідувальної інформації до штабу, командних пунктів та інших підрозділів.Виконання невеликих ремонтів та усунення несправностей, що виникають під час експлуатації.Розуміння принципів роботи літальних апаратів, електроніки, програмного забезпечення.Вміння керувати дроном в різних погодних умовах та на складній місцевості.Здатність швидко та ефективно обробляти та аналізувати великі обсяги інформації.Здатність працювати в умовах високого психологічного навантаження.Здатність до тривалого утримання уваги на моніторі та обробці данихУмови роботи:служба за контрактом терміном на 2 роки (з обов’язковою умовою участі у бойових діях не менше 12 місяців за 2 роки);грошове забезпечення 1 000 000 гривень за 2 роки відповідно до програми «Контракт 18–24» (200 000 гривень одразу при підписанні контракту та 800 000 гривень виплат двома частинами на час дії контракту) + додатково грошове забезпечення до 150 000 гривень щомісячно;повний супровід під час оформлення документів;проходження базової загальновійськової підготовки, фахової підготовки та курс адаптації у військовій частині;компенсація житла протягом служби;медичне забезпечення + стоматологія та зубопротезування;іпотека 0% річних після закінчення контракту за програмою «єОселя»;соціальні гарантії;навчання у закладах освіти у межах квот за кошти держави після закінчення контракту;право на виїзд за кордон після 2 років служби;можливість самостійно обрати місце проходження військово-лікарської комісії;підйомна допомога за переїзд на нове місце служби;щорічна грошова допомога на оздоровлення;безкоштовний проїзд та комунальні пільги;Гарантоване звільнення від мобілізації на 12 місяців після завершення контракту.Зв’язатись з нами можна зателефонувавши за номером в оголошенні чи писати в месенджери.Детальніше про нас можете дізнатись на нашій офіційній сторінці Facebook та у Wikipedia.Також дивіться інші наші оголошення, є багато різних вакансій!
",5 Окрема важка механізована бригада,not found
141,Оператор мікро та міні БпЛА мультироторного типу (Контракт 18-24),https://jobs.dou.ua/companies/5-ovmbr/vacancies/337972/?from=first-job,"
Ми 5-та окрема важка механізована бригада ЗСУ, колишня 5-та окрема танкова бригада на чолі з командиром, який здобув особливе визнання в битві за Бахмут, коли його підрозділ утримував стратегічно важливі позиції біля Бахмута і Часового Яру для підтримки «Дороги життя» до українських позицій.На кінець 2023 року бригада тренувалася у Німеччині, й отримала на озброєння словенські танки M-55S і німецькі Leopard 1A5 та ін.Врамках програми «Контракт 18–24: Дрони» відкриваємо набір вмотивованих кандидатів, які готові пройти ретельний відбір і навчання на позицію Оператора мікро та міні БпЛА мультироторного типу ударного бойового призначення.Вимоги:вік 18–24 роки (вікові обмеження повʼязані з умовами програми);бажання служити своїй країні та бути частиною злагодженої команди;готовність виконувати завдання в зоні активних бойових дій;придатність до військової служби за станом здоров’я і морально-психологічними якостями;витривалість, стресостійкість, хороша фізична форма;бажання навчатись і розвиватись.Обов’язки:Перевірка технічного стану дрона, налаштування обладнання, планування маршруту.Дистанційне керування польотом, маневрування, утримання на заданій висоті та курсі.Використання оптичних, тепловізійних та інших датчиків для отримання зображень, відео та інших даних про об’єкти та територію.Перегляд та аналіз зібраної інформації, виявлення важливих об’єктів та цілей, підготовка звітів.Передача розвідувальної інформації до штабу, командних пунктів та інших підрозділів.Виконання невеликих ремонтів та усунення несправностей, що виникають під час експлуатації.Розуміння принципів роботи літальних апаратів, електроніки, програмного забезпечення.Вміння керувати дроном в різних погодних умовах та на складній місцевості.Здатність швидко та ефективно обробляти та аналізувати великі обсяги інформації.Здатність працювати в умовах високого психологічного навантаження.Здатність до тривалого утримання уваги на моніторі та обробці данихУмови роботи:служба за контрактом терміном на 2 роки (з обов’язковою умовою участі у бойових діях не менше 12 місяців за 2 роки);грошове забезпечення 1 000 000 гривень за 2 роки відповідно до програми «Контракт 18–24» (200 000 гривень одразу при підписанні контракту та 800 000 гривень виплат двома частинами на час дії контракту) + додатково грошове забезпечення до 150 000 гривень щомісячно;повний супровід під час оформлення документів;проходження базової загальновійськової підготовки, фахової підготовки та курс адаптації у військовій частині;компенсація житла протягом служби;медичне забезпечення + стоматологія та зубопротезування;іпотека 0% річних після закінчення контракту за програмою «єОселя»;соціальні гарантії;навчання у закладах освіти у межах квот за кошти держави після закінчення контракту;право на виїзд за кордон після 2 років служби;можливість самостійно обрати місце проходження військово-лікарської комісії;підйомна допомога за переїзд на нове місце служби;щорічна грошова допомога на оздоровлення;безкоштовний проїзд та комунальні пільги;Гарантоване звільнення від мобілізації на 12 місяців після завершення контракту.Зв’язатись з нами можна зателефонувавши за номером в оголошенні чи писати в месенджери.Детальніше про нас можете дізнатись на нашій офіційній сторінці Facebook та у Wikipedia.Також дивіться інші наші оголошення, є багато різних вакансій!
",5 Окрема важка механізована бригада,not found
142,"Оператор мікро та міні БпЛА (FPV, «Контракт 18-24»)",https://jobs.dou.ua/companies/5-ovmbr/vacancies/337973/?from=first-job,"
Ми 5-та окрема важка механізована бригада ЗСУ, колишня 5-та окрема танкова бригада на чолі з командиром, який здобув особливе визнання в битві за Бахмут, коли його підрозділ утримував стратегічно важливі позиції біля Бахмута і Часового Яру для підтримки «Дороги життя» до українських позицій.На кінець 2023 року бригада тренувалася у Німеччині, й отримала на озброєння словенські танки M-55S і німецькі Leopard 1A5 та ін.Врамках програми «Контракт 18–24: Дрони» відкриваємо набір вмотивованих кандидатів, які готові пройти ретельний відбір і навчання на позицію Оператора мікро та міні БпЛА (FPV) з керуванням від першої особи бойового та спеціального призначення.Вимоги:вік 18–24 роки (вікові обмеження повʼязані з умовами програми);бажання служити своїй країні та бути частиною злагодженої команди;готовність виконувати завдання в зоні активних бойових дій;придатність до військової служби за станом здоров’я і морально-психологічними якостями;витривалість, стресостійкість, хороша фізична форма;бажання навчатись і розвиватись.Обов’язки:Перевірка технічного стану FPV дрона, налаштування обладнання, планування маршруту.Дистанційне керування польотом, маневрування, утримання на заданій висоті та курсі.Використання оптичних, тепловізійних та інших датчиків для отримання зображень, відео та інших даних про об’єкти та територію.Перегляд та аналіз зібраної інформації, виявлення важливих об’єктів та цілей, підготовка звітів.Керування FPV-дроном для зйомки відео та фото з повітря, здійснення скидів.Виконання невеликих ремонтів та усунення несправностей, що виникають під час експлуатації.Розуміння принципів роботи літальних апаратів, електроніки, програмного забезпечення.Вміння керувати FPV дроном в різних погодних умовах та на складній місцевості.Здатність швидко та ефективно обробляти та аналізувати великі обсяги інформації.Здатність працювати в умовах високого психологічного навантаження.Умови роботи:служба за контрактом терміном на 2 роки (з обов’язковою умовою участі у бойових діях не менше 12 місяців за 2 роки);грошове забезпечення 1 000 000 гривень за 2 роки відповідно до програми «Контракт 18–24» (200 000 гривень одразу при підписанні контракту та 800 000 гривень виплат двома частинами на час дії контракту) + додатково грошове забезпечення до 150 000 гривень щомісячно;повний супровід під час оформлення документів;проходження базової загальновійськової підготовки, фахової підготовки та курс адаптації у військовій частині;компенсація житла протягом служби;медичне забезпечення + стоматологія та зубопротезування;іпотека 0% річних після закінчення контракту за програмою «єОселя»;соціальні гарантії;навчання у закладах освіти у межах квот за кошти держави після закінчення контракту;право на виїзд за кордон після 2 років служби;можливість самостійно обрати місце проходження військово-лікарської комісії;підйомна допомога за переїзд на нове місце служби;щорічна грошова допомога на оздоровлення;безкоштовний проїзд та комунальні пільги;Гарантоване звільнення від мобілізації на 12 місяців після завершення контракту.Зв’язатись з нами можна зателефонувавши за номером в оголошенні чи писати в месенджери.Детальніше про нас можете дізнатись на нашій офіційній сторінці Facebook та у Wikipedia.Також дивіться інші наші оголошення, є багато різних вакансій!
",5 Окрема важка механізована бригада,not found
143,Командир відділення протидії технічним засобам розвідки,https://jobs.dou.ua/companies/5-ovmbr/vacancies/337974/?from=first-job,"
Ми 5-та окрема важка механізована бригада ЗСУ, колишня 5-та окрема танкова бригада на чолі з командиром, який здобув особливе визнання в битві за Бахмут, коли його підрозділ утримував стратегічно важливі позиції біля Бахмута і Часового Яру для підтримки «Дороги життя» до українських позицій.На кінець 2023 року бригада тренувалася у Німеччині, й отримала на озброєння словенські танки M-55S і німецькі Leopard 1A5 та ін.Обов’язки:відповідальність за бойову та мобілізаційну готовність відділення протидії технічним розвідкамзабезпечення охорони державної таємниці в підрозділівиконання особовим складом підрозділу завдань щодо протидії БПЛАорганізація роботи відділення протидії технічним розвідкамконтроль за станом і збереженням озброєння, техніки й матеріальних засобів відділення протидії технічним розвідкам, їх правильною експлуатацією, ремонтом та евакуаціївідповідальність за стан навчально-матеріальної бази відповідно до напрямку діяльностіорганізація, контроль та проведення активної протидії ЗТР у районах відповідальностіведення обліку спеціальної техніки й засобів протидіїВимоги:бажання вчитися, розвиватися й працювати в колективівисока відповідальність, обачність і дисциплінованістьзнання законодавства України про державну таємницю й нормативних актів, пов’язаних з охороною державної таємницітехнічна освіта буде перевагоюУмови:мобілізація до кінця воєнного стану або служба за контрактом;гідне грошове забезпечення від 20 130 до 120 000 гривень залежно від виконання бойових розпоряджень та місця служби;кар’єрний ріст та можливість професійного зростання;забезпечення усіма необхідними засобами та екіпіруванням;повноцінне харчування;підйомна допомога за переїзд на нове місце служби;щорічна грошова допомога на оздоровлення;статус учасника бойових дій;навчання перед вступом на посаду, при необхідності навчання за фаховою підготовкою як в Україні, так і за кордоном;пакет соціальних та правових гарантії захисту військовослужбовців та членів їх сімей;безкоштовне медичне забезпечення;можливість отримання пільгового кредиту за державною програмою «Є-оселя» для придбання житла.Зв’язатись з нами можна зателефонувавши за номером в оголошенні чи писати в месенджери.Детальніше про нас можете дізнатись на нашій офіційній сторінці Facebook та у Wikipedia.Також дивіться інші наші оголошення, є багато різних вакансій!
",5 Окрема важка механізована бригада,Degree
144,"Спеціаліст, оператор відділення протидії технічним засобам розвідки, військовослужбовець",https://jobs.dou.ua/companies/5-ovmbr/vacancies/337975/?from=first-job,"
Ми 5-та окрема важка механізована бригада ЗСУ, колишня 5-та окрема танкова бригада на чолі з командиром, який здобув особливе визнання в битві за Бахмут, коли його підрозділ утримував стратегічно важливі позиції біля Бахмута і Часового Яру для підтримки «Дороги життя» до українських позицій.На кінець 2023 року бригада тренувалася у Німеччині, й отримала на озброєння словенські танки M-55S і німецькі Leopard 1A5 та ін.Обов’язки:виконання бойових завдань у складі підрозділуексплуатація обладнання протидії технічним засобам розвідкигенерація перешкод та використання інших методів протидії радіоелектронним засобам противникадотримання правил дисципліни та підпорядкуванняВимоги:впевнений користувач ПКрозуміння роботи та будови електропристроїв, генераторівхороша фізична підготовкасамодисципліна, лідерські якості, стресостійкістьпосвідчення водія категорії В, досвід водіннярозуміння принципів побудови систем протидії технічним засобам розвідки противника буде перевагоюУмови:мобілізація до кінця воєнного стану або служба за контрактом;гідне грошове забезпечення від 20 130 до 120 000 гривень залежно від виконання бойових розпоряджень та місця служби;кар’єрний ріст та можливість професійного зростання;забезпечення усіма необхідними засобами та екіпіруванням;повноцінне харчування;підйомна допомога за переїзд на нове місце служби;щорічна грошова допомога на оздоровлення;статус учасника бойових дій;навчання перед вступом на посаду, при необхідності навчання за фаховою підготовкою як в Україні, так і за кордоном;пакет соціальних та правових гарантії захисту військовослужбовців та членів їх сімей;безкоштовне медичне забезпечення;можливість отримання пільгового кредиту за державною програмою «Є-оселя» для придбання житла.Зв’язатись з нами можна зателефонувавши за номером в оголошенні чи писати в месенджери.Детальніше про нас можете дізнатись на нашій офіційній сторінці Facebook та у Wikipedia.Також дивіться інші наші оголошення, є багато різних вакансій!
",5 Окрема важка механізована бригада,not found
145,Старший технік роти БпАК,https://jobs.dou.ua/companies/5-ovmbr/vacancies/337976/?from=first-job,"
Ми 5-та окрема важка механізована бригада ЗСУ, колишня 5-та окрема танкова бригада на чолі з командиром, який здобув особливе визнання в битві за Бахмут, коли його підрозділ утримував стратегічно важливі позиції біля Бахмута і Часового Яру для підтримки «Дороги життя» до українських позицій.На кінець 2023 року бригада тренувалася у Німеччині, й отримала на озброєння словенські танки M-55S і німецькі Leopard 1A5 та ін.Обов’язки:планування та контроль за своєчасним обслуговуванням і ремонтом БпАК, наземного обладнання та засобів зв’язкурозподіл завдань між техніками, контроль якості виконання робіт, наставництво молодших фахівціввиявлення технічних проблем у дронах, електроніці, системах навігації та управління, оперативне усунення несправностейоблік технічного стану БпАК, звітність про проведені роботи, оформлення журналів обслуговуваннязабезпечення готовності техніки до застосування, участь у передпольотних перевірках, тестування системнадання технічних висновків, участь у плануванні бойового застосування БпАК, доповіді про стан технікиконтроль за дотриманням правил експлуатації, зберігання та транспортування техніки, дотримання заходів безпеки під час роботи з озброєннямремонт й обслуговування БпЛА, діагностика несправностей, програмна підтримка систем управління, розробка та інтеграція технічних рішеньВимоги:середня спеціальна або вища технічна освітадосвід роботи з БпЛА або електронною технікою щонайменше 1 рікбажана наявність звання сержантавідповідальність, дисциплінованість, комунікабельність, здатність швидко реагувати на зміну обставинбажання служити та розвиватися у сфері безпілотних системготовність до службиУмови:мобілізація до кінця воєнного стану або служба за контрактом;гідне грошове забезпечення від 20 130 до 120 000 гривень залежно від виконання бойових розпоряджень та місця служби;кар’єрний ріст та можливість професійного зростання;забезпечення усіма необхідними засобами та екіпіруванням;повноцінне харчування;підйомна допомога за переїзд на нове місце служби;щорічна грошова допомога на оздоровлення;статус учасника бойових дій;навчання перед вступом на посаду, при необхідності навчання за фаховою підготовкою як в Україні, так і за кордоном;пакет соціальних та правових гарантії захисту військовослужбовців та членів їх сімей;безкоштовне медичне забезпечення;можливість отримання пільгового кредиту за державною програмою «Є-оселя» для придбання житла.Зв’язатись з нами можна зателефонувавши за номером в оголошенні чи писати в месенджери.Детальніше про нас можете дізнатись на нашій офіційній сторінці Facebook та у Wikipedia.Також дивіться інші наші оголошення, є багато різних вакансій!
",5 Окрема важка механізована бригада,Degree
146,Офіцер відділення безпілотних систем,https://jobs.dou.ua/companies/5-ovmbr/vacancies/337977/?from=first-job,"
Ми 5-та окрема важка механізована бригада ЗСУ, колишня 5-та окрема танкова бригада на чолі з командиром, який здобув особливе визнання в битві за Бахмут, коли його підрозділ утримував стратегічно важливі позиції біля Бахмута і Часового Яру для підтримки «Дороги життя» до українських позицій.На кінець 2023 року бригада тренувалася у Німеччині, й отримала на озброєння словенські танки M-55S і німецькі Leopard 1A5 та ін.Обов’язки:керування підпорядкованим особовим складомдосвід роботи з безпілотними літальними апаратами;відповідальність, аналітичний склад розуму, увага до деталей, спостережливість і стресостійкість;досконале володіння основними видами обладнання та озброєння відділенняпідготовка особового складу підрозділудотримання правил дисципліни та підпорядкуваннявзаємодія з командирами інших відділеньпідготовка звітності та аналіз результатів роботиВимоги:постійне стеження й оновлення експлуатаційної документації з використання БПЛА;наявність лідерських якостей, бажання навчатися та розвиватисяготовність виконувати завдання в зоні бойових дійрозробка стратегій для досягнення поставлених завдань;впевнене володіння ПК та засобами зв’язкувміння працювати в команді та дотримуватися встановлених правил і законівофіцерське званняУмови роботи:мобілізація до кінця воєнного стану або служба за контрактом;гідне грошове забезпечення від 20 130 до 120 000 гривень залежно від виконання бойових розпоряджень та місця служби;кар’єрний ріст та можливість професійного зростання;забезпечення усіма необхідними засобами та екіпіруванням;повноцінне харчування;підйомна допомога за переїзд на нове місце служби;щорічна грошова допомога на оздоровлення;статус учасника бойових дій;навчання перед вступом на посаду, при необхідності навчання за фаховою підготовкою як в Україні, так і за кордоном;пакет соціальних та правових гарантії захисту військовослужбовців та членів їх сімей;безкоштовне медичне забезпечення;можливість отримання пільгового кредиту за державною програмою «Є-оселя» для придбання житла.Обов’язки:Зв’язатись з нами можна зателефонувавши за номером в оголошенні чи писати в месенджери.Детальніше про нас можете дізнатись на нашій офіційній сторінці Facebook та у Wikipedia.Також дивіться інші наші оголошення, є багато різних вакансій!
",5 Окрема важка механізована бригада,not found
147,"Майстер з ремонту БПЛА, FPV-дронів, військовослужбовець",https://jobs.dou.ua/companies/5-ovmbr/vacancies/337978/?from=first-job,"
Ми 5-та окрема важка механізована бригада ЗСУ, колишня 5-та окрема танкова бригада на чолі з командиром, який здобув особливе визнання в битві за Бахмут, коли його підрозділ утримував стратегічно важливі позиції біля Бахмута і Часового Яру для підтримки «Дороги життя» до українських позицій.На кінець 2023 року бригада тренувалася у Німеччині, й отримала на озброєння словенські танки M-55S і німецькі Leopard 1A5 та ін.Обов’язкимодульна модернізація БПЛА різних типівдрібний ремонт FPV-дронівВимогивміння та досвід паяннявміння читати електронні схемиУмови:мобілізація до кінця воєнного стану або служба за контрактом;гідне грошове забезпечення від 20 130 до 120 000 гривень залежно від виконання бойових розпоряджень та місця служби;кар’єрний ріст та можливість професійного зростання;забезпечення усіма необхідними засобами та екіпіруванням;повноцінне харчування;підйомна допомога за переїзд на нове місце служби;щорічна грошова допомога на оздоровлення;статус учасника бойових дій;навчання перед вступом на посаду, при необхідності навчання за фаховою підготовкою як в Україні, так і за кордоном;пакет соціальних та правових гарантії захисту військовослужбовців та членів їх сімей;безкоштовне медичне забезпечення;можливість отримання пільгового кредиту за державною програмою «Є-оселя» для придбання житла.Зв’язатись з нами можна зателефонувавши за номером в оголошенні чи писати в месенджери.Детальніше про нас можете дізнатись на нашій офіційній сторінці Facebook та у Wikipedia.Також дивіться інші наші оголошення, є багато різних вакансій!
",5 Окрема важка механізована бригада,not found
148,"Майстер з налаштування БПЛА, військовослужбовець",https://jobs.dou.ua/companies/5-ovmbr/vacancies/337979/?from=first-job,"
Ми 5-та окрема важка механізована бригада ЗСУ, колишня 5-та окрема танкова бригада на чолі з командиром, який здобув особливе визнання в битві за Бахмут, коли його підрозділ утримував стратегічно важливі позиції біля Бахмута і Часового Яру для підтримки «Дороги життя» до українських позицій.На кінець 2023 року бригада тренувалася у Німеччині, й отримала на озброєння словенські танки M-55S і німецькі Leopard 1A5 та ін.Обов’язкипрошивка, налаштування БПЛА для бойового застосуванняВимогиосвіта за спеціальністю ІТ (бажано, але не обов’язково)розуміння мережевих технологійдосвід пілотування БПЛА буде перевагоюУмовимобілізація до кінця воєнного стану або служба за контрактом;гідне грошове забезпечення від 20 130 до 120 000 гривень залежно від виконання бойових розпоряджень та місця служби;кар’єрний ріст та можливість професійного зростання;забезпечення усіма необхідними засобами та екіпіруванням;повноцінне харчування;підйомна допомога за переїзд на нове місце служби;щорічна грошова допомога на оздоровлення;статус учасника бойових дій;навчання перед вступом на посаду, при необхідності навчання за фаховою підготовкою як в Україні, так і за кордоном;пакет соціальних та правових гарантії захисту військовослужбовців та членів їх сімей;безкоштовне медичне забезпечення;можливість отримання пільгового кредиту за державною програмою «Є-оселя» для придбання житла.Зв’язатись з нами можна зателефонувавши за номером в оголошенні чи писати в месенджери.Детальніше про нас можете дізнатись на нашій офіційній сторінці Facebook та у Wikipedia.Також дивіться інші наші оголошення, є багато різних вакансій!
",5 Окрема важка механізована бригада,Degree
149,Командир відділення електронної підтримки,https://jobs.dou.ua/companies/5-ovmbr/vacancies/337980/?from=first-job,"
Ми 5-та окрема важка механізована бригада ЗСУ, колишня 5-та окрема танкова бригада на чолі з командиром, який здобув особливе визнання в битві за Бахмут, коли його підрозділ утримував стратегічно важливі позиції біля Бахмута і Часового Яру для підтримки «Дороги життя» до українських позицій.На кінець 2023 року бригада тренувалася у Німеччині, й отримала на озброєння словенські танки M-55S і німецькі Leopard 1A5 та ін.Обов’язки:керування та контроль розгортання засобів тактичної радіорозвідки та пеленгаціїзабезпечення контролю безперебійної роботи відділення електронної підтримкиВимоги:бажання навчатисьрелевантний досвід роботи за фахом або на аналогічній посаді буде перевагоювміння навчатись самостійновміння працювати з обладнаннямвміння користуватись ПКрозуміння значення магнітного азимутабажане вміння ремонту електричних приладіввідсутність шкідливих звичокУмови:мобілізація до кінця воєнного стану або служба за контрактом;гідне грошове забезпечення від 20 130 до 120 000 гривень залежно від виконання бойових розпоряджень та місця служби;кар’єрний ріст та можливість професійного зростання;забезпечення усіма необхідними засобами та екіпіруванням;повноцінне харчування;підйомна допомога за переїзд на нове місце служби;щорічна грошова допомога на оздоровлення;статус учасника бойових дій;навчання перед вступом на посаду, при необхідності навчання за фаховою підготовкою як в Україні, так і за кордоном;пакет соціальних та правових гарантії захисту військовослужбовців та членів їх сімей;безкоштовне медичне забезпечення;можливість отримання пільгового кредиту за державною програмою «Є-оселя» для придбання житла.Зв’язатись з нами можна зателефонувавши за номером в оголошенні чи писати в месенджери.Детальніше про нас можете дізнатись на нашій офіційній сторінці Facebook та у Wikipedia.Також дивіться інші наші оголошення, є багато різних вакансій!
",5 Окрема важка механізована бригада,not found
150,Командир відділення радіозв’язку,https://jobs.dou.ua/companies/5-ovmbr/vacancies/337981/?from=first-job,"
Ми 5-та окрема важка механізована бригада ЗСУ, колишня 5-та окрема танкова бригада на чолі з командиром, який здобув особливе визнання в битві за Бахмут, коли його підрозділ утримував стратегічно важливі позиції біля Бахмута і Часового Яру для підтримки «Дороги життя» до українських позицій.На кінець 2023 року бригада тренувалася у Німеччині, й отримала на озброєння словенські танки M-55S і німецькі Leopard 1A5 та ін.Обов’язки:забезпечення безперебійної роботи систем зв’язкуобслуговування засобів військового зв‘язкупроведення занять для особового складу групиведення документації відповідно до вимогВимоги:організованість, вміння планувати та координувати дії командизнання принципів побудови систем зв’язку, роботи радіостанційнавички розв’язання організаційних і технічних питань у стислі термінидосвід управління підлеглими, здатність до лідерствавідповідальність, технічна грамотність, аналітичне мисленняУмови:мобілізація до кінця воєнного стану або служба за контрактом;гідне грошове забезпечення від 20 130 до 120 000 гривень залежно від виконання бойових розпоряджень та місця служби;кар’єрний ріст та можливість професійного зростання;забезпечення усіма необхідними засобами та екіпіруванням;повноцінне харчування;підйомна допомога за переїзд на нове місце служби;щорічна грошова допомога на оздоровлення;статус учасника бойових дій;навчання перед вступом на посаду, при необхідності навчання за фаховою підготовкою як в Україні, так і за кордоном;пакет соціальних та правових гарантії захисту військовослужбовців та членів їх сімей;безкоштовне медичне забезпечення;можливість отримання пільгового кредиту за державною програмою «Є-оселя» для придбання житла.Зв’язатись з нами можна зателефонувавши за номером в оголошенні чи писати в месенджери.Детальніше про нас можете дізнатись на нашій офіційній сторінці Facebook та у Wikipedia.Також дивіться інші наші оголошення, є багато різних вакансій!
",5 Окрема важка механізована бригада,not found
151,"Командир взоду ударних БпАК, військовослужбовець",https://jobs.dou.ua/companies/5-ovmbr/vacancies/337982/?from=first-job,"
Ми 5-та окрема важка механізована бригада ЗСУ, колишня 5-та окрема танкова бригада на чолі з командиром, який здобув особливе визнання в битві за Бахмут, коли його підрозділ утримував стратегічно важливі позиції біля Бахмута і Часового Яру для підтримки «Дороги життя» до українських позицій.На кінець 2023 року бригада тренувалася у Німеччині, й отримала на озброєння словенські танки M-55S і німецькі Leopard 1A5 та ін.Обов’язки:керування особовим складом, який виконує завдання з пілотування безпілотних авіаційних комплексів у межах військових операційучасть у навчаннях, навчальних вправах та інших заходах для підвищення кваліфікаціїефективне керування командою та прийняття швидких й обґрунтованих рішень у стресових ситуаціяхпідтримка озброєння, боєприпасів, техніки та майна у бойовій готовностівзаємодія з командуваннямгарантування безпекиведення документації та звітностівзаємодія з іншими підрозділамиВимоги:досвід керування БпЛАпридатність до військової служби за станом здоров’я й морально-психологічними якостямиготовність до роботи в умовах військових операцій та дотримання військової дисципліниздатність працювати в команді та високий рівень комунікативних навичокзнання принципів функціонування БпАКдосвід з обслуговування та ремонту електронікирозуміння базових принципів схемотехніки (вміння читати електричні схеми буде перевагою)володіння англійською мовою на рівні, необхідному для розуміння технічної документації, буде перевагоювідсутність алкогольної та наркотичної залежностіУмови:мобілізація до кінця воєнного стану або служба за контрактом;гідне грошове забезпечення від 20 130 до 120 000 гривень залежно від виконання бойових розпоряджень та місця служби;кар’єрний ріст та можливість професійного зростання;забезпечення усіма необхідними засобами та екіпіруванням;повноцінне харчування;підйомна допомога за переїзд на нове місце служби;щорічна грошова допомога на оздоровлення;статус учасника бойових дій;навчання перед вступом на посаду, при необхідності навчання за фаховою підготовкою як в Україні, так і за кордоном;пакет соціальних та правових гарантії захисту військовослужбовців та членів їх сімей;безкоштовне медичне забезпечення;можливість отримання пільгового кредиту за державною програмою «Є-оселя» для придбання житла.Зв’язатись з нами можна зателефонувавши за номером в оголошенні чи писати в месенджери.Детальніше про нас можете дізнатись на нашій офіційній сторінці Facebook та у Wikipedia.Також дивіться інші наші оголошення, є багато різних вакансій!
",5 Окрема важка механізована бригада,not found
152,"Майстер з обслуговування наземних роботизованих комплексів, військовослужбовець",https://jobs.dou.ua/companies/5-ovmbr/vacancies/337984/?from=first-job,"
Ми 5-та окрема важка механізована бригада ЗСУ, колишня 5-та окрема танкова бригада на чолі з командиром, який здобув особливе визнання в битві за Бахмут, коли його підрозділ утримував стратегічно важливі позиції біля Бахмута і Часового Яру для підтримки «Дороги життя» до українських позицій. На кінець 2023 року бригада тренувалася у Німеччині, й отримала на озброєння словенські танки M-55S і німецькі Leopard 1A5 та ін.ОБОВ’ЯЗКИремонт та обслуговування наземних роботизованих комплексіввиявлення й усунення несправностей у механічних та електричних системахзабезпечення безперебійної роботи обладнання НРК та вчасне його технічне обслуговуванняпідтримання чистоти й порядку на робочому місціВИМОГИдосвід ремонту та обслуговування технікинаявність досвіду з обслуговування й ремонту електронікиуміння працювати з діагностичним обладнанням та інструментамивміння працювати в команді та брати відповідальність за результатготовність працювати в зоні бойових дійУМОВИмобілізація до кінця воєнного стану або служба за контрактомпостійна внутрішня фахова підготовка та підвищення кваліфікаціїможливість професійного й кар’єрного ростузабезпечення сучасним спорядженням і технікоюсупроводження на всьому етапі мобілізації до зарахування в підрозділможливість переведення чинних військовослужбовцівгрошове забезпечення згідно з нормами чинного законодавства.Зв’язатись з нами можна зателефонувавши за номером воголошенні чи писати вмесенджери.Детальніше про нас можете дізнатись на нашій офіційнійсторінці Facebook та y Wikipedia.Також дивіться інші наші оголошення, є багато різних вакансій!!!
",5 Окрема важка механізована бригада,not found
153,Заступник командира роти кулеметних наземних безпілотних систем (НРК),https://jobs.dou.ua/companies/5-ovmbr/vacancies/337985/?from=first-job,"
Ми 5-та окрема важка механізована бригада ЗСУ, колишня 5-та окрема танкова бригада на чолі з командиром, який здобув особливе визнання в битві за Бахмут, коли його підрозділ утримував стратегічно важливі позиції біля Бахмута і Часового Яру для підтримки «Дороги життя» до українських позицій.На кінець 2023 року бригада тренувалася у Німеччині, й отримала на озброєння словенські танки M-55S і німецькі Leopard 1A5 та ін.Обов’язки:Забезпечення ефективної роботи роти, координація дій особового складу та контроль за використанням наземних кулеметних безпілотних систем.Участь у розробці маршрутів польотів, ведення оперативного обліку та звітності щодо використання безпілотних комплексів.Проведення навчань та інструктажів для персоналу, забезпечення високого рівня підготовки особового складу.Дотримання військової дисципліни, виконання наказів командирів та законів України.Контроль за станом та своєчасним забезпеченням технікою, озброєнням та іншими необхідними ресурсами.Вимоги:Офіцерське званняПридатність до військової служби за станом здоров’я та високі моральні якості.Відсутність судимостіВідповідальність, дисциплінованість та лідерські якості.Стресостійкість, високі комунікативні навички.Умови:мобілізація до кінця воєнного стану або служба за контрактом;гідне грошове забезпечення від 20 130 до 120 000 гривень залежно від виконання бойових розпоряджень та місця служби;кар’єрний ріст та можливість професійного зростання;забезпечення усіма необхідними засобами та екіпіруванням;повноцінне харчування;підйомна допомога за переїзд на нове місце служби;щорічна грошова допомога на оздоровлення;статус учасника бойових дій;навчання перед вступом на посаду, при необхідності навчання за фаховою підготовкою як в Україні, так і за кордоном;пакет соціальних та правових гарантії захисту військовослужбовців та членів їх сімей;безкоштовне медичне забезпечення;можливість отримання пільгового кредиту за державною програмою «Є-оселя» для придбання житла.Зв’язатись з нами можна зателефонувавши за номером в оголошенні чи писати в месенджери.Детальніше про нас можете дізнатись на нашій офіційній сторінці Facebook та у Wikipedia.Також дивіться інші наші оголошення, є багато різних вакансій!
",5 Окрема важка механізована бригада,not found
154,"Інструктор БПЛА, військовослужбовець",https://jobs.dou.ua/companies/5-ovmbr/vacancies/337986/?from=first-job,"
Ми 5-та окрема важка механізована бригада ЗСУ, колишня 5-та окрема танкова бригада на чолі з командиром, який здобув особливе визнання в битві за Бахмут, коли його підрозділ утримував стратегічно важливі позиції біля Бахмута і Часового Яру для підтримки «Дороги життя» до українських позицій.На кінець 2023 року бригада тренувалася у Німеччині, й отримала на озброєння словенські танки M-55S і німецькі Leopard 1A5 та ін.Обов’язкипідтримка й мотивація новобранців у складі ЗСУ особистим прикладомнавчання військовослужбовців пілотуванню ударних і розвідувальних безпілотних комплексівнавчання і злагодження ударних/розвідувальних розрахунківпідготовка навчальних матеріалів, планування місій і маршрутів навчальних польотівконтроль за тренувальними польотами: перед- та післяпольотна підготовка, аналіз післядії (АПД)готовність до самостійного виконання бойових вильотівведення звітності за результатами навчаньоцінка знань і навичок екіпажів, сприяння підвищенню їхнього професійного рівняВимогидосвід пілотування мультироторних дронів, крил або важких ударних дронів у бойових умовахдосвід польотів в умовах роботи ворожих засобів РЕБнавички налаштування дронів, підготовки до польотів та дрібного ремонтуздатність і бажання навчати, передавати знання та досвід, зокрема особистим прикладомпрагнення до вдосконалення власних методик, обміну успішними практиками з колегамиінструкторський сертифікат буде перевагоюУмови:мобілізація до кінця воєнного стану або служба за контрактом;гідне грошове забезпечення від 20 130 до 120 000 гривень залежно від виконання бойових розпоряджень та місця служби;кар’єрний ріст та можливість професійного зростання;забезпечення усіма необхідними засобами та екіпіруванням;повноцінне харчування;підйомна допомога за переїзд на нове місце служби;щорічна грошова допомога на оздоровлення;статус учасника бойових дій;навчання перед вступом на посаду, при необхідності навчання за фаховою підготовкою як в Україні, так і за кордоном;пакет соціальних та правових гарантії захисту військовослужбовців та членів їх сімей;безкоштовне медичне забезпечення;можливість отримання пільгового кредиту за державною програмою «Є-оселя» для придбання житла.Зв’язатись з нами можна зателефонувавши за номером в оголошенні чи писати в месенджери.Детальніше про нас можете дізнатись на нашій офіційній сторінці Facebook та у Wikipedia.Також дивіться інші наші оголошення, є багато різних вакансій!
",5 Окрема важка механізована бригада,not found
155,"Старший оператор відділення радіолектронної боротьби, військовослужбовець",https://jobs.dou.ua/companies/5-ovmbr/vacancies/337988/?from=first-job,"
Ми 5-та окрема важка механізована бригада ЗСУ, колишня 5-та окрема танкова бригада на чолі з командиром, який здобув особливе визнання в битві за Бахмут, коли його підрозділ утримував стратегічно важливі позиції біля Бахмута і Часового Яру для підтримки «Дороги життя» до українських позицій.На кінець 2023 року бригада тренувалася у Німеччині, й отримала на озброєння словенські танки M-55S і німецькі Leopard 1A5 та ін.Обов’язки:керування підпорядкованим особовим складомвідповідальність за виконання відділенням бойових завданьексплуатація обладнання РЕБпідготовка особового складу підрозділудотримання правил дисципліни й підпорядкуваннявзаємодія з командирами інших відділень, командиром взводупідготовка звітності та аналіз результатів роботиВимоги:наявність лідерських якостей, бажання навчатися й розвиватисядосконале володіння основними видами обладнання й озброєння відділенняготовність виконувати завдання в зоні бойових дійвпевнене володіння ПК та засобами зв’язкувміння працювати в команді та дотримуватися встановлених правил і законіврозуміння принципів побудови систем РЕР/РЕБрозуміння теорії радіозв’язку та принципів розповсюдження радіохвильрадіотехнічна освіта, досвід налагодження радіоелектронної апаратури або практичний досвід роботи у суміжній сфері буде перевагоюпрактичний досвід адміністрування чи програмування буде перевагоюУмови:мобілізація до кінця воєнного стану або служба за контрактом;гідне грошове забезпечення від 20 130 до 120 000 гривень залежно від виконання бойових розпоряджень та місця служби;кар’єрний ріст та можливість професійного зростання;забезпечення усіма необхідними засобами та екіпіруванням;повноцінне харчування;підйомна допомога за переїзд на нове місце служби;щорічна грошова допомога на оздоровлення;статус учасника бойових дій;навчання перед вступом на посаду, при необхідності навчання за фаховою підготовкою як в Україні, так і за кордоном;пакет соціальних та правових гарантії захисту військовослужбовців та членів їх сімей;безкоштовне медичне забезпечення;можливість отримання пільгового кредиту за державною програмою «Є-оселя» для придбання житла.Зв’язатись з нами можна зателефонувавши за номером в оголошенні чи писати в месенджери.Детальніше про нас можете дізнатись на нашій офіційній сторінці Facebook та у Wikipedia.Також дивіться інші наші оголошення, є багато різних вакансій!
",5 Окрема важка механізована бригада,Degree
156,"Старший оператор комплексу радіоелектронної боротьби, військовослужбовець",https://jobs.dou.ua/companies/5-ovmbr/vacancies/337989/?from=first-job,"
Ми 5-та окрема важка механізована бригада ЗСУ, колишня 5-та окрема танкова бригада на чолі з командиром, який здобув особливе визнання в битві за Бахмут, коли його підрозділ утримував стратегічно важливі позиції біля Бахмута і Часового Яру для підтримки «Дороги життя» до українських позицій.На кінець 2023 року бригада тренувалася у Німеччині, й отримала на озброєння словенські танки M-55S і німецькі Leopard 1A5 та ін.Обов’язки:організація роботи комплексу радіоелектронної боротьби (РЕБ)забезпечення ефективного виявлення, подавлення та нейтралізації ворожих безпілотних літальних апаратів і радіозасобівуправління підпорядкованим особовим складом, розподіл завдань та контроль їхнього виконаннярозробка та впровадження тактичних заходів із застосування засобів РЕБмоніторинг роботи обладнання, забезпечення його технічного обслуговуваннявзаємодія з іншими підрозділами для координування операційпідготовка звітності та аналіз результатів роботиВимоги:посада сержантського складуосвіта у сфері радіоелектроніки, електротехніки або ІТлідерські та організаційні здібностізнання принципів роботи засобів РЕБ та основ електронної боротьбинавички роботи з сучасним програмним забезпеченням для аналізу данихготовність до роботи в екстремальних умовах (польові умови, зона бойових дій)розвинуті комунікативні навички, уважність до деталей, аналітичне мисленняготовність постійно навчатися та вдосконалювати навичкипрактичний досвід роботи в суміжній сфері буде перевагоюУмови:мобілізація до кінця воєнного стану або служба за контрактом;гідне грошове забезпечення від 20 130 до 120 000 гривень залежно від виконання бойових розпоряджень та місця служби;кар’єрний ріст та можливість професійного зростання;забезпечення усіма необхідними засобами та екіпіруванням;повноцінне харчування;підйомна допомога за переїзд на нове місце служби;щорічна грошова допомога на оздоровлення;статус учасника бойових дій;навчання перед вступом на посаду, при необхідності навчання за фаховою підготовкою як в Україні, так і за кордоном;пакет соціальних та правових гарантії захисту військовослужбовців та членів їх сімей;безкоштовне медичне забезпечення;можливість отримання пільгового кредиту за державною програмою «Є-оселя» для придбання житла.Зв’язатись з нами можна зателефонувавши за номером в оголошенні чи писати в месенджери.Детальніше про нас можете дізнатись на нашій офіційній сторінці Facebook та у Wikipedia.Також дивіться інші наші оголошення, є багато різних вакансій!
",5 Окрема важка механізована бригада,Degree
157,"Старший оператор апаратної зв’язку, військовослужбовець",https://jobs.dou.ua/companies/5-ovmbr/vacancies/337990/?from=first-job,"
Ми 5-та окрема важка механізована бригада ЗСУ, колишня 5-та окрема танкова бригада на чолі з командиром, який здобув особливе визнання в битві за Бахмут, коли його підрозділ утримував стратегічно важливі позиції біля Бахмута і Часового Яру для підтримки «Дороги життя» до українських позицій.На кінець 2023 року бригада тренувалася у Німеччині, й отримала на озброєння словенські танки M-55S і німецькі Leopard 1A5 та ін.Обов’язки:налаштування та обслуговування засобів зв’язкузабезпечення безперебійного зв’язку між командними пунктами та бойовими підрозділамимоніторинг якості зв’язку, діагностика та усунення технічних несправностейпідтримка зв’язкових каналів у польових умовах та в умовах бойових дійвиконання криптографічного захисту зв’язку та дотримання конфіденційності інформаціїспівпраця з іншими підрозділами для підтримки стабільного зв’язку у бойових діяхпідтримка та адміністрування мережевого обладнанняВимоги:аналітичний склад розумуздатність сприймати та обробляти великі обсяги інформаціївміння працювати в командідостатній рівень самодисциплінибажання навчатисявільне володіння ПКготовність до службових відрядженьвисокий рівень мотивації та стресостійкістьУмови:мобілізація до кінця воєнного стану або служба за контрактом;гідне грошове забезпечення від 20 130 до 120 000 гривень залежно від виконання бойових розпоряджень та місця служби;кар’єрний ріст та можливість професійного зростання;забезпечення усіма необхідними засобами та екіпіруванням;повноцінне харчування;підйомна допомога за переїзд на нове місце служби;щорічна грошова допомога на оздоровлення;статус учасника бойових дій;навчання перед вступом на посаду, при необхідності навчання за фаховою підготовкою як в Україні, так і за кордоном;пакет соціальних та правових гарантії захисту військовослужбовців та членів їх сімей;безкоштовне медичне забезпечення;можливість отримання пільгового кредиту за державною програмою «Є-оселя» для придбання житла.Зв’язатись з нами можна зателефонувавши за номером в оголошенні чи писати в месенджери.Детальніше про нас можете дізнатись на нашій офіційній сторінці Facebook та у Wikipedia.Також дивіться інші наші оголошення, є багато різних вакансій!
",5 Окрема важка механізована бригада,not found
158,"Оператор комплексу радіоелектронної боротьби, військовослужбовець",https://jobs.dou.ua/companies/5-ovmbr/vacancies/337991/?from=first-job,"
Ми 5-та окрема важка механізована бригада ЗСУ, колишня 5-та окрема танкова бригада на чолі з командиром, який здобув особливе визнання в битві за Бахмут, коли його підрозділ утримував стратегічно важливі позиції біля Бахмута і Часового Яру для підтримки «Дороги життя» до українських позицій.На кінець 2023 року бригада тренувалася у Німеччині, й отримала на озброєння словенські танки M-55S і німецькі Leopard 1A5 та ін.Обов’язки:забезпечення працездатності комплексу РЕР/РЕБ та здійснення його поточного технічного обслуговуваннявиявлення сигналів ворожих БПЛА та їхній аналіз й ідентифікаціяздійснення протидії ворожим БПЛАмоніторинг радіочастотного спектра сигналів з метою виявлення потенційно небезпечних з них та їхній аналізпостійне удосконалення своїх знань і вміньВимоги:здатність навчатисявідповідальність та уважністьвпевнені навички користування комп’ютеромрозуміння принципів розповсюдження радіохвиль та роботи систем РЕБнаявність посвідчення водія категорій В та С буде перевагоювідсутність шкідливих звичок (алкогольна, наркотична, ігрова залежність тощо)бажання вчитися, розвиватися й працювати в колективіУмови:мобілізація до кінця воєнного стану або служба за контрактом;гідне грошове забезпечення від 20 130 до 120 000 гривень залежно від виконання бойових розпоряджень та місця служби;кар’єрний ріст та можливість професійного зростання;забезпечення усіма необхідними засобами та екіпіруванням;повноцінне харчування;підйомна допомога за переїзд на нове місце служби;щорічна грошова допомога на оздоровлення;статус учасника бойових дій;навчання перед вступом на посаду, при необхідності навчання за фаховою підготовкою як в Україні, так і за кордоном;пакет соціальних та правових гарантії захисту військовослужбовців та членів їх сімей;безкоштовне медичне забезпечення;можливість отримання пільгового кредиту за державною програмою «Є-оселя» для придбання житла.Зв’язатись з нами можна зателефонувавши за номером в оголошенні чи писати в месенджери.Детальніше про нас можете дізнатись на нашій офіційній сторінці Facebook та у Wikipedia.Також дивіться інші наші оголошення, є багато різних вакансій!
",5 Окрема важка механізована бригада,not found
159,"Оператор апаратної зв’язку, військовослужбовець",https://jobs.dou.ua/companies/5-ovmbr/vacancies/337992/?from=first-job,"
Ми 5-та окрема важка механізована бригада ЗСУ, колишня 5-та окрема танкова бригада на чолі з командиром, який здобув особливе визнання в битві за Бахмут, коли його підрозділ утримував стратегічно важливі позиції біля Бахмута і Часового Яру для підтримки «Дороги життя» до українських позицій.На кінець 2023 року бригада тренувалася у Німеччині, й отримала на озброєння словенські танки M-55S і німецькі Leopard 1A5 та ін.Обов’язки:забезпечення безперебійного зв’язку між командними пунктами та бойовими підрозділамимоніторинг якості зв’язку, діагностика та усунення технічних несправностейпідтримка зв’язкових каналів у польових умовах та в умовах бойових дійвиконання криптографічного захисту зв’язку та дотримання конфіденційності інформаціїспівпраця з іншими підрозділами для підтримки стабільного зв’язку у бойових діяхпідтримка та адміністрування мережевого обладнанняВимоги:аналітичний склад розумуздатність сприймати та обробляти великі обсяги інформаціївміння працювати в командідостатній рівень самодисциплінибажання навчатисявільне володіння ПКготовність до службових відрядженьвисокий рівень мотивації та стресостійкістьУмови:мобілізація до кінця воєнного стану або служба за контрактом;гідне грошове забезпечення від 20 130 до 120 000 гривень залежно від виконання бойових розпоряджень та місця служби;кар’єрний ріст та можливість професійного зростання;забезпечення усіма необхідними засобами та екіпіруванням;повноцінне харчування;підйомна допомога за переїзд на нове місце служби;щорічна грошова допомога на оздоровлення;статус учасника бойових дій;навчання перед вступом на посаду, при необхідності навчання за фаховою підготовкою як в Україні, так і за кордоном;пакет соціальних та правових гарантії захисту військовослужбовців та членів їх сімей;безкоштовне медичне забезпечення;можливість отримання пільгового кредиту за державною програмою «Є-оселя» для придбання житла.Зв’язатись з нами можна зателефонувавши за номером в оголошенні чи писати в месенджери.Детальніше про нас можете дізнатись на нашій офіційній сторінці Facebook та у Wikipedia.Також дивіться інші наші оголошення, є багато різних вакансій!
",5 Окрема важка механізована бригада,not found
160,"Оператор відділення спеціального зв’язку, військовослужбовець",https://jobs.dou.ua/companies/5-ovmbr/vacancies/337993/?from=first-job,"
Ми 5-та окрема важка механізована бригада ЗСУ, колишня 5-та окрема танкова бригада на чолі з командиром, який здобув особливе визнання в битві за Бахмут, коли його підрозділ утримував стратегічно важливі позиції біля Бахмута і Часового Яру для підтримки «Дороги життя» до українських позицій.На кінець 2023 року бригада тренувалася у Німеччині, й отримала на озброєння словенські танки M-55S і німецькі Leopard 1A5 та ін.Обов’язки:забезпечення ефективного функціонування телекомунікаційних систем й обладнання спеціального зв’язкуобробка запитів і виконання розпоряджень від керівництвазабезпечення безперебійної та якісної передачі інформаціїведення документації та звітності про роботу відділенняВимоги:середня спеціальна або вища освітапридатність до служби за станом здоров’я й моральними якостямибажання проходити військову службудосвід роботи з військовим обладнанням зв’язку буде перевагоюдосвід військової служби буде перевагоюособиста відповідальністьвміння зберігати конфіденційну та службову інформаціюбажання навчатися та працювати в колективівідсутність судимостейУмови:мобілізація до кінця воєнного стану або служба за контрактом;гідне грошове забезпечення від 20 130 до 120 000 гривень залежно від виконання бойових розпоряджень та місця служби;кар’єрний ріст та можливість професійного зростання;забезпечення усіма необхідними засобами та екіпіруванням;повноцінне харчування;підйомна допомога за переїзд на нове місце служби;щорічна грошова допомога на оздоровлення;статус учасника бойових дій;навчання перед вступом на посаду, при необхідності навчання за фаховою підготовкою як в Україні, так і за кордоном;пакет соціальних та правових гарантії захисту військовослужбовців та членів їх сімей;безкоштовне медичне забезпечення;можливість отримання пільгового кредиту за державною програмою «Є-оселя» для придбання житла.Зв’язатись з нами можна зателефонувавши за номером в оголошенні чи писати в месенджери.Детальніше про нас можете дізнатись на нашій офіційній сторінці Facebook та у Wikipedia.Також дивіться інші наші оголошення, є багато різних вакансій!
",5 Окрема важка механізована бригада,Degree
161,Головний сержант взводу ударних БпАК,https://jobs.dou.ua/companies/5-ovmbr/vacancies/337994/?from=first-job,"
Ми 5-та окрема важка механізована бригада ЗСУ, колишня 5-та окрема танкова бригада на чолі з командиром, який здобув особливе визнання в битві за Бахмут, коли його підрозділ утримував стратегічно важливі позиції біля Бахмута і Часового Яру для підтримки «Дороги життя» до українських позицій.На кінець 2023 року бригада тренувалася у Німеччині, й отримала на озброєння словенські танки M-55S і німецькі Leopard 1A5 та ін.Обов’язки:керування та постановка завдань особовому складу, що бере участь у пілотуванні безпілотних авіаційних комплексівобізнаність у завданнях взводу, рішеннях командира взводу та порядку їхнього виконанняперевірка виконання особовим складом взводу наказів та розпоряджень командира взводуорганізація роботи, підготовки та боєздатності взводу ударних безпілотних авіаційних комплексіввиконання бойових завдань підрозділом із застосуванням БпАКздійснення заходів з бойової підготовки та підтримання належного морально-психологічного стану особового складупідтримка озброєння, боєприпасів, техніки та майна підрозділу в бойовій готовностізабезпечення та підтримка внутрішнього порядку та дисципліни в підрозділіучасть у навчаннях, навчальних вправах та інших заходах, спрямованих на підвищення кваліфікації військовослужбовцівВимоги:вміння керувати підрозділом, стресостійкістьпридатність до служби за станом здоров’яхороша фізична підготовка та моральна стійкістьвідповідальність та дисциплінадосвід військової служби буде перевагоювідсутність судимостіУмови:мобілізація до кінця воєнного стану або служба за контрактом;гідне грошове забезпечення від 20 130 до 120 000 гривень залежно від виконання бойових розпоряджень та місця служби;кар’єрний ріст та можливість професійного зростання;забезпечення усіма необхідними засобами та екіпіруванням;повноцінне харчування;підйомна допомога за переїзд на нове місце служби;щорічна грошова допомога на оздоровлення;статус учасника бойових дій;навчання перед вступом на посаду, при необхідності навчання за фаховою підготовкою як в Україні, так і за кордоном;пакет соціальних та правових гарантії захисту військовослужбовців та членів їх сімей;безкоштовне медичне забезпечення;можливість отримання пільгового кредиту за державною програмою «Є-оселя» для придбання житла.Зв’язатись з нами можна зателефонувавши за номером в оголошенні чи писати в месенджери.Детальніше про нас можете дізнатись на нашій офіційній сторінці Facebook та у Wikipedia.Також дивіться інші наші оголошення, є багато різних вакансій!
",5 Окрема важка механізована бригада,not found
162,"Оператор-навідник відділення кулеметних наземних безпілотних систем (НРК), військовослужбовець",https://jobs.dou.ua/companies/5-ovmbr/vacancies/337995/?from=first-job,"
Ми 5-та окрема важка механізована бригада ЗСУ, колишня 5-та окрема танкова бригада на чолі з командиром, який здобув особливе визнання в битві за Бахмут, коли його підрозділ утримував стратегічно важливі позиції біля Бахмута і Часового Яру для підтримки «Дороги життя» до українських позицій.На кінець 2023 року бригада тренувалася у Німеччині, й отримала на озброєння словенські танки M-55S і німецькі Leopard 1A5 та ін.Обов’язки:дистанційне управління кулеметними безпілотними наземними платформами під час бойових операційаналіз бойової обстановки та коригування дій платформи в реальному часітехнічне обслуговування та налаштування системи керування та озброєннявзаємодія з іншими бойовими підрозділами для ефективного використання безпілотної технікиВимоги:знання принципів дистанційного керування, тактики ведення боюдосвід роботи з озброєнням або бойовими автоматизованими системами буде перевагоювисока концентрація, швидкість реакції та вміння працювати у стресових умовахтехнічне розуміння механізмів роботи стрілецької зброї та її обслуговуваннявідповідальність, уважність до деталей та вміння працювати в командівідсутність критичних проблем зі здоров’ям для виконання завдань в умовах бойових операційдосвід роботи з кулеметом та гранатометом буде перевагоюрозуміння принципів роботи електроніки, механіки та систем зв’язку буде перевагоюдосвід у сфері безпілотних технологій буде перевагоюУмови:мобілізація до кінця воєнного стану або служба за контрактом;гідне грошове забезпечення від 20 130 до 120 000 гривень залежно від виконання бойових розпоряджень та місця служби;кар’єрний ріст та можливість професійного зростання;забезпечення усіма необхідними засобами та екіпіруванням;повноцінне харчування;підйомна допомога за переїзд на нове місце служби;щорічна грошова допомога на оздоровлення;статус учасника бойових дій;навчання перед вступом на посаду, при необхідності навчання за фаховою підготовкою як в Україні, так і за кордоном;пакет соціальних та правових гарантії захисту військовослужбовців та членів їх сімей;безкоштовне медичне забезпечення;можливість отримання пільгового кредиту за державною програмою «Є-оселя» для придбання житла.Зв’язатись з нами можна зателефонувавши за номером в оголошенні чи писати в месенджери.Детальніше про нас можете дізнатись на нашій офіційній сторінці Facebook та у Wikipedia.Також дивіться інші наші оголошення, є багато різних вакансій!
",5 Окрема важка механізована бригада,not found
163,"Механік відділення кулеметних наземних безпілотних систем, військовослужбовець",https://jobs.dou.ua/companies/5-ovmbr/vacancies/337996/?from=first-job,"
Ми 5-та окрема важка механізована бригада ЗСУ, колишня 5-та окрема танкова бригада на чолі з командиром, який здобув особливе визнання в битві за Бахмут, коли його підрозділ утримував стратегічно важливі позиції біля Бахмута і Часового Яру для підтримки «Дороги життя» до українських позицій.На кінець 2023 року бригада тренувалася у Німеччині, й отримала на озброєння словенські танки M-55S і німецькі Leopard 1A5 та ін.Обов’язки:ремонт та обслуговування наземних роботизованих комплексів (НРК)виявлення й усунення несправностей у механічних та електричних системахзабезпечення безперебійної роботи обладнання НРК та вчасне технічне обслуговуванняВимогидосвід ремонту та обслуговування технікивміння працювати з діагностичним обладнанням та інструментамивисокий рівень мотивації та бажання навчатися і розвиватисяготовність працювати в зоні бойових дійвідповідальність, уважність до деталей та вміння працювати в командідосвід роботи з кулеметом та гранатометом буде перевагоюрозуміння принципів роботи електроніки, механіки та систем зв’язку буде перевагоюдосвід у сфері безпілотних технологій буде перевагоюУмови:мобілізація до кінця воєнного стану або служба за контрактом;гідне грошове забезпечення від 20 130 до 120 000 гривень залежно від виконання бойових розпоряджень та місця служби;кар’єрний ріст та можливість професійного зростання;забезпечення усіма необхідними засобами та екіпіруванням;повноцінне харчування;підйомна допомога за переїзд на нове місце служби;щорічна грошова допомога на оздоровлення;статус учасника бойових дій;навчання перед вступом на посаду, при необхідності навчання за фаховою підготовкою як в Україні, так і за кордоном;пакет соціальних та правових гарантії захисту військовослужбовців та членів їх сімей;безкоштовне медичне забезпечення;можливість отримання пільгового кредиту за державною програмою «Є-оселя» для придбання житла.Зв’язатись з нами можна зателефонувавши за номером в оголошенні чи писати в месенджери.Детальніше про нас можете дізнатись на нашій офіційній сторінці Facebook та у Wikipedia.Також дивіться інші наші оголошення, є багато різних вакансій!
",5 Окрема важка механізована бригада,not found
164,"Старший майстер рухомої ремонтної майстерні БпАК, військовослужбовець",https://jobs.dou.ua/companies/5-ovmbr/vacancies/337997/?from=first-job,"
Ми 5-та окрема важка механізована бригада ЗСУ, колишня 5-та окрема танкова бригада на чолі з командиром, який здобув особливе визнання в битві за Бахмут, коли його підрозділ утримував стратегічно важливі позиції біля Бахмута і Часового Яру для підтримки «Дороги життя» до українських позицій.На кінець 2023 року бригада тренувалася у Німеччині, й отримала на озброєння словенські танки M-55S і німецькі Leopard 1A5 та ін.Обов’язки:виконання технічного обслуговування, діагностики та ремонту безпілотних авіаційних комплексіввиявлення несправностей у механічних, електронних та програмних системах БпАКремонт та налаштування авіоніки, зв’язкових модулів, оптичних систем, двигунів та інших компонентівробота з програмним забезпеченням для діагностики та тестування безпілотних системпаяння, заміна мікросхем, електронних плат та інших компонентівведення обліку проведених ремонтних робіт та звітності про стан технікивикористання спеціалізованого обладнання та інструментів для обслуговування БпАКдотримання техніки безпеки при роботі з електронними та механічними компонентамивзаємодія з екіпажами БпАК для усунення технічних несправностей і покращення експлуатації системпідтримка запасу необхідних деталей, матеріалів та витратних ресурсівВимоги:досвід роботи у сфері ремонту електроніки, радіотехніки, авіаційного або безпілотного обладнанняосвіта технічного напряму (радіоелектроніка, ІТ, авіаційна техніка, мехатроніка, зв’язок)вміння працювати з електричними схемами, програмним забезпеченням та мікроелектронікоюдосвід у пайці, монтажі, діагностиці та ремонті електронних пристроївнавички роботи з інструментами для обслуговування дронів та безпілотних літальних апаратівуважність до деталей, відповідальність, дисциплінованістьготовність працювати в умовах підвищеної відповідальності та інтенсивного навантаженнябажане знання англійської мови для роботи з технічною документацієювідсутність судимостей та негативних характеристикУмови:мобілізація до кінця воєнного стану або служба за контрактом;гідне грошове забезпечення від 20 130 до 120 000 гривень залежно від виконання бойових розпоряджень та місця служби;кар’єрний ріст та можливість професійного зростання;забезпечення усіма необхідними засобами та екіпіруванням;повноцінне харчування;підйомна допомога за переїзд на нове місце служби;щорічна грошова допомога на оздоровлення;статус учасника бойових дій;навчання перед вступом на посаду, при необхідності навчання за фаховою підготовкою як в Україні, так і за кордоном;пакет соціальних та правових гарантії захисту військовослужбовців та членів їх сімей;безкоштовне медичне забезпечення;можливість отримання пільгового кредиту за державною програмою «Є-оселя» для придбання житла.Зв’язатись з нами можна зателефонувавши за номером в оголошенні чи писати в месенджери.Детальніше про нас можете дізнатись на нашій офіційній сторінці Facebook та у Wikipedia.Також дивіться інші наші оголошення, є багато різних вакансій!
",5 Окрема важка механізована бригада,"English,Degree"
165,"Майстер відділення ударних БпАК, військовослужбовець",https://jobs.dou.ua/companies/5-ovmbr/vacancies/337998/?from=first-job,"
Ми 5-та окрема важка механізована бригада ЗСУ, колишня 5-та окрема танкова бригада на чолі з командиром, який здобув особливе визнання в битві за Бахмут, коли його підрозділ утримував стратегічно важливі позиції біля Бахмута і Часового Яру для підтримки «Дороги життя» до українських позицій.На кінець 2023 року бригада тренувалася у Німеччині, й отримала на озброєння словенські танки M-55S і німецькі Leopard 1A5 та ін.Обов’язки:виконання бойових завдань у складі підрозділусуворе дотримання військової дисципліниробота з широкою номенклатурою боєприпасівспорядження та адаптація боєприпасів для використання на дронах-камікадзе та системах скидувстановлення та зведення БК на БпЛАтехнічний супровід вильотівзабезпечення мінно-вибухової безпекиВимоги:розуміння принципу детонації боєприпасівготовність постійно навчатись та вдосконалювати навичкизнання основних типів боєприпасів та принципів їхньої роботи, які будуть використовуватись для роботи з ударними БпАК, буде перевагоюзнання ПК на рівні впевненого користувача буде перевагоюдосвід роботи з цивільними дронами буде перевагоюповна відмова від вживання алкогольних напоїв та наркотичних речовин під час службиготовність працювати в зоні активних бойових дійпридатність до військової служби за станом здоров’я та морально-психологічними якостямиУмови:мобілізація до кінця воєнного стану або служба за контрактом;гідне грошове забезпечення від 20 130 до 120 000 гривень залежно від виконання бойових розпоряджень та місця служби;кар’єрний ріст та можливість професійного зростання;забезпечення усіма необхідними засобами та екіпіруванням;повноцінне харчування;підйомна допомога за переїзд на нове місце служби;щорічна грошова допомога на оздоровлення;статус учасника бойових дій;навчання перед вступом на посаду, при необхідності навчання за фаховою підготовкою як в Україні, так і за кордоном;пакет соціальних та правових гарантії захисту військовослужбовців та членів їх сімей;безкоштовне медичне забезпечення;можливість отримання пільгового кредиту за державною програмою «Є-оселя» для придбання житла.Зв’язатись з нами можна зателефонувавши за номером в оголошенні чи писати в месенджери.Детальніше про нас можете дізнатись на нашій офіційній сторінці Facebook та у Wikipedia.Також дивіться інші наші оголошення, є багато різних вакансій!
",5 Окрема важка механізована бригада,not found
166,"Командир відділення ударних БпАК, військовослужбовець",https://jobs.dou.ua/companies/5-ovmbr/vacancies/337999/?from=first-job,"
Ми 5-та окрема важка механізована бригада ЗСУ, колишня 5-та окрема танкова бригада на чолі з командиром, який здобув особливе визнання в битві за Бахмут, коли його підрозділ утримував стратегічно важливі позиції біля Бахмута і Часового Яру для підтримки «Дороги життя» до українських позицій.На кінець 2023 року бригада тренувалася у Німеччині, й отримала на озброєння словенські танки M-55S і німецькі Leopard 1A5 та ін.Обов’язки:організація роботи відділення ударних безпілотних авіаційних комплексіввиконання бойових завдань із застосуванням БпАКвзаємодія з командиром взводу й командиром ротиВимоги:розвинуті лідерські та організаційні якостізвання — від молодшого сержантарозуміння принципів роботи безпілотних систем (дронів, дронів-камікадзе, розвідувальних та ударних БпАК)досвід роботи з БпЛА та наявність бойового досвіду будуть перевагоювисока відповідальність і дисциплінованістьцифрова грамотністьпридатність до служби за станом здоров’я й моральними якостямиУмови:мобілізація до кінця воєнного стану або служба за контрактом;гідне грошове забезпечення від 20 130 до 120 000 гривень залежно від виконання бойових розпоряджень та місця служби;кар’єрний ріст та можливість професійного зростання;забезпечення усіма необхідними засобами та екіпіруванням;повноцінне харчування;підйомна допомога за переїзд на нове місце служби;щорічна грошова допомога на оздоровлення;статус учасника бойових дій;навчання перед вступом на посаду, при необхідності навчання за фаховою підготовкою як в Україні, так і за кордоном;пакет соціальних та правових гарантії захисту військовослужбовців та членів їх сімей;безкоштовне медичне забезпечення;можливість отримання пільгового кредиту за державною програмою «Є-оселя» для придбання житла.Зв’язатись з нами можна зателефонувавши за номером в оголошенні чи писати в месенджери.Детальніше про нас можете дізнатись на нашій офіційній сторінці Facebook та у Wikipedia.Також дивіться інші наші оголошення, є багато різних вакансій!
",5 Окрема важка механізована бригада,not found
167,"Командир відділення БпЛА, військовослужбовець",https://jobs.dou.ua/companies/5-ovmbr/vacancies/338000/?from=first-job,"
Ми 5-та окрема важка механізована бригада ЗСУ, колишня 5-та окрема танкова бригада на чолі з командиром, який здобув особливе визнання в битві за Бахмут, коли його підрозділ утримував стратегічно важливі позиції біля Бахмута і Часового Яру для підтримки «Дороги життя» до українських позицій.На кінець 2023 року бригада тренувалася у Німеччині, й отримала на озброєння словенські танки M-55S і німецькі Leopard 1A5 та ін.Обов’язки:організація роботи відділення БпЛАвиконання бойових завдань із застосуванням БпЛАвзаємодія з командиром взводу та командиром ротиВимоги:розвинуті лідерські та організаційні якостізвання від молодшого сержантарозуміння принципів роботи безпілотних систем (дронів, дронів-камікадзе, розвідувальних та ударних БпАК)досвід роботи з БпЛА буде перевагоюнаявність бойового досвіду буде перевагоюУмови:мобілізація до кінця воєнного стану або служба за контрактом;гідне грошове забезпечення від 20 130 до 120 000 гривень залежно від виконання бойових розпоряджень та місця служби;кар’єрний ріст та можливість професійного зростання;забезпечення усіма необхідними засобами та екіпіруванням;повноцінне харчування;підйомна допомога за переїзд на нове місце служби;щорічна грошова допомога на оздоровлення;статус учасника бойових дій;навчання перед вступом на посаду, при необхідності навчання за фаховою підготовкою як в Україні, так і за кордоном;пакет соціальних та правових гарантії захисту військовослужбовців та членів їх сімей;безкоштовне медичне забезпечення;можливість отримання пільгового кредиту за державною програмою «Є-оселя» для придбання житла.Зв’язатись з нами можна зателефонувавши за номером в оголошенні чи писати в месенджери.Детальніше про нас можете дізнатись на нашій офіційній сторінці Facebook та у Wikipedia.Також дивіться інші наші оголошення, є багато різних вакансій!
",5 Окрема важка механізована бригада,not found
168,"Оператор ударних БпЛА, військовослужбовець",https://jobs.dou.ua/companies/5-ovmbr/vacancies/338001/?from=first-job,"
Ми 5-та окрема важка механізована бригада ЗСУ, колишня 5-та окрема танкова бригада на чолі з командиром, який здобув особливе визнання в битві за Бахмут, коли його підрозділ утримував стратегічно важливі позиції біля Бахмута і Часового Яру для підтримки «Дороги життя» до українських позицій.На кінець 2023 року бригада тренувалася у Німеччині, й отримала на озброєння словенські танки M-55S і німецькі Leopard 1A5 та ін.Обов’язки:керування ударними безпілотними авіаційними комплексами різних типівзнищення противника за допомогою ударних БПЛАвиконання завдань як вдень, так і вночіВимоги:захоплення відеоіграми — пріоритетна вимогадосвід роботи з БПЛА буде перевагоюдосвід роботи з паяльником буде перевагоюобов’язкове проходження курсів від Victory Drones на платформі Prometheus для базової теоретичної підготовки користування безпілотними системами (складові дрону, навігація, топографія, антени, підсилювачі, трансляція відео)готовність працювати на свіжому повітрівідсутність критичних проблем зі здоров’ямУмови:мобілізація до кінця воєнного стану або служба за контрактом;гідне грошове забезпечення від 20 130 до 120 000 гривень залежно від виконання бойових розпоряджень та місця служби;кар’єрний ріст та можливість професійного зростання;забезпечення усіма необхідними засобами та екіпіруванням;повноцінне харчування;підйомна допомога за переїзд на нове місце служби;щорічна грошова допомога на оздоровлення;статус учасника бойових дій;навчання перед вступом на посаду, при необхідності навчання за фаховою підготовкою як в Україні, так і за кордоном;пакет соціальних та правових гарантії захисту військовослужбовців та членів їх сімей;безкоштовне медичне забезпечення;можливість отримання пільгового кредиту за державною програмою «Є-оселя» для придбання житла.Зв’язатись з нами можна зателефонувавши за номером в оголошенні чи писати в месенджери.Детальніше про нас можете дізнатись на нашій офіційній сторінці Facebook та у Wikipedia.Також дивіться інші наші оголошення, є багато різних вакансій!
",5 Окрема важка механізована бригада,not found
169,Командир відділення перехоплювачів БпЛА,https://jobs.dou.ua/companies/5-ovmbr/vacancies/338002/?from=first-job,"
Ми 5-та окрема важка механізована бригада ЗСУ, колишня 5-та окрема танкова бригада на чолі з командиром, який здобув особливе визнання в битві за Бахмут, коли його підрозділ утримував стратегічно важливі позиції біля Бахмута і Часового Яру для підтримки «Дороги життя» до українських позицій.На кінець 2023 року бригада тренувалася у Німеччині, й отримала на озброєння словенські танки M-55S і німецькі Leopard 1A5 та ін.Обов’язки:Керування відділенням перехоплювачів БпЛА для забезпечення безпеки в повітряному просторі.Розробка та виконання стратегій перехоплення ворожих дронів.Координація дій з командним складом для успішного виконання завдань.Вимоги:Готовність до проходження військової служби та до відряджень в зону бойових дій.Досвід роботи на аналогічній посаді.Вміння ефективно керувати колективом спеціалістів.Висока відповідальність та вміння приймати швидкі та обдумані рішення.Готовність працювати в умовах стресу та високої напруженості.Знання принципів роботи БпЛА.Умови:мобілізація до кінця воєнного стану або служба за контрактом;гідне грошове забезпечення від 20 130 до 120 000 гривень залежно від виконання бойових розпоряджень та місця служби;кар’єрний ріст та можливість професійного зростання;забезпечення усіма необхідними засобами та екіпіруванням;повноцінне харчування;підйомна допомога за переїзд на нове місце служби;щорічна грошова допомога на оздоровлення;статус учасника бойових дій;навчання перед вступом на посаду, при необхідності навчання за фаховою підготовкою як в Україні, так і за кордоном;пакет соціальних та правових гарантії захисту військовослужбовців та членів їх сімей;безкоштовне медичне забезпечення;можливість отримання пільгового кредиту за державною програмою «Є-оселя» для придбання житла.Зв’язатись з нами можна зателефонувавши за номером в оголошенні чи писати в месенджери.Детальніше про нас можете дізнатись на нашій офіційній сторінці Facebook та у Wikipedia.Також дивіться інші наші оголошення, є багато різних вакансій!
",5 Окрема важка механізована бригада,not found
170,"Майстер перехоплювачів БпЛА, військовослужбовець",https://jobs.dou.ua/companies/5-ovmbr/vacancies/338004/?from=first-job,"
Ми 5-та окрема важка механізована бригада ЗСУ, колишня 5-та окрема танкова бригада на чолі з командиром, який здобув особливе визнання в битві за Бахмут, коли його підрозділ утримував стратегічно важливі позиції біля Бахмута і Часового Яру для підтримки «Дороги життя» до українських позицій.На кінець 2023 року бригада тренувалася у Німеччині, й отримала на озброєння словенські танки M-55S і німецькі Leopard 1A5 та ін.Обов’язки:обслуговування та технічне забезпечення безпілотних літальних апаратів (БпЛА) та засобів перехопленняпроведення діагностики та усунення несправностей у роботі БпЛА і технічних засобівспостереження за технічним станом обладнання та своєчасне виконання обслуговуванняучасть у підготовці транспортної техніки та БпЛА до виконання завданьВимоги:придатність до військової служби за станом здоров’ядосвід ремонту та обслуговування механічних й електронних систем технікивміння швидко діагностувати та усувати несправності технічного обладнанняфізична витривалість і психологічна стійкістьвміння працювати в команді та оперативно виконувати завданняготовність постійно навчатись та вдосконалювати свої навичкиУмови:мобілізація до кінця воєнного стану або служба за контрактом;гідне грошове забезпечення від 20 130 до 120 000 гривень залежно від виконання бойових розпоряджень та місця служби;кар’єрний ріст та можливість професійного зростання;забезпечення усіма необхідними засобами та екіпіруванням;повноцінне харчування;підйомна допомога за переїзд на нове місце служби;щорічна грошова допомога на оздоровлення;статус учасника бойових дій;навчання перед вступом на посаду, при необхідності навчання за фаховою підготовкою як в Україні, так і за кордоном;пакет соціальних та правових гарантії захисту військовослужбовців та членів їх сімей;безкоштовне медичне забезпечення;можливість отримання пільгового кредиту за державною програмою «Є-оселя» для придбання житла.Зв’язатись з нами можна зателефонувавши за номером в оголошенні чи писати в месенджери.Детальніше про нас можете дізнатись на нашій офіційній сторінці Facebook та у Wikipedia.Також дивіться інші наші оголошення, є багато різних вакансій!
",5 Окрема важка механізована бригада,not found
171,"Майстер-електрик рухомої ремонтної майстерні БпАК, військовослужбовець",https://jobs.dou.ua/companies/5-ovmbr/vacancies/338005/?from=first-job,"
Ми 5-та окрема важка механізована бригада ЗСУ, колишня 5-та окрема танкова бригада на чолі з командиром, який здобув особливе визнання в битві за Бахмут, коли його підрозділ утримував стратегічно важливі позиції біля Бахмута і Часового Яру для підтримки «Дороги життя» до українських позицій.На кінець 2023 року бригада тренувалася у Німеччині, й отримала на озброєння словенські танки M-55S і німецькі Leopard 1A5 та ін.Обов’язки:виконання технічного обслуговування, діагностики та ремонту безпілотних авіаційних комплексіввиявлення несправностей у механічних, електронних та програмних системах БпАКремонт та налаштування авіоніки, зв’язкових модулів, оптичних систем, двигунів та інших компонентівробота з програмним забезпеченням для діагностики та тестування безпілотних системпаяння, заміна мікросхем, електронних плат та інших компонентіввикористання спеціалізованого обладнання та інструментів для обслуговування БпАКдотримання техніки безпеки при роботі з електронними та механічними компонентамиВимоги:досвід роботи у сфері ремонту електроніки, радіотехніки, авіаційного або безпілотного обладнанняосвіта технічного напряму (радіоелектроніка, ІТ, авіаційна техніка, мехатроніка, зв’язок)вміння працювати з електричними схемами, програмним забезпеченням та мікроелектронікоюдосвід у пайці, монтажі, діагностиці та ремонті електронних пристроївнавички роботи з інструментами для обслуговування дронів та безпілотних літальних апаратівуважність до деталей, відповідальність, дисциплінованістьготовність працювати в умовах підвищеної відповідальності та інтенсивного навантаженнябажане знання англійської мови для роботи з технічною документацієювідсутність судимостей та негативних характеристикУмови:мобілізація до кінця воєнного стану або служба за контрактом;гідне грошове забезпечення від 20 130 до 120 000 гривень залежно від виконання бойових розпоряджень та місця служби;кар’єрний ріст та можливість професійного зростання;забезпечення усіма необхідними засобами та екіпіруванням;повноцінне харчування;підйомна допомога за переїзд на нове місце служби;щорічна грошова допомога на оздоровлення;статус учасника бойових дій;навчання перед вступом на посаду, при необхідності навчання за фаховою підготовкою як в Україні, так і за кордоном;пакет соціальних та правових гарантії захисту військовослужбовців та членів їх сімей;безкоштовне медичне забезпечення;можливість отримання пільгового кредиту за державною програмою «Є-оселя» для придбання житла.Зв’язатись з нами можна зателефонувавши за номером в оголошенні чи писати в месенджери.Детальніше про нас можете дізнатись на нашій офіційній сторінці Facebook та у Wikipedia.Також дивіться інші наші оголошення, є багато різних вакансій!
",5 Окрема важка механізована бригада,"English,Degree"
172,"Механік перехоплювачів БпЛА, військовослужбовець",https://jobs.dou.ua/companies/5-ovmbr/vacancies/338006/?from=first-job,"
Ми 5-та окрема важка механізована бригада ЗСУ, колишня 5-та окрема танкова бригада на чолі з командиром, який здобув особливе визнання в битві за Бахмут, коли його підрозділ утримував стратегічно важливі позиції біля Бахмута і Часового Яру для підтримки «Дороги життя» до українських позицій.На кінець 2023 року бригада тренувалася у Німеччині, й отримала на озброєння словенські танки M-55S і німецькі Leopard 1A5 та ін.Обов’язки:обслуговування та технічне забезпечення безпілотних літальних апаратів (БпЛА) та засобів перехопленняпроведення діагностики та усунення несправностей у роботі БпЛА і технічних засобівспостереження за технічним станом обладнання та своєчасне виконання обслуговуванняучасть у підготовці транспортної техніки та БпЛА до виконання завданьВимоги:придатність до військової служби за станом здоров’ядосвід ремонту та обслуговування механічних й електронних систем технікивміння швидко діагностувати та усувати несправності технічного обладнанняфізична витривалість і психологічна стійкістьвміння працювати в команді та оперативно виконувати завданняготовність постійно навчатись та вдосконалювати свої навичкиУмови:мобілізація до кінця воєнного стану або служба за контрактом;гідне грошове забезпечення від 20 130 до 120 000 гривень залежно від виконання бойових розпоряджень та місця служби;кар’єрний ріст та можливість професійного зростання;забезпечення усіма необхідними засобами та екіпіруванням;повноцінне харчування;підйомна допомога за переїзд на нове місце служби;щорічна грошова допомога на оздоровлення;статус учасника бойових дій;навчання перед вступом на посаду, при необхідності навчання за фаховою підготовкою як в Україні, так і за кордоном;пакет соціальних та правових гарантії захисту військовослужбовців та членів їх сімей;безкоштовне медичне забезпечення;можливість отримання пільгового кредиту за державною програмою «Є-оселя» для придбання житла.Зв’язатись з нами можна зателефонувавши за номером в оголошенні чи писати в месенджери.Детальніше про нас можете дізнатись на нашій офіційній сторінці Facebook та у Wikipedia.Також дивіться інші наші оголошення, є багато різних вакансій!
",5 Окрема важка механізована бригада,not found
173,Дешифрувальник розвідувальних матеріалів з БпЛА,https://jobs.dou.ua/companies/5-ovmbr/vacancies/338007/?from=first-job,"
Ми 5-та окрема важка механізована бригада ЗСУ, колишня 5-та окрема танкова бригада на чолі з командиром, який здобув особливе визнання в битві за Бахмут, коли його підрозділ утримував стратегічно важливі позиції біля Бахмута і Часового Яру для підтримки «Дороги життя» до українських позицій.На кінець 2023 року бригада тренувалася у Німеччині, й отримала на озброєння словенські танки M-55S і німецькі Leopard 1A5 та ін.Вимоги:Вміння працювати з розвідувальними матеріалами, отриманими з безпілотних літальних апаратів (БПЛА);Аналітичний підхід до обробки та аналізу інформаціїЗдатність швидко та точно дешифрувати даніВміння працювати в умовах обмеженого часуВідповідальність та дисциплінованістьОбов’язки:Дешифрування отриманих розвідувальних матеріалів з БПЛААналіз та інтерпретація отриманих данихПідготовка звітів та рекомендацій на основі дешифрованих данихСпівпраця з іншими членами розвідувальної групиУмови:мобілізація до кінця воєнного стану або служба за контрактом;гідне грошове забезпечення від 20 130 до 120 000 гривень залежно від виконання бойових розпоряджень та місця служби;кар’єрний ріст та можливість професійного зростання;забезпечення усіма необхідними засобами та екіпіруванням;повноцінне харчування;підйомна допомога за переїзд на нове місце служби;щорічна грошова допомога на оздоровлення;статус учасника бойових дій;навчання перед вступом на посаду, при необхідності навчання за фаховою підготовкою як в Україні, так і за кордоном;пакет соціальних та правових гарантії захисту військовослужбовців та членів їх сімей;безкоштовне медичне забезпечення;можливість отримання пільгового кредиту за державною програмою «Є-оселя» для придбання житла.Зв’язатись з нами можна зателефонувавши за номером в оголошенні чи писати в месенджери.Детальніше про нас можете дізнатись на нашій офіційній сторінці Facebook та у Wikipedia.Також дивіться інші наші оголошення, є багато різних вакансій!
",5 Окрема важка механізована бригада,not found
174,"Майстер відділення БпЛА, військовослужбовець",https://jobs.dou.ua/companies/5-ovmbr/vacancies/338009/?from=first-job,"
Ми 5-та окрема важка механізована бригада ЗСУ, колишня 5-та окрема танкова бригада на чолі з командиром, який здобув особливе визнання в битві за Бахмут, коли його підрозділ утримував стратегічно важливі позиції біля Бахмута і Часового Яру для підтримки «Дороги життя» до українських позицій.На кінець 2023 року бригада тренувалася у Німеччині, й отримала на озброєння словенські танки M-55S і німецькі Leopard 1A5 та ін.Обов’язки:підготовка ударних та розвідувальних безпілотних систем до розвідувальних, бойових або спостережних місійремонт та обслуговування БПЛАапаратна та програмна модернізація БПЛАрозробка та інтеграція рішень з вдосконалення безпілотних системвзаємодія з командою для забезпечення високої якості й вчасності виготовлення дроніврозробка й збірка FPV-дронів для потреб військової службиВимоги:бажана технічна освітадосвід роботи з БПЛА буде перевагоюрозуміння базових принципів схемотехнікивміння працювати з електронікою та механікоюнавички впевненого користування комп’ютерними технологіямидосвід військової служби буде перевагоюУмови:мобілізація до кінця воєнного стану або служба за контрактом;гідне грошове забезпечення від 20 130 до 120 000 гривень залежно від виконання бойових розпоряджень та місця служби;кар’єрний ріст та можливість професійного зростання;забезпечення усіма необхідними засобами та екіпіруванням;повноцінне харчування;підйомна допомога за переїзд на нове місце служби;щорічна грошова допомога на оздоровлення;статус учасника бойових дій;навчання перед вступом на посаду, при необхідності навчання за фаховою підготовкою як в Україні, так і за кордоном;пакет соціальних та правових гарантії захисту військовослужбовців та членів їх сімей;безкоштовне медичне забезпечення;можливість отримання пільгового кредиту за державною програмою «Є-оселя» для придбання житла.Зв’язатись з нами можна зателефонувавши за номером в оголошенні чи писати в месенджери.Детальніше про нас можете дізнатись на нашій офіційній сторінці Facebook та у Wikipedia.Також дивіться інші наші оголошення, є багато різних вакансій!
",5 Окрема важка механізована бригада,Degree
175,"Майстер рухомої ремонтної майстерні БпАК, військовослужбовець",https://jobs.dou.ua/companies/5-ovmbr/vacancies/338010/?from=first-job,"
Ми 5-та окрема важка механізована бригада ЗСУ, колишня 5-та окрема танкова бригада на чолі з командиром, який здобув особливе визнання в битві за Бахмут, коли його підрозділ утримував стратегічно важливі позиції біля Бахмута і Часового Яру для підтримки «Дороги життя» до українських позицій.На кінець 2023 року бригада тренувалася у Німеччині, й отримала на озброєння словенські танки M-55S і німецькі Leopard 1A5 та ін.Обов’язки:виконання технічного обслуговування, діагностики та ремонту безпілотних авіаційних комплексіввиявлення несправностей у механічних, електронних та програмних системах БпАКремонт та налаштування авіоніки, зв’язкових модулів, оптичних систем, двигунів та інших компонентівробота з програмним забезпеченням для діагностики та тестування безпілотних системпаяння, заміна мікросхем, електронних плат та інших компонентіввикористання спеціалізованого обладнання та інструментів для обслуговування БпАКдотримання техніки безпеки при роботі з електронними та механічними компонентамиВимоги:досвід роботи у сфері ремонту електроніки, радіотехніки, авіаційного або безпілотного обладнанняосвіта технічного напряму (радіоелектроніка, ІТ, авіаційна техніка, мехатроніка, зв’язок)вміння працювати з електричними схемами, програмним забезпеченням та мікроелектронікоюдосвід у пайці, монтажі, діагностиці та ремонті електронних пристроївнавички роботи з інструментами для обслуговування дронів та безпілотних літальних апаратівуважність до деталей, відповідальність, дисциплінованістьготовність працювати в умовах підвищеної відповідальності та інтенсивного навантаженнябажане знання англійської мови для роботи з технічною документацієювідсутність судимостей та негативних характеристикУмови:мобілізація до кінця воєнного стану або служба за контрактом;гідне грошове забезпечення від 20 130 до 120 000 гривень залежно від виконання бойових розпоряджень та місця служби;кар’єрний ріст та можливість професійного зростання;забезпечення усіма необхідними засобами та екіпіруванням;повноцінне харчування;підйомна допомога за переїзд на нове місце служби;щорічна грошова допомога на оздоровлення;статус учасника бойових дій;навчання перед вступом на посаду, при необхідності навчання за фаховою підготовкою як в Україні, так і за кордоном;пакет соціальних та правових гарантії захисту військовослужбовців та членів їх сімей;безкоштовне медичне забезпечення;можливість отримання пільгового кредиту за державною програмою «Є-оселя» для придбання житла.Зв’язатись з нами можна зателефонувавши за номером в оголошенні чи писати в месенджери.Детальніше про нас можете дізнатись на нашій офіційній сторінці Facebook та у Wikipedia.Також дивіться інші наші оголошення, є багато різних вакансій!
",5 Окрема важка механізована бригада,"English,Degree"
176,"Зовнішній пілот, оператор БПЛА (військова служба)",https://jobs.dou.ua/companies/5-ovmbr/vacancies/338011/?from=first-job,"
Ми 5-та окрема важка механізована бригада ЗСУ, колишня 5-та окрема танкова бригада на чолі з командиром, який здобув особливе визнання в битві за Бахмут, коли його підрозділ утримував стратегічно важливі позиції біля Бахмута і Часового Яру для підтримки «Дороги життя» до українських позицій.На кінець 2023 року бригада тренувалася у Німеччині, й отримала на озброєння словенські танки M-55S і німецькі Leopard 1A5 та ін.Вимоги:бажання та здатність навчатись;:придатність до військової служби за станом здоров’я та морально психологічними якостями, відмінна фізична форма;відсутність судимостей;стресостійкість;мотивація працювати на перемогу;готовність дотримуватись жорстких вимог до дисципліни в побуті і в бойовій роботі, виконувати накази командирів і проявляти розумну ініціативу у виконанні поставлених завдань.Вік до 45 роківУмови роботи:служба по мобілізації до закінчення воєнного стану або військова служба за контрактом;грошове забезпечення від 20 000 — 120 000 грн.(в залежності від виконання завдання);кар’єрний ріст;забезпечення житлом, харчуванням, речовим майном та обмундируванням;можливість підвищувати кваліфікацію в навчальних центрах ЗСУ;забезпечення всіх пільг, гарантованих законодавством України;Обов’язки:повсякденно загартовувати себе, вдосконалювати свою фізичну підготовку;досконало володіти зброєю і технікою;неухильно виконувати правила безпеки під час використання зброї, в роботі з технікою та в інших випадках;Зв’язатись з нами можна зателефонувавши за номером в оголошенні чи писати в месенджери.Детальніше про нас можете дізнатись на нашій офіційній сторінці Facebook та у Wikipedia.Також дивіться інші наші оголошення, є багато різних вакансій!
",5 Окрема важка механізована бригада,not found
177,Оператор мікро- та міні-БпЛА літакового типу (Контракт 18-24),https://jobs.dou.ua/companies/5-ovmbr/vacancies/337968/?from=first-job,"
Ми 5-та окрема важка механізована бригада ЗСУ, колишня 5-та окрема танкова бригада на чолі з командиром, який здобув особливе визнання в битві за Бахмут, коли його підрозділ утримував стратегічно важливі позиції біля Бахмута і Часового Яру для підтримки «Дороги життя» до українських позицій.На кінець 2023 року бригада тренувалася у Німеччині, й отримала на озброєння словенські танки M-55S і німецькі Leopard 1A5 та ін.Врамках програми «Контракт 18–24: Дрони» відкриваємо набір вмотивованих кандидатів, які готові пройти ретельний відбір і навчання на позицію Оператора мікро та міні БпЛА літакового типу бойового та спеціального призначення.Вимоги:вік 18–24 роки (вікові обмеження повʼязані з умовами програми);бажання служити своїй країні та бути частиною злагодженої команди;готовність виконувати завдання в зоні активних бойових дій;придатність до військової служби за станом здоров’я і морально-психологічними якостями;витривалість, стресостійкість, хороша фізична форма;бажання навчатись і розвиватись.Обов’язки:Перевірка технічного стану дрона, налаштування обладнання, планування маршруту.Дистанційне керування польотом, маневрування, утримання на заданій висоті та курсі.Використання оптичних, тепловізійних та інших датчиків для отримання зображень, відео та інших даних про об’єкти та територію.Перегляд та аналіз зібраної інформації, виявлення важливих об’єктів та цілей, підготовка звітів.Передача розвідувальної інформації до штабу, командних пунктів та інших підрозділів.Виконання невеликих ремонтів та усунення несправностей, що виникають під час експлуатації.Розуміння принципів роботи літальних апаратів, електроніки, програмного забезпечення.Вміння керувати дроном в різних погодних умовах та на складній місцевості.Здатність швидко та ефективно обробляти та аналізувати великі обсяги інформації.Здатність працювати в умовах високого психологічного навантаження.Здатність до тривалого утримання уваги на моніторі та обробці данихУмови роботи:служба за контрактом терміном на 2 роки (з обов’язковою умовою участі у бойових діях не менше 12 місяців за 2 роки);грошове забезпечення 1 000 000 гривень за 2 роки відповідно до програми «Контракт 18–24» (200 000 гривень одразу при підписанні контракту та 800 000 гривень виплат двома частинами на час дії контракту) + додатково грошове забезпечення до 150 000 гривень щомісячно;повний супровід під час оформлення документів;проходження базової загальновійськової підготовки, фахової підготовки та курс адаптації у військовій частині;компенсація житла протягом служби;медичне забезпечення + стоматологія та зубопротезування;іпотека 0% річних після закінчення контракту за програмою «єОселя»;соціальні гарантії;навчання у закладах освіти у межах квот за кошти держави після закінчення контракту;право на виїзд за кордон після 2 років служби;можливість самостійно обрати місце проходження військово-лікарської комісії;підйомна допомога за переїзд на нове місце служби;щорічна грошова допомога на оздоровлення;безкоштовний проїзд та комунальні пільги;Гарантоване звільнення від мобілізації на 12 місяців після завершення контракту.Зв’язатись з нами можна зателефонувавши за номером в оголошенні чи писати в месенджери.Детальніше про нас можете дізнатись на нашій офіційній сторінці Facebook та у Wikipedia.Також дивіться інші наші оголошення, є багато різних вакансій!
",5 Окрема важка механізована бригада,not found
178,Operations Assistant/Comment Moderator,https://jobs.dou.ua/companies/amo/vacancies/357340/?from=first-job,"
AMO Publishing — міжнародна IT-компанія, яка створює історії, що змінюють світ. Наш продукт, AmoMama, є одним із найбільших онлайн-таблоїдів, який щомісяця охоплює понад 40 мільйонів читачів з США та Західної Європи. Ми створюємо різноманітний контент: від оперативних новин та яскравих розважальних матеріалів до зворушливих історій, що надихають і об’єднують людей по всьому світу. У нас велика міжнародна редакція, сучасні AI-інструменти та команда людей, які щодня працюють над контентом для глобальної аудиторії. І ми впевнені, що кожна наша розповідь здатна надихати, впливати та відкривати суперсили в кожному з нас.Зараз шукаємо Operations Assistant/Comment Moderator , який/яка щодня підтримуватиме живе, безпечне та дружнє ком’юніті під нашими Facebook-публікаціями, а також допомагатиме нашому Content Operations Manager із операційними задачами по створенню та перекладу статей.Чому це крута можливість для тебе?отримаєш свій перший досвід в digital компанії;побачиш, як працює велика міжнародна редакція;працюватимеш з контентом, який читають мільйони людей людей в США та Європі;навчишся використовувати AI-інструменти в реальних задачах;зрозумієш внутрішню кухню Facebook-ком’юніті та медіа.Ми не очікуємо, що ти вже все вмієш — для нас важливі уважність, відповідальність і готовність швидко вчитись 🙌Твої майбутні задачі:моніторити активність користувачів під публікаціями сторінки в Facebook;відповідати на коментарі під постами у визначеному tone of voice (швидко, чемно, з увагою до емоційної реакції читача);використовувати AI-інструменти для швидкої генерації/шаблонізації відповідей і перевірки відповідності tone of voice;стимулювати дискусію та залученість читачів — задавати питання, підштовхувати до реакцій, делікатно модерувати емоційні пости;фіксувати повторювані або негативні коментарі як індикатори проблем у статтях/постах та передавати їх керівнику.виконувати прості операційні задачі, пов’язані зі створенням та перекладом контенту.Це буде успішний досвід співпраці, якщо ти:хочеш отримати перший досвід у IT/digital/media сфері;любиш соцмережі та онлайн-комунікацію;не боїшся рутинних повторюваних задач;відповідальний (-на) та вмієш організовувати свій час;маєш англійську від B2;маєш досвід роботи з AI-інструментами.Буде перевагою, якщо ти:знаєш ще одну мову (польську, німецьку, французьку, іспанську, італійську);маєш навички роботи з Canva;маєш досвід роботи з Meta Business Suite та CMS-систем.Як проходитиме відбір:знайомство з твоїм CV; коротке відео-інтерв’ю (AI);тестове завдання; інтерв’ю з командою.З нами ти побачиш, як створюється контент для багатомільйонної аудиторії, навчишся працювати в міжнародному середовищі та станеш частиною команди, яка щодня впливає на мільйони читачів по всьому світу 🌍Тож відправляй своє CV та почни нову історію разом з нами!
",AMO,Git
179,Customer Support Specialist,https://jobs.dou.ua/companies/liven/vacancies/357326/?from=first-job,"
Hi! We are Liven. We develop a global ecosystem of products that help people gain self-observability and steer away from negative thoughts, patterns, and behaviors on their personal journey.Inside our ecosystem:— Self-discovery companion — an app that helps 2.5M users build a deeper relationship with themselves. It’s a space for self-exploration through AI coaching, mood trackers, sound practices, and bite-sized learning.— Online Coaching — sessions with certified experts to navigate complex life situations.— Supplements — for physical recovery and bodily support.Liven is a company for the curious. We are driven by curiosity — an inner need to ask questions, dig deeper, and never stop in the face of the unknown. We are passionate about creating products and solutions that truly help. Our entire culture of experimentation exists to find better ways to support and guide people on their self-discovery journey.If you are inspired by the idea of changing users’ lives, we’d love to get to know you! As a Customer Support Specialist, you will:— Help resolve user inquiries and issues;— Communicate with users both in writing through support tickets and verbally via calls;— Interact with English-speaking users from all over the world;— Contribute to product improvement by escalating issues to the relevant teams.What is important for us: — Upper-Intermediate / Advanced English (B2+), both spoken and written;— Willingness to work night shifts (~6 per month) from 11:00 PM to 8:00 AM;— Ability to quickly adapt and learn new processes;— Stress resilience;— Strong communication skills, including the ability to handle user objections;— Empathy and a customer-oriented mindset;— Interest in emotional and behavioral well-being topics;— Readiness for long-term cooperation.What we offer: — Fully remote work format. You can work from anywhere in Ukraine or worldwide;— 18 days of paid vacation per year;— Unlimited sick leave with a doctor’s certificate;— Medical insurance;— Flexible shift-based work schedule;— Guaranteed 1-hour breaks during every shift;— Bonuses for achieving goals and KPIs.Still on Day 1: A Constant ExpeditionWe’ve reached a scale we’re proud of, but inside, we keep the “Day 1” spirit — constantly asking questions, testing hypotheses, and adapting to new contexts. If you are driven by new challenges and want to empower the team with your vision, let’s connect.Fuel your curiosity at Liven 🔎
",Liven,English
180,Junior Cybersecurity Analyst,https://jobs.dou.ua/companies/ey-ukraine/vacancies/269823/?from=first-job,"
EY — це можливість здобути винятковий досвід у компанії, яка вже понад 30 років надає послуги у галузі консультування з питань ведення бізнесу, аудиту, оподаткування і права, а також консультаційного супроводу транзакцій. На вас чекає робота у вмотивованій та високоефективній команді, де ви будете постійно зростати та розкривати свій потенціал. Завдяки нашим навчальним програмам та накопиченому професійному досвіду, ви отримаєте навички, які будуть актуальними сьогодні та у майбутньому.Фахівці напряму технологічних ризиків допомагають компаніям-клієнтам забезпечувати стале зростання бізнесу, розв’язуючи цілий ряд завдань в галузі управління інформаційною безпекою — від забезпечення безперервності функціонування компанії до ризик-менеджменту.На посаді молодшого консультанта ви станете частиною команди, чиї завдання будуть включати:Оцінку ризиків ІТ та інформаційної безпекиТестування ІТ контролів та розробку рекомендацій щодо їх вдосконаленняОцінку та побудову інформаційної безпеки у великих організаціяхОцінку та побудову ІТ функцій у великих організаціяхАналіз ІТ-залежних бізнес-процесів. Кого ми шукаємоВи володієте гнучким аналітичним мисленням, орієнтованим на зростання. Те, що ви знаєте, має значення, але правильне мислення не менш важливе. Ми шукаємо людей, які можуть працювати гнучко та йти в ногу зі світом, що швидко змінюєтьсяВи допитливі та цілеспрямовані. Ми шукаємо людей, які бачать можливості та не бояться викликів, які ставлять правильні запитання, щоб знайти відповідіВи інклюзивні. Ми шукаємо людей, які сприймають різноманітні точки зору, які цінують відмінності та об’єднують команду для створення безпеки та довіри.ВимогиСтудент або недавній випускник спеціальностей з інформаційної безпеки, ІТ, економічної кібернетики Розуміння концепцій комп’ютерних мереж (модель OSI, мережеві протоколи)базові знання інформаційної безпеки та процесів управління ІТ (бажано знання ISO 27001, COBIT, ITIL)Практичні навички по роботі з операційними системами та системами управління базами даних (включаючи написання SQL запитів)Рівень володіння англійською мовою — В2 і вищеПоглиблене знання офісних додатків: Excel, Word, PowerPoint Прийняти job offer EY означає стати частиною високопрофесійної, інклюзивної команди з усіма необхідними інструментами для професійного розвитку та кар’єрного зростання.Ми пропонуємоОфіційне працевлаштування з 1-го дня роботи35 календарних днів щорічної відпусткиМожливість працювати віддалено, або у нашому комфортному офісі, оснащеному усім необхідним, навіть для роботи в умовах блекаутівГнучкий графік: з нами ви зможете поєднувати навчання з повноцінною роботоюМедичне страхування, страхування подорожей та життяКонкурентну заробітну плату та систему премій за високу ефективністьКар’єрне зростання: з нами ви зможете пройти прозорий шлях від інтерна до партнера компаніїПідтримку наставника, який буде супроводжувати вас впродовж усієї кар’єриЧисленні внутрішні та зовнішні тренінги: корпоративний доступ до курсів на Udemy та освітньої системи EY BadgesМожливість долучитися до онлайн-програми EY Tech MBA & Hult International SchoolЕтапи відборуЗнайомство з HR — онлайн тестування з логіки та англійської мови — вирішення профільного кейсу — онлайн співбесіда з менеджером — пропозиція по роботі.Давайте покращувати світ бізнесу разом!Ми чекаємо на ваше резюме.
",EY Ukraine,SQL
181,Junior User Acquisition Specialist (Headway),https://jobs.dou.ua/companies/headway-inc/vacancies/357219/?from=first-job,"
Headway Inc is a global tech company, revolutionizing lifelong learning by creating digital products for over 150 million users worldwide. Our mission is to help people grow. We’re proud to be ranked 4th among the World’s Top EdTech Сompanies by TIME magazine. We believe lifelong learning should be accessible, personalized, and impactful to each individual. That’s how we change the world and why we bring together exceptional minds.The core of our achievements is our team. We believe in people and shared values SELECT. That’s why, together with Lisa Rudyk, Head of User Acquisition at Headway by Headway Inc, we’re looking for a User Acquisition Specialist to scale campaigns on Meta and hit the ROI that drives our mission worldwide.The product and team you will be working with:Headway is our flagship app, offering summaries of nonfiction bestsellers, daily insights, and gamified challenges. Headway is the world’s most downloaded book summary app and has been featured as App of the Day in over 30 countries, including the US, the UK, and Canada.You’ll join a UA team of 6 — people who care deeply about the work, support each other through the hard days, and celebrate wins together. We’re also part of Headway Inc’s broader marketing community — 100+ people across all products — where you’ll always find someone to think through a challenge with, learn from, or be inspired by.This job is perfect for you if you:Are excited to see the direct impact of your work reflected in both financial and product metrics at Headway.Enjoy the freedom to test bold hypotheses, with the potential to fully own a channel or user acquisition flow in the future.Want to collaborate closely with the Product team while sharpening your product marketing expertise.Love working with a performance-driven team of people who are fully committed to results.Are eager to grow in a data-driven environment where experiments and analytics guide every decision.Value strong partnerships — we work closely with Google, Meta, and TikTok.What you will do:Scale Headway App’s user acquisition through Meta.Collaborate with the Product Marketing Team to design new funnels and run product experiments.Analyze data, metrics, and test outcomes to make decisions grounded in data-driven insights.Test creatives, audiences, and bidding strategies to maximize growth.Work closely with Creative Marketing, Product Marketing, and Analytics teams to drive new user growth.Build and maintain automations and scripts to streamline campaign management and optimization.What you need to join us:Have ~1 year of experience in marketing, user acquisition, FMCG, consulting — or you’re just starting out and eager to grow fast.Know your way around numbers, can use them to make smart decisions and uncover causal relationships.Understand the basics of marketing and how paid traffic works.Love to research, ask “why?”, and figure things out from the ground up.Have a willingness to quickly learn new tools (Amplitude, AppsFlyer, Tableau, ad platforms).Communicate confidently in English (B2).Align with the values of our team (SELECT).What do we offer:Work within an ambitious team on a socially impactful education product.An office with a reliable shelter, generators, satellite internet, and other amenities.Access to our corporate knowledge base and professional communities.Personal development plan.Compensation for English language learning, external training, and courses.Medical insurance and full sick leave compensation.Company doctor and massage in the office.Sports activities: running, yoga, boxing, and more.Corporate holidays: we go n a week-paid holiday to rest and recharge twice a year.Supporting initiatives that help Ukraine. Find out more about our projects here.Working scheduleThis is a full-time position with a hybrid remote option. It means that you can decide for yourself: whether you want to work from the office, remotely, or combine these options.Are you interested?Send your CV!We’ve created a Talent Guide to help you navigate our hiring process with clarity and confidence — and get the most out of each stage. Take a look here.
",Headway Inc,"Git,Machine Learning"
182,Intern QA Engineer Game,https://jobs.dou.ua/companies/qatestlab/vacancies/352996/?from=first-job,"
QATestLab — це міжнародний постачальник послуг незалежного тестування з понад 20-річним досвідом надання QA-підтримки компаніям із різних галузей. Сфера нашої експертизи охоплює електронну комерцію, банківську справу, охорону здоров’я, геймінг, медіа та телекомунікації. Ми надаємо послуги з мануального та автоматизованого тестування веб застосунків, десктопних, мобільних і хмарних додатків.Якщо ти успішно закінчив курси з тестування та маєш англійську на рівні Upper-Intermediate — не втрачай ні хвилини — надсилай резюме та ставай частинкою QATestLab!Ми очікуємо, що ти:маєш базову теоретичну та практичну підготовку в тестуванні (завершені курси);любиш грати в комп’ютерні або мобільні ігри;розумієш роль і цінність роботи тестувальника для створення якісного ПЗ;розумієш цикл розробки продукту;знаєш основні поняття тестування, типи та методи тестування;прагнеш досліджувати помилки всередині реальних та цікавих проєктів;хочеш працювати на результат і навчатися non-stop;володієш англійською на рівні Intermediate і можеш комунікувати з іноземними замовниками в усній і письмовій формах.У нашій команді ти будеш:тестувати ігри та мобільні додатки;вносити баги у багтрекінгову систему;створювати тест-кейси;працювати з технічною документацією;складати звітність щодо результатів тестування;брати участь у мітингах з командою;комунікувати з командою клієнта та клієнтом.Ми пропонуємо:співпрацю зі стабільною компанією (20+ років на ринку) з налагодженими процесами та позитивною атмосферою в командах;команду експертів, яка завжди готова допомогти та поділитися знаннями;допомогу куратора під час стажування і після;різноманітність проектів;100% компенсації за листами непрацездатності, 18 днів відпустки;гнучкий формат співпраці (старт з 8:00 до 11:00, повний робочий день);розвинену корпоративну культуру, систему соціальної допомоги та широку програму лояльності.Надсилай резюме та ставай частинкою QATestLab!Маєш додаткові запитання про вакансію, розвиток у компанії чи соціальний пакет? Завітай до нашого AI чат-боту — він з радістю все розповість!
",QATestLab,English
183,Пілот ФПВ дрона,https://jobs.dou.ua/companies/427-i-okremii-polk-bezpilotnih-sistem-rarog/vacancies/312103/?from=first-job,"
Огляд 427-а окрема бригада безпілотних систем «РАРОГ» займає гідне місце серед всіх «літаючих» підрозділів Збройних Сил України за кількістю знищеної ворожої техніки та живої сили противника. Бригада розвивається та створює нові команди. Посада передбачає використання FPV-дронів у бойових умовах, зокрема FPV-камікадзе, бомберів, дронів на оптоволокні, класичних квадрокоптерів та масивних гексо-FPV. Успішне виконання завдань вимагає гарної мікромоторики рук і швидкої реакції.Обов’язкипілотування FPV-дронівдотримання правил безпеки експлуатації безпілотних засобіврозуміння мети завдання та відповідне коригування стратегії використання дронаволодіння інформацією про наявні засоби, канали, боєкомплект, батареї та їхнє комбінування відповідно до завданняпланування та виконання польотних завдань відповідно до місіїрозробка маршрутів з урахуванням рельєфу, погодних умов та загроз ППО/РЕБкомунікація з оперативним черговим офіцером, надання доповідей щодо тактичної ситуаціїпідтримка справного технічного стану БпЛАдотримання правил безпеки та секретності під час виконання завданьПеревагивміння працювати з картографічним програмним забезпеченням та системами навігаціївідповідальність, уважність до деталейдосвід роботи з БпЛА (за його відсутності можлива підготовка у виробника або в навчальному центрі)знання принципів аеродинаміки та навігаціїздатність працювати в командібажання навчатися та розвиватисяУмовимобілізація до кінця воєнного стану або служба за контрактомгрошове забезпечення від 50 000 до 120 000 гривень залежно від поставлених завдань та місця службиробота із сучасними технологіями розвідкиможливість підвищення кваліфікації через навчання у виробників або в спеціалізованих центрахгарантована щорічна основна відпусткаслужба у мотивованому колективіможливість проходження підготовки для кандидатів без досвідуhttps://rarog.in.ua/http://www.youtube.com/@RarogDrones427https://forms.gle/XLsbJCasPKWigF917
",427-а окрема бригада безпілотних систем Рарог,not found
184,Customer Support Agent — Spirio,https://jobs.dou.ua/companies/skelar/vacancies/351961/?from=first-job,"
Що варто знати про SKELAR? Це венчур-білдер — іншими словами, компанія, яка будує компанії. З нами фаундери створюють consumer-бізнеси, які стають лідерами на глобальних ринках EdTech, Mental health, Petcare, FashionTech та інших.Скеларівці будують tech-продукти, які здобувають відзнаки від Product Hunt, The Webby Awards та отримують тисячі позитивних відгуків на TrustPilot. Загалом tech-продуктами наших бізнесів користуються 10+ млн людей у світі. Усе завдяки сильним командам, бо наші спеціалісти — це ключова цінність SKELAR.Для професійної реалізації ми створили середовище з експертизою та необмеженими можливостями — і шукаємо тих, хто прагне викликів.Зараз ми шукаємо Customer Support Representative в один із наших бізнесів — Spirio, щоб разом піднімати планку результатів!Spirio — це бізнес venture builder’а SKELAR, який створює навчальну платформу з курсами, гайдами та практиками, заснованими на східних філософіях. Наша мета — допомагати людям насолоджуватися життям і відчувати більше щастя.Продукт перебуває на важливому етапі трансформації: ми з нуля формуємо власну культуру якості, процеси та стандарти роботи — і ти можеш стати частиною цього процесу!Що буде у твоїй зоні відповідальності: — Обробка вхідних звернень клієнтів (тікетів);— Ескалація технічних проблем і складних ситуацій до відповідальних команд;— Участь у командних дзвінках та регулярних 1:1 зустрічах;— Дотримання внутрішніх процесів та інструкцій;— Допомога новим членам команди в адаптації;— Збір і передача фідбеку від клієнтів;— Робота відповідно до SLA та KPI.Що для нас важливо: — Рівень письмової англійської — B2+ (Upper-Intermediate);— Сильні комунікаційні навички;— Уважність до деталей;— Вміння ефективно керувати часом;— Проактивність;— Стресостійкість.Що ти отримаєш: — Тренінги, курси та можливість відвідувати конференції;— Медичне страхування.Чому ця роль варта твоєї уваги: Ти станеш важливою частиною розвитку продукту та приєднаєшся до команди на самому старті її формування. Це можливість побачити всі процеси зсередини, отримати цінні навички та впливати на те, як будується підтримка.Ми створюємо команду з нуля — а це означає простір для твоїх ідей, ініціатив і реального впливу. Тут підтримують відкриту комунікацію, діляться фідбеком і допомагають одне одному зростати без зайвого мікроменеджменту!Разом із розвитком команди з’являтимуться й нові можливості — як у напрямках Shift Lead чи QC, так і в суміжних ролях.У SKELAR ми побудували середовище для професійної самореалізації:— SKELAR Platform. Це операційне ядро венчур-білдера, що допомагає фаундерам швидше проходити шлях від нуля до одиниці. Так команди бізнесів фокусуються на продукті — а 10+ команд в складі Platform закривають функції Legal, Finance, HR, Admin, Talent Acquisition, Employer Branding, IT та інші.— Нетворк та обмін досвідом як частина культури. Серед наших колег — кофаундери, які запустили не один бізнес, а також найсильніші спеціалісти на ринку. Тож ми маємо доступ до необхідної експертизи на відстані витягнутої руки.— Ексклюзивна доменна освіта. Ми створили власні навчальні програми для тіммейтів на вибір — від 2-місячної школи для менеджерів-початківців до інтенсивів про AI та професійних клубів з розробки, продакт-менеджменту тощо.— Вплив на системну допомогу Україні. Маємо благодійний фонд SKELAR foundation, який створили самі скеларівці — і завдяки кожному співробітнику втілюємо важливі соціальні проєкти. Наприклад, заснували перший у Європі акселератор для ветеранів і формуємо майданчик для підтримки ветеранів на рівні держави.— Екосистема для продуктивної роботи. Для скеларівців створені простори, які надихають на результат — з власним спортзалом, скеледромом, зеленими зонами Bali та бібліотеками. У спейсах, де сервіс, безпека та комфорт синхронізовані з темпом зростання команд, отримуємо вау-досвід та працюємо ефективніше.— Турбота про щоденний комфорт. Сніданки, обіди, доступ до спортивних тренувань в Києві або часткова компенсація занять у Варшаві, медичне страхування, оплачувані відрядження, якщо специфіка ролі передбачає такі поїздки, корпоративні знижки від партнерів.Більше розповімо на нашій зустрічі-знайомстві.Запрошуємо будувати the next big everything у SKELAR разом!
",SKELAR,"English,Degree"
185,Trainee Manual QA Engineer,https://jobs.dou.ua/companies/dev-com/vacancies/357174/?from=first-job,"
DevCom is looking for a Trainee QA!If you have a solid theoretical foundation in manual and mobile testing and a strong desire to learn, we invite you to join our Student Program, where you can gain hands-on experience, improve your skills, and grow in a professional environment.The benefits of our student program: — Personal mentor for each student— 100% employment in case of successful completion of the student program— Student program for three months. In this period, the stipend will be paid ($300 gross per month)Work mode: While we prefer candidates based in Lviv who can visit the office, we are also open to applicants from other parts of Ukraine or Europe.About projects (after the technical interview, we’ll be able to determine which of these projects best aligns with your skills and experience) : 1.) Country: ScotlandIndustry: Information Technology / Healthcare / Emergency ServicesProject specifics:Treatment and prevention of psychological trauma arising from the professional activities of emergency service workers. The project includes mobile application testing2.) Country: AustraliaIndustry: Social networking / Travel and lifestyle discoveryProject specifics: Trust-based social recommendation platform for places and experiences. A rex is a user-created post about a place. Multiple rexes can belong to the same place. The platform focuses on discovering places through trusted people rather than anonymous reviews. Digital consumer platforms focused on social discovery and recommendation sharingThe project includes Mobile app (iOS Android) mobile Web. Web, and Admin Pannel — webRequired Skills:Completed thorough testing courses are a mandatory requirementEnglish — Intermediate plus / Upper — Intermediate and higher (written and spoken)Basic understanding of software testing theoryUnderstanding of mobile application testingBasic understanding of the software development processFamiliar with the design and development of test documentation (test case, bug report, checklist)Familiar with SDLC/STLCBasic knowledge of HTMLGood knowledge of Database (be able to write database queries to verify data as part of testing)Basic understanding of Agile/ScrumAbility to analyze and structure informationExcellent attention to detailThe ability to work autonomously as well as part of a teamA logical, curious, and analytical mindset with a desire to interrogate dataExcellent presentation and communication skillsNice to have:Final year student or young specialist in the STEM field (Science, Technology, Engineering and Mathematics)Familiar with API testing (Postman/Swagger)Being familiar with Jira will be a plusBasic understanding of the client-server application architectureBasic understanding of LLMs (ChatGPT etc.) and prompt engineeringPet projects or practical testing experienceWhat do we offer after successful completion of the student program: Salary $500 gross per monthPerformance review every six monthsOpportunities for career and professional developmentEnglish classes and other L&D activities like courses and certifications reimbursementRecognition gifts and awardsBenefit program with the opportunity for compensation to cover the following expenses of their choice:Sports activities (these can be one-time sessions or monthly or annual subscriptions)Payment of medical expenses (treatment and preventive procedures at the dentist, services, and consultations with doctors, medical examinations, and tests)Psychologist consultationsMedical insuranceTraining for the development of professional skills (hard and soft skills), including the purchase of necessary educational literatureCourses in traditional arts and creativity (such as drawing, music, photography).Individual English language improvement classes- Employee referral program21 working days — paid vacations10 paid sick leavesIT club membershipIf you want to know more details, write me an email or send a CV through the site The next step is to perform the test.After that will be a short interview conducted by recruiter — 15 minutesThen — technical interview. In case of success — offer!Transparency and communication are highly valued by us. Our recruitment process includes feedback at every stage, ensuring that you are consistently informed and engaged.Yaryna Malysh, HRM, DevComСайт компанії:devcom.com/about-devcom
",DevCom,"Git,Machine Learning,English"
186,Dispute Resolution Specialist,https://jobs.dou.ua/companies/solidgate/vacancies/357156/?from=first-job,"
Our Mission and VisionAt Solidgate, our mission is clear: to empower outstanding entrepreneurs to build exceptional internet companies. We exist to fuel the builders — the ones shaping the digital economy — with the financial infrastructure they deserve. To achieve that, we’re on a bold path: to become the #1 payments orchestration platform in the world.We believe the future of payments is shaped by people who think big, take ownership, and bring curiosity and drive to everything they do. That’s exactly the kind of teammates we want on board.About the Team and RoleAs a Dispute Resolution Specialist, you’ll work on Chargebackhit — technology that protects online businesses from fraud and chargebacks. The product is mature but runs with the energy of a startup: things evolve fast and decisions are made quickly.This role sits at the intersection of operations, data, and fintech infrastructure. You’ll handle dispute cases that require human judgment, work with banking interfaces, investigate data discrepancies, and directly influence financial outcomes for our merchants. No prior experience is required — just attention to detail, focus, and a drive to grow.What you’ll ownHandle dispute cases that require human judgment, provider-specific nuance, or non-standard workflowsInvestigate data discrepancies between internal systems and provider/network records — detect edge cases, document findings, work with engineering on root causesIdentify repetitive manual tasks and streamline them using AI tools, templates, and bulk-action workflowsSupport new acquirer/PSP onboarding: validate dispute data mapping and act as ops-side QA before go-live You’re a great fit if you have0–1 year of experience in operations, support, or a related field (or no experience at all — we’ll teach you)English level Upper-Intermediate (B2) or higherStrong attention to detail and ability to stay focused on high-volume, data-heavy tasksStructured communication and problem-solving mindsetCuriosity and initiative — you don’t wait to be told what to improveWhy Solidgate?No internships here — we build careers. Get hands-on from day one and make a real impact.Your work = real outcomes. Shape how global companies move money.Grow like crazy. Learn from top fintech pros and level up faster than anywhere else.Flex your schedule. Balance studies and work with flexible hours that fit your life.Enjoy the ride. A wow office in Kyiv center, daily lunches, snacks, team buildings, and a learning budget to keep you growing.💌 The Extras: 30+ days off, unlimited sick leave, free office meals, health coverage, and Apple gear to keep you productive. Courses, conferences, sports and wellness benefits — all designed for ideas, focus, and fun.Tomorrow’s fintech needs your mindset. Come build it with us.Know top talent? We’re always on the lookout. Recommend someone for our role, and if they get hired, there’s a bonus waiting for you — simple as that.
",Solidgate,"Git,Machine Learning,English"
187,Full Stack Internship,https://jobs.dou.ua/companies/meduzzen/vacancies/313823/?from=first-job,"
🌐 Free Full-Stack Internship 2026Take your skills to the next level in our 10 week intensive internship. This is a hands-on program where you’ll create full-stack web applications using industry-standard tools and collaborate with different developers and mentors.🗓️ Start Date: May 11⏳ Duration: 9–10 weeks🎯 Top performers receive a job offer to join our team!🔍 Requirements:Experience with PythonBasic knowledge of web development and APIsGit/GitHub familiarityMotivation and willingness to learn fast🛠️ Tech Stack:Backend: Python + FastAPIFrontend: ReactDatabase: PostgreSQLDevOps: Docker & AWSExtras: CI/CD, testing, deployment💼 You Will:Build real-world full-stack projectsLearn team collaboration and agile workflowsReceive continuous feedback from mentorsPrepare for a full-time full-stack developer role
",Meduzzen,"Python,SQL,Docker,Git"
188,Project Manager for Creative 3D Projects (Architectural Visualization),https://jobs.dou.ua/companies/3drenders/vacancies/357073/?from=first-job,"
3Drenders is a fast-growing IT/Design company with American roots. We create high-quality photorealistic architectural renders, interiors, exteriors, product concepts, and animations for clients across Europe and the USA.Last year, we completed 100+ projects, and this year we are growing even faster. That’s why we’re looking for a 3D Project Coordinator / Junior Project Manager who will help our PM team keep projects organized, support artists, communicate with clients, and make sure deadlines stay under control.This role is a great fit for someone who wants to grow in project management within a creative international company and learn how architectural visualization projects are built from brief to final delivery.What you’ll doYou will support and coordinate 3D visualization projects together with the PM team.Your main tasks will include:Coordinating communication between clients, project managers, 3D artists, and other team members;Helping keep project tasks, deadlines, files, and comments organized;Tracking project progress in Favro and Slack;Making sure everyone has the information they need to move forward;Collecting feedback from clients and helping the team implement it clearly;Supporting quality checks of 3D renders, especially lighting, composition, materials, textures, and overall realism;Helping solve small daily issues that appear during the project;Maintaining project documentation, tables, reports, to-do lists, and task updates;Gradually taking ownership of several projects as you grow into the role.You won’t be expected to know everything from day one. We have internal processes, examples, training materials, and a team that will help you learn.We’re looking for someone whoHas experience in project coordination, project management, client communication, design, architecture, marketing, production, or a similar field;Is organized, attentive to details, and able to follow deadlines;Can communicate clearly and politely with both clients and internal teams;Is comfortable working with several tasks at the same time;Has good written and spoken English, as all our projects are international;Is not afraid to ask questions and clarify details;Can stay calm when priorities change or urgent issues appear;Is interested in design, architecture, 3D visualization, or creative production.It would be a big plus if youWorked with 3D artists, visualizers, designers, architects, or creative teams;Have basic understanding of 3D renders, interiors, exteriors, or architectural drawings;Used tools like Favro, Jira, Asana, Trello, Notion, Slack, or similar;Had experience with short and medium-term projects, from 1 week to 2–3 months;Have an eye for visual quality and can notice details in images.What we offerRemote work;Full-time schedule: 09:30–18:30 with a lunch break;5-day work week;Work with international projects from the USA and Europe;Creative, stylish, ambitious architectural visualization projects;Base salary + bonus system depending on project load and results;Clear growth path from Coordinator to Project Manager;Access to internal training materials and platforms;Support from experienced PMs and the team;24 vacation days and 5 sick leave days;Ukrainian national holidays as days off.
",3DRenders,not found
189,Content manager,https://jobs.dou.ua/companies/come-back-agency/vacancies/351797/?from=first-job,"
Come Back Agency supports US software and technology companies by running their hiring process. We work with delivery and leadership teams to define roles, screen candidates, and manage interviews. Successful candidates are hired directly by the company and become part of its team.Employer information:This position is with a US-based software company providing custom development and AI implementation for North American clients. The team builds and maintains production software, including AI-enabled systems, and works in long-term client engagements. Team members operate as part of an internal, distributed team and collaborate directly with client stakeholders.About the role:We are looking for a detail-oriented content specialist to generate, structure, and publish content on our websites. This role is a great entry point for someone who is organized, curious, and comfortable working with AI tools and digital platforms.You will produce website pages and blog posts using AI tools, prepare content for review, and publish it through our CMS. A US-based team member will review all content for final language and tone, so the focus here is on structure, clarity, and consistency — not perfect native English.We will provide structured onboarding and clear guidelines, so prior experience in a content role is a plus but not required.What you will do:Generate website pages and blog posts using AI tools based on briefs, outlines, or existing materials.Edit and refine AI-generated content to ensure it is clear, accurate, and well structured.Publish content to the website using our CMS, including formatting, internal links, headings, and basic SEO structure.Update and improve existing pages when needed.Coordinate with a US-based reviewer and apply feedback before content goes live.What we are looking for:Strong written English — you can produce clear, professional text even if it will later be reviewed by a native speaker.Comfort using AI tools such as ChatGPT or similar, or a genuine interest in learning to use them for content work.Attention to detail and the ability to follow guidelines consistently.Basic familiarity with any CMS (WordPress, Wix, Notion, or similar) — or a willingness to learn quickly.Reliability and a structured approach to completing tasks.No formal content experience is required if you can demonstrate the skills above.Nice to have:Any hands-on experience writing or editing content, even personal projects, freelance work, or coursework.Familiarity with basic SEO concepts such as headings, meta descriptions, or internal links.Experience with software, tech, or digital services topics.What we offer:Working hours aligned with US time zones, typically 16:00–00:00 Kyiv time.English lessons to support clear and confident communication.Paid vacation and sick days.Fully remote work.Structured, personalized onboarding to help you ramp up effectively.Opportunities for professional growth within the team.How to apply:Send your resume and a short note about yourself — tell us what interests you about this role and share any examples of writing or content work if you have them. Personal projects, blog posts, or coursework are welcome. You can apply via Telegram (@cba_yuliaivanova) or through our website at comeback.ua. Selected candidates will be contacted by Come Back Agency.
",Come Back Agency,Git
190,Trainee/Junior IT Business Analyst​,https://jobs.dou.ua/companies/tov-badm/vacancies/249966/?from=first-job,"
«БаДМ» — національний дистриб’ютор фармацевтичного ринку України. Ми віримо в силу нашої команди та забезпечуємо ліками всю Україну!Ви мрієте про стабільну роботу в класній команді? Бажаєте кожного дня дбати про здоров’я українців? Тоді Вам точно до нас!Ми готові розглянути кандидатів після курсів з відміннім знанням теорії, та бажанням розвиватись у напрямі BA.Вимоги до кандидата:Знання етапів та принципів розробки ПЗ;Розуміння моделювання бізнес-процесів (BPMN, IDEF);Розуміння принципів розробки прототипів з Balsamiq, Axure;Вміння написання технічних завданнь (use case та user story);Комунікабельнисть, уважність, бажання навчатись.Ми раді запропонувати:Офіційне оформлення, «білу» заробітну платуОплачувану відпустку та лікарняніРоботу у центральному офісі компанії у м. ДніпроГрафік роботи: пн-пт з 9:00 до 18:00Дружню команду професіоналівПрограму адаптації для новачківКорпоративні заходи з інтеграцією української культуриПодарунки до свят і майстер-класи для дітей співробітниківКорпоративний транспорт, авто і вело парковкуМи знаходимося: ж/м Тополя-1Якщо все це про Вас і Ви бажаєте стати частиною професійної команди «БаДМ» — надсилайте Ваше резюме.До зустрічі на співбесіді!
",BaDM,not found
191,ERP Consultant (junior position),https://jobs.dou.ua/companies/clarity/vacancies/292594/?from=first-job,"
Привіт! Давай познайомимось, ми — Clarity Ukraine, амбітна команда фахових ERP-консультантів, розробників, project-менеджерів та аналітиків. Ми займаємося впровадженням ERP-системи Microsoft Dynamics 365 Business Central. Середній досвід наших ERP-спеціалістів складає понад 5 років, архітекторів — більш ніж 10 років і нам є чим пишатися! Але, ми розуміємо, що за успішними проектами завжди стоїть фантастична команда, тому активно сприяємо розвитку співробітників, відкритій комунікації, свободі та підтримці один одного. Ми дуже хочемо, щоб наші люди відчували сенс своєї справи та становлення у професії, тому в нас є чітко побудовані HR-процеси: онбординг, менторинг, грейдинг, система оцінки та фідбек-сесії.Працюємо ми віддалено, тобто, нам не принципово у якому ти місті чи місці будеш працювати, головне — це твій комфорт та продуктивність. На поточний рік у нас заплановано якісне та кількісне зростання, та одразу декілька крутих проєктів впровадження, і, ми радо запрошуємо у команду. Чим ти будеш займатися: Перший час, ми будемо активно тебе навчати та ознайомлювати із системою, з технічною документацією та етапами проєктів впровадження. Далі, ти поступово, під керівництвом старшого консультанта (ментора), будеш долучатися до нескладних задач по поточних проєктах, наприклад оформлювати підсумок зустрічі з клієнтом. Десь через 6-10 місяців, коли ти почнеш орієнтуватися в системі та братимеш участь у проєктах впровадження MS Dynamics 365 Business Central, або надаватимеш підтримку тим клієнтам, які вже користуються системою та будеш долучатися до: Проведення інтерв’ю з клієнтом для аналізу його бізнес-потреб; Налаштування стандартного функціонала ERP-системи до вимог бізнесу клієнтів, які були схвалені; Залучення розробників з команди у випадку, якщо деякі вимоги виходять за межі стандартного функціонала MS Dynamics 365 Business Central і потребують додаткового налаштування; Навчання кінцевих користувачів; Участі в етапі Go-live: заходів, необхідних для запуску ERP-системи у продуктивному стані. Ми пропонуємо тобі: Можливість працювати дистанційно за стандартним графіком роботи: Пн-Пт з 9:00-18:00. Професійне навчання за деталізованим і індивідуальним планом, якій ми оновлюємо після кожної оцінки. Отримання професійних сертифікатів Microsoft за рахунок компанії. Повну підтримку ментора з першого дня роботи та деталізовані плани навчання.Регулярні фідбек-сесії з СEO, Тімлідом та HR. Гідну заробітну плату, яка фіксується у доларах, визначається за результатами співбесіди та переглядається після кожної оцінки раз на рік. Оплачувану відпустку та лікарняні за гнучким графіком, додаткові вихідні на складання іспиту чи за поважними сімейними обставинами. Атмосферу щирості і відкритості. Можливість зустрічатися в офлайн-форматі в неформальній обстановці з колегами, а це завжди весело. Стати невіддільною частиною колективу, де ти будеш почутим і зможеш ефективно зростати і пишатися своїми досягненнями. Якщо ти:  Бакалавр / магістр / студент 4-го курсу з профільними дисциплінами комп’ютерні або математичні науки, бухгалтерського обліку, фінансів або економіки. Класно вчишся, системно мислиш, є дисциплінованим, та готовий навчатися новому. Можливо маєш досвід впровадження будь-якого програмного продукту чи досвід з фінансового консалтингу і мрієш перейти в IT-сферу. Гарно знаєш українську та англійську мову та можеш спілкуватися. Любиш комунікації та не боїшся презентацій. Любиш всі технологічні новинки, хочеш працювати з дійсно потужним та сучасним ІТ-продуктом від Microsoft. Можеш самостійно опрацьовувати великі масиви інформації. Тобі комфортно працювати віддалено з будь-якого місця на планеті й бути при цьому зібраним та ефективним. Тоді в нас тотал метч, не зволікай з відправкою свого СV на: [email protected] та чекай запрошення на співбесіду. Подивитися інтерв’ю з СEO компанії Подивитись наш Facebook Наша Команда в Instagram Почитати та підписатись на LinkedIn Трошки більше про систему на Youtube Відправляючи резюме, Ви надаєте згоду на обробку Ваших персональних даних компанією з метою підбору та оцінки кандидатів відповідно до Закону України «Про захист персональних даних».
",Clarity Ukraine,not found
192,Оператор чата (Customer Support),https://jobs.dou.ua/companies/innovation-group/vacancies/301545/?from=first-job,"
Ми — Innovation Group — ведемо свою діяльність на території України в галузі розробки програмного забезпечення. Спеціалізуємося на розробці, підтримці та просуванні вебдодатків.Навички:Знання комп’ютера на рівні впевненого користувача;Вміння працювати з Google Таблицями;Знання англійської мови на рівні від intermediate буде плюсом.Задачі:Спілкування з користувачами (писемне + іноді у телефонному режимі);Робота у позмінному графіку (є нічні зміни) в офісі;Підтримка користувачів — відповіді на заявки клієнтів;Ведення документації, звітності.Ми пропонуємо:Комфортний робочий спейс у центрі Одеси;Премії та подарунки до свят;Медичне страхування від компанії UNIQA;Участь у конференціях та профільних семінарах коштом компанії;Особистий мерч та персональні знижки;Можливості професійного росту;Зручна виплата ЗП.
",Innovation Group,English
193,Junior Project Manager,https://jobs.dou.ua/companies/bliscore/vacancies/356842/?from=first-job,"
Bliscore is a team of professionals delivering innovative technology solutions for businesses. We are looking for a Junior Project Manager who will help coordinate projects, communicate with clients, and support the team’s efficiency and smooth collaboration. Location: Lviv (Hybrid work format) Your Responsibilities:Coordinate the software development process, plan tasks, and track their execution.Communicate with clients, gather requirements, and maintain effective communication throughout the project lifecycle.Maintain project documentation, monitor deadlines, and manage priorities.Collaborate with developers and QA engineers, helping resolve day-to-day project-related issues.Use project management tools to organize workflows and support efficient delivery processes. What We Expect From You:Basic understanding of project management methodologies such as Scrum and Kanban.Strong communication skills and the ability to clearly deliver information.English level: Upper-IntermediateAttention to detail and analytical thinking.Motivation to learn and grow in the IT industry. Nice to HaveFamiliarity with Jira, Confluence, Trello, or similar PM tools.Understanding of the software development lifecycle.Previous involvement in academic, internship, freelance, or personal IT projects will be considered an advantage.What’s In It for You?Career Growth — Opportunities to develop and advance.Performance Reviews — Regular feedback and support.Work Anniversaries — Special gifts to celebrate milestones.Flexible Work — Hybrid or remote (Lviv office available).Mentorship — Guidance from experienced professionals.Accounting Support — We handle the paperwork.Paid Time Off — 18 vacation days + 5 sick days per year.Extra Leave — 10 additional days off annually.Free Office Lunches — Enjoy meals on us.Team Events — Gatherings, gifts, and a welcoming atmosphere.
",Bliscore,English
194,Customer Support Representative,https://jobs.dou.ua/companies/helpware/vacancies/356821/?from=first-job,"
Helpware is a global company providing outsourcing back-office services with offices in the USA, Mexico, Ukraine, and the Philippines. We help small businesses as well as enterprises to free up their teams so they can focus on strategic high-value tasks that will move the dial for their businesses.We are growing and have an open position as a Customer Support Representative.Skills and Qualifications:Excellent written skills in English;Experience in the Client support area will be a plus;Basic technical background (strong experience in using apps);Proactive approach, empathetic individuals, problem-solving skills;Customer orientation and ability to adapt/respond to different types of characters;Ability to multi-task, prioritize, and manage time effectively.Responsibilities:Providing Customer Support for the website usersHandle customer complaints, provide appropriate solutions and alternatives within the time limits; follow up to ensure resolutionFollow communication procedures, guidelines, and policiesResponding promptly to customer inquiriesCommunicating with customers through various channels (chat/emails)Acknowledging and resolving customer complaintsKeeping records of customer interactions, transactions, comments and complaintsEntering data into a CRM, other online tools, and cloud-based platformsOther related tasks assigned by managers of the Clients and/or HelpwareWe Offer:Competitive compensation linked to EUR rate;Medical insurance after the trial periodEnglish classes;Schedule 8 am — 1 am Kyiv Time( 8 working hours + 1 hour of a break during this period of time);Corporate training and partiesIf you have the qualifications needed and ready to maintain the required duties daily, please apply!
",Helpware,not found
195,Junior QA Еngineer,https://jobs.dou.ua/companies/mornhouse/vacancies/323140/?from=first-job,"
Привіт! Ми — Mornhouse, робимо додатки на Android i iOS та заливаємо їх на APP Store та Google Play. Шукаємо Junior QA Еngineer для тестування додатків. Стандарти з тестування є, процес налаштований. Потрібен прискіпливий тестувальник, щоб докопувався до дрібниць і мучав програмістів)Робота тільки в офісі в Києві.Очікувані результати:Помилки знайдені, проаналізовані й детально описаніПроводиться контроль і перевірка кожного виправленняУчасть у складанні документації, звітів та планів тестуванняДопомога Lead QA Еngineer за необхідності.Вимоги:Досвід тестування додатків, ігор або ПЗ;Досвід використання нейронних мереж типу chat gpt у тестуванні;Знання комп’ютера на рівні advanced user;Добре знання англійської мови;Уважність, відповідальність, організованість;Доброзичливість, вміння працювати у команді;Здатність та бажання постійно вчитися новому, розвиватися.Вітається:Технічна освіта;Досвід написання тестової документації;Досвід у тестуванні додатків на Android, принципи роботи;Розуміння принципів розробки програмного забезпечення.Ми пропонуємо:ЗП $ 700 — 1100, зростання у міру підвищення навичок;Своєчасна заробітна плата;Можливість кар’єрного росту;Безкоштовні обіди;Низький рівень забюрократизованості;Круті корпоративні заходи;Молодий дружній колектив;Оплачувана відпустка;Затишний офіс;Ігрова приставка та міні більярд в офісі;Стандартні плюшки — чай, кава, смаколики;Зручний графік з 10-00 до 19-00.УВАГА!!! Щоб не витрачати Ваш і мій час, до співбесіди допускаються лише кандидати, які виконали тестове завдання.Посилання на тестове завдання: drive.google.com/...​-tyKI0UsfHhJ8TUTt7ym/viewБуду радий бачити в команді!)
",Mornhouse,"English,Degree"
196,"Рекрутер (Miltech, робота з ветеранами)",https://jobs.dou.ua/companies/d-zh-e-t/vacancies/356747/?from=first-job,"
Компанія «Д.Ж.Е.Т» — це амбітна українська виробнича команда. Ми розробляємо та вдосконалюємо роботизовані засоби військового призначення, які щодня допомагають нашим захисникам на фронті. Ми не просто створюємо техніку, ми змінюємо технології для нашої спільної перемоги.Ми в першу чергу розглядаємо на цю посаду ветеранів та ветеранок (як із досвідом у рекрутингу, так і з великим бажанням навчатися), проте також відкриті до діалогу з досвідченими рекрутерами, які хочуть працювати з Miltech-напрямком.Що ми пропонуємо:Стабільність та захищеність: Офіційне працевлаштування, «біла» заробітна плата, оплачувані відпустки та лікарняні.Бронювання: Ми забезпечуємо бронювання працівників відповідно до законодавства.Турбота про здоров’я: Медичне страхування (після 3-х місяців роботи).Комфортний офіс: Сучасний простір на правому березі Києва (м. Контрактова площа) з безкоштовними обідами, кавою, фруктами та солодощами.Графік: Пн-Пт, 09:00–18:00, офісний формат.Сенси: Можливість втілювати власні ідеї в компанії, де ваш голос справді чують.Ваша роль у команді:Управління повним циклом рекрутингу: від формування профілю вакансії до виходу кандидата на роботу.Пошук талантів, проведення телефонних та особистих інтерв’ю.Активна взаємодія з керівниками підрозділів для розуміння технічних та особистісних потреб команд;Співпраця з ветеранськими спільнотами.Наші очікування від кандидата:Ветеранів/ветеранок розглядаємо в першу чергу;Високі комунікативні навички: ви вмієте слухати, ставити правильні запитання та знаходити підхід до різних людей.Орієнтація на результат та здатність працювати в умовах багатозадачності.Відповідальність та розуміння важливості дотримання дедлайнів.Хочете наймати таланти, які створюють майбутнє оборони України? Надсилайте своє резюме — познайомимось!
",Д.Ж.Е.Т.,not found
197,Sales Manager (medical services),https://jobs.dou.ua/companies/bookimed/vacancies/346557/?from=first-job,"
💚 Bookimed has been a leader in the field of medical tourism since 2014. Our mission is to make high-quality medical treatment accessible to everyone, regardless of their country of residence.Today, Bookimed is:Over 1,500 clinics in more than 50 countries worldwide;An international team of medical coordinators;More than 500,000 patients have received care through our platform.We are actively growing and are looking for a Medical Sales Manager who combines strong sales skills, mature communication, and genuine empathy for patients.💻 Responsibilities:Achieving monthly sales targets and financial goals.Managing the full patient journey: handling inquiries, identifying needs, selecting the best clinic offer, and supporting patients at every stage of their treatment.Active communication with patients via chat, email, and IP telephony.Working with medical records and the CRM system.Collaborating with the Team Lead and colleagues to achieve maximum results.⭐️ Our perfect match:English B2 or higher.Result-oriented and motivated to sell and earn.Strong communication skills: able to persuade, negotiate, and clearly present the advantages of medical packages.Proactive with a strong desire for financial and professional growth.Willing to communicate with patients outside working hours when necessary.➕ Nice to have (but not required):Experience in sales and achieving KPIs.Medical education or experience in the healthcare field.Other languages.🔥 We offer:Fixed salary from $500 to $750 (depending on experience) + sales commission + $500 bonus for successfully completing the probation period.Remote work (flexible schedule — 8-hour shifts).Onboarding with a Learning Manager and continuous support from the Team Lead and team.Regular sales training and professional development.Work only with “hot” leads.Career growth opportunities within a global team.Compensation for the use of personal equipment and 50% reimbursement for professional education expenses.Social package (paid sick leave, paid vacation, medical insurance).If you are result-driven and passionate about helping people around the world — we look forward to welcoming you to our team!
",Bookimed,not found
198,Data-driven User Acquisition Manager,https://jobs.dou.ua/companies/charstudio/vacancies/356685/?from=first-job,"
We are looking for a data-driven User Acquisition Manager to help scale our match-3 mobile portfolio.About CharstudioWe are a team that creates popular casual and puzzle games for mobile platforms. Our focus is on visually appealing products with high player engagement. If marketing and user acquisition are the fields you want to grow in — not just a starting point for your career — and you have a sense of humor and want to work in a friendly and supportive environment, then read our requirements and join our team!Position:Trainee User Acquisition Manager (Junior)Casual & Match-3 GamesRequirementsBasic understanding of digital marketing metrics (CPI, CPA, ROAS, LTV)Understanding of the user acquisition funnelFamiliarity with the mobile market (App Store / Google Play)Ability to work with data, draw insights, and identify patterns and trends within large datasetsAdvanced Excel / Google Sheets skillsUnderstanding of ad performance metrics (CTR, IPM, CPM)Understanding of the impact of creatives on performanceAbility to generate and test hypothesesInterest in working with video and banner creativesInterest in mobile games and understanding of the casual / match-3 genre, or willingness to learnUpper-intermediate level of English or higherSoft skills:Attention to detailSelf-organizationAbility to learn quicklyResponsibility and ownershipNice to haveExperience in running ad campaigns (including personal projects)Experience in gamedev or mobile appsExperience with A/B testingExperience with analytics tools (AppsFlyer, Firebase, Amplitude)Familiarity with the mobile ecosystem (SKAN/IDFA, attribution windows, ad-tech, and monetization data pipelines)Tableau data visualization skills; Ability to identify patterns and trends within large datasetsResponsibilitiesExecute and optimize global UA campaigns across Meta, Google, AppLovin, Unity, and othersOwn the full marketing funnel: drive ROAS performance against targets; manage and shift budgets based on day-to-day performance of CPIs and LTVsPartner with the creative team to brief, test, and iterate on top-performing UA videos, playables, and CPPsManage MMP workflows (AppsFlyer, Firebase) to ensure accurate tracking and troubleshoot attribution discrepanciesA/B testing: design and run experiments on optimization types, event strategies, audience segments, and storefront designs (ASO); ASO experience for conversion and discoverability optimization is a plusDeliver weekly performance reports and actionable growth insights to business owners and top-level managementAssist in automating workflows using AI to improve the efficiency of daily work routinesWe offerA cozy and friendly working atmosphereA hybrid working schedule (2 days from a coworking space, 3 days from home — to be discussed)Interesting projects that provide opportunities for professional growth and self-improvementA non-bureaucratic cultureOpen communication and direct access to managementAnnual paid vacation (20 days) and paid sick leave (10 days)Partially or fully covered professional training and courses (when needed/annually)Medical and sports services compensationFree English classes (annually/to be discussed)Opportunity to participate in an IT football leagueFree coffee, cookies, and fresh fruits in the coworkingRegular corporate activities (corporate parties, team-building events, etc.)Tax compensation and accounting 
",CharStudio,"Git,English"
199,QA Trainee (AdTech),https://jobs.dou.ua/companies/adtelligent/vacancies/356676/?from=first-job,"
Ми зацікавлені у людях, які хочуть розвиватися і брати участь у створенні та покращенні складних технологічних продуктів.Наші системи можуть включати:рекламні аукціониRTB запитиAPI інтеграціїhigh-load сервісиМи шукаємо людей, які:люблять розбиратися у складних системахможуть послідовно аналізувати проблемуне зупиняються на першій складностінамагаються самостійно знайти причину проблемиздатні працювати з великою кількістю технічної інформаціїставлять правильні уточнюючі питанняможуть пояснити як вони прийшли до рішеннямають технічну цікавість до того, як працюють системиБажано:Базове розуміння роботи веб (HTTP, REST API, статус-коди, DevTools)Досвід використання Postman або будь-якого іншого rest API клієнтом (надсилати запити)Англійська на рівні читання технічної документаціїНавички чітко виконувати надані інструкції коли вони вже прописаніНам НЕ підійдуть кандидати, які:чекають детальної інструкції для кожної задачі / протилежна сторона — бояться ставити питання навіть коли нічого не зрозумівочікують, що кожна задача буде описана покроковоне можуть почати роботу без повного технічного описугубляться, коли задача сформульована загальноне люблять технічні деталіне хочуть працювати з мережевими запитамине використовують DevTools / Networkуникають перевірки APне готові самостійно досліджувати і вивчати продуктиНе намагаються зрозуміти як працює система (процессінгова логіка перебігу подій)перевіряють лише UIне цікавляться бекенд логікою / не аналізують що відбувається «під капотом»Не готові працювати зі складними продуктамиПід складними продуктами я розумію співзалежність та переплетиність систем, в яких одна зміна може каскадно впливати на багато компонентів
",Adtelligent,not found
200,"TAP Manager (Team, Account, Project)",https://jobs.dou.ua/companies/codebridge-technology/vacancies/356571/?from=first-job,"
TAP stands for Team, Account, and Project. A TAP Manager at Codebridge is a hybrid lead who keeps three plates spinning at once: guiding a design team, owning the client relationship, and steering delivery so projects land on time and with real product value.This role is ideal for a UI/UX designer ready to grow into leadership. You should have a confident grasp of modern product design practices — speak the language of Figma, evaluate usability and consistency, and translate business goals into clear, testable design work.What you’ll doReview design output for quality and coherence Turn fuzzy business needs into crisp design briefs Keep clients in the loop and help the team ship usable, on-brand, on-time resultsResponsibilities:What we expect from the candidate in interaction with customers:Communicate with clients in fluent English (preferably without accent), in writing and on calls.Present effectively: run calls, ask the right questions, listen, and present the company and team.Clarify project details: scope, requirements, expectations, deadlines, budget, etc.Do follow-ups after meetings; keep the client informed about status and next steps.Work on customer satisfaction: collect regular feedback and improve quality and client “happiness.”Handle possible negative feedback and rare conflict situations.Do account management: see the big picture of the client, understand their strategic goals, and regularly explore how Codebridge can still be helpful.Use AI to speed up client comms (drafting structured follow-ups, summarizing calls, preparing option lists and risk notes).As part of interaction with UI/UX design teams:Set clear tasks for the UI/UX team or for each designer individually.Review and refine project requirements together with the UI/UX designer.Work on test assignments together with designers: co-plan the approach, review iterations, and approve the final submission (no “fire-and-forget”).Hold daily check-ins with designers (short stand-ups to sync priorities, blockers, next steps).Run regular 1-to-1s (weekly or biweekly) for feedback, growth, and early issue detection.Track workload and utilization; balance assignments to avoid idle time and overload.Maintain designer reporting (utilization, progress, risks, next milestones) and keep data up to date.Control performance: quality of deliverables sent to the client, meeting deadlines, and staying within budget.Monitor and maintain team spirit; keep the team aligned and working well together.As part of project management:Simple plan & checkpoints. Create a short plan in the tracker: milestones, demo dates, acceptance dates, and who is responsible for what.Budget control. Track estimate vs. burn-rate; flag variances early and offer options.Tracker hygiene. Keep tasks owned, estimated, dated, and updated daily (no stale items).Monitor project health continuously. Watch scope, timeline, quality, risks every day.Plan team workload. Balance assignments, know when projects end, prevent idle/overload.After completion, publish case artifacts. Ensure credentials and case design are created; update Upwork and Behance profiles.Requirements:Fluent English for calls and written communicationUI/UX literacy: you can review Figma files (auto-layout, components/variants, basic design systems), judge usability/consistency, and turn business goals into clear design tasks.Client comms: run structured calls, ask good questions, write concise follow-ups, keep stakeholders in the loop.Planning & tracking: keep a simple plan with milestones/checkpoints; maintain tracker hygiene (owners, estimates, dates, statuses updated daily).Budget basics: understand estimate vs. burn-rate and flag variances early.Team routines: daily check-ins, regular 1-to-1s, basic reporting on utilization/progress/risks.Mindset: Responsibility, Independence, Diligence, Ownership, Critical thinking.Time overlap: work within agreed core hours and reply within a reasonable response SLA during those hours.Nice to have:Hands-on background in UI/UX design or design-ops.Experience with US/EU clients and multiple parallel projects.Practice with SOW / Change Requests / Acceptance criteria.Experience preparing case artifacts (Upwork/Behance/Dribbble) after delivery.We Offer:Leadership track: a chance to expand your management experience and take ownership of team, client, and project outcomes.Product impact: you influence outcomes, not just pixels: from business goals to shipped product.Direct client work: regular communication with US/EU clients, transparent interaction without middle layers.Design-driven culture: we value strong design judgment; decisions are made through logic and product impact.Generous Time Off: 20 paid vacation days and 15 sick leave days annually, ensuring you have the time to rechargeProfessional Development: We support your growth by compensating for courses, certifications, and other educational opportunitiesFlexible Work Options: Work remotely from the comfort of your home or join us in our modern Kyiv officeRecruitment Process:Initial Screening (Application Form)English Test & Technical AssignmentFinal InterviewJob Offer
","Codebridge Technology, Inc.",not found
201,Trainee Manual QA Engineer,https://jobs.dou.ua/companies/lemberg-solutions/vacancies/352235/?from=first-job,"
Lemberg Solutions is, above all, a group of passionate professionals led by a core team that have been meticulously selected over the last 15 years. We are based in Lviv, Rivne, and Lutsk, and opened GmbH in Hamburg, Germany.At LS, people come first. We know that our success is based on our people’s achievements. Each and every one of our 200 team members is highly valued for their hard work, and we’re always excited to welcome new specialists ready to embrace challenges with us. Please note that this is an office-based position, and we do not provide military deferment for this specific role. Necessary skills and qualifications:Completed QA courses or minimal commercial experience in manual testingSolid understanding of software testing theory (STLC, Bug Life Cycle, Test Design techniques)Ability to create testing documentation from scratch (Test Cases, Checklists, Bug Reports)Basic knowledge of web technologies (HTML/CSS) and client-server architectureUnderstanding of computer networking principles (HTTP, REST API)Familiarity with popular QA tools for defect and test case management (e.g., Jira, TestRail, Zephyr)Strong analytical mindset, attention to detail, and a proactive approach to learningEnglish spoken level: Strong Intermediate Will be a plus:Degree in Computer Science, Telecommunications, or a related engineering fieldGeneral interest in IoT systems and smart devicesResponsibilitiesAnalyze project requirements to design effective test scenariosWrite, maintain, and execute manual test cases for diverse web and mobile applicationsPerform functional, UI/UX, and regression testing under mentor guidanceReport defects clearly and verify bug fixesParticipate in team meetings and communicate testing progressLearn project-specific processes, including mobile and IoT application testing workflowsWhat we offer:Time Off 21 days paid annual leave Unlimited sick leaves with a medical statement 30 working days off for personal reasons without compensation 5 days additional paid time off following your wedding or your child’s birthPaid public holidaysWorkplace BenefitsFree English classes in groupsFlexible work scheduleFully equipped workstationComfortable officeAccess to a video library of soft skill workshopsFinancial BenefitsRelocation support programFinancial support from LS in case of emergency (reviewed individually)Overtime payIn-house accounting serviceFunLviv IT Cluster gifts & discounts Team building & industry events
",Lemberg Solutions,"Machine Learning,English,Degree"
202,Technical Support Specialist (Junior),https://jobs.dou.ua/companies/diya-pro/vacancies/356507/?from=first-job,"
Diya is experiencing sustainable growth and we are currently looking for new team members to join our technician team. This job opening has arisen due to the rapid promotions of our existing specialists.If you are enthusiastic about technical things and possess theoretical and hands-on skills, even if you do not have any prior work experience, we encourage you to send us your resume. We require that you have a strong desire to work in this field, and communication and written English skills at least at the B1 level.We are a successful Ukrainian IT company providing full-service IT solutions for small and medium businesses across the world. Our company has a strong professional background in providing remote technical support services to companies across different industries helping them deliver excellent customer experience.The position is for our first level of support working directly with end-users to resolve technology issues remotely for our nationwide client base. An engineer will be exposed to multiple desktops, network, and server technologies in our diverse customer infrastructure environments. The L1 position responds to, resolves, and escalates incoming technical client issues and requests submitted by phone, e-mail, chat, or ticketing system, focusing on superior customer service. Responsibilities for Technical Support include but are not limited to the following:Provide expert remote desktop support and basic server administration with a focus on:Client satisfaction.Service delivery quality.Technical excellence.Qualifications:Experience with Windows operating systems and office applications.Excellent troubleshooting skills.Excellent communication and people skills.Ability to learn new technologies quickly.Ability to multitask.Readiness to different time shifts (our operations are 24/7).Detail-oriented, self-motivated, punctual, quick-thinking, creative and proactive.Experience with the Microsoft 365 platform would be a big advantage.Comfortable work environment, remote work.What we offer:Paid vacation and sick leave.Healthcare insurance and gym.Training and useful experience.Work in a young and friendly team.Career opportunities and professional growth.
",Diya,not found
203,Зв’язківець,https://jobs.dou.ua/companies/427-i-okremii-polk-bezpilotnih-sistem-rarog/vacancies/314112/?from=first-job,"
427-а бригада безпілотних систем РАРОГ починає відбір на посаду зв’язківця.Для цивільних — мобілізація одразу в нашу бригаду, військовим пропонуємо перевід з інших військових частин, розглянемо кандидатів в статусі СЗЧ.Обов’язки:облік та обслуговування засобів військового зв’язкузабезпечення ефективної роботи технічних засобів зв’язку та внутрішньої комунікації відповідно до нормативних вимогмоніторинг якості зв’язку, з’ясування причин несправностей приладів і ліній зв’язку та усунення їхдотримання технічних норм і правил безпеки при експлуатації довіреного обладнанняВимоги:профільна освіта або спеціальна підготовкабазове розуміння видів і способів організації військового зв’язкувідсутність гострих хронічних проблем зі здоров’ямзнати характеристики обладнання та вміння правильно його використовуватинавички програмувати радіостанціїбажано розуміти принципи роботи мережевого обладнання та мережевих протоколівбажано розуміння основ електромеханіки, електротехніки та інтернет технологійУмови роботи:мобілізація до кінця воєнного стану або служба за контрактомможливість займатися улюбленою справою в рядах Збройних Силможливість підвищувати кваліфікацію за своїм профілем у навчальних центрах ЗСУ, а також у виробників обладнання та засобівгарантована щорічна основна відпусткагрошове забезпечення від 20 000 до 120 000 гривень залежно від поставленого завдання та місця службиhttps://rarog.in.ua/http://www.youtube.com/@RarogDrones427https://forms.gle/XLsbJCasPKWigF917
",427-а окрема бригада безпілотних систем Рарог,Degree
204,Тестувальник БпЛА,https://jobs.dou.ua/companies/427-i-okremii-polk-bezpilotnih-sistem-rarog/vacancies/314057/?from=first-job,"
427-а окрема бригада безпілотних систем «РАРОГ» займає гідне місце серед всіх «літаючих» підрозділів Збройних Сил України за кількістю знищеної ворожої техніки та живої сили противника. Бригада розвивається та створює нові команди. Ми використовуємо дрони наступних типів: бомбери, FPV, крила, мавіки, НРК (наземні роботизовані комплекси). Ці безпілотні системи виконують завдання з розвідки, дистанційного мінування, враження ворога, а також доставки провізії та боєприпасів на позиції. Підрозділ всього навчить! Головне — Ваше бажання!Обов’язкитестування БпЛА мультироторного типу шляхом обльотутестування БпЛА мультироторного типу за допомогою вимірювальних приладіввиявлення та документація бракуВимогипрактика на симуляторі FPV мінімум 20 годиндосвід пілотування БпЛА буде перевагоюдосвід налаштування БпЛА буде перевагоюУмовимобілізація до кінця воєнного стану або служба за контрактомможливість переведення чинних військовослужбовців за згодою безпосереднього командирагрошове забезпечення згідно з нормами чинного законодавствапроходження кваліфікованого навчанняhttps://rarog.in.ua/http://www.youtube.com/@RarogDrones427https://forms.gle/XLsbJCasPKWigF917
",427-а окрема бригада безпілотних систем Рарог,not found
205,Бухгалтер,https://jobs.dou.ua/companies/427-i-okremii-polk-bezpilotnih-sistem-rarog/vacancies/314062/?from=first-job,"
427-а окрема бригада безпілотних систем «РАРОГ» займає гідне місце серед всіх «літаючих» підрозділів Збройних Сил України за кількістю знищеної ворожої техніки та живої сили противника. Ми розвиваємось і створюємо нові команди. Наразі підрозділ шукає фахівця, який забезпечить чіткий облік фінансових ресурсів, грошового забезпечення та матеріальних цінностей у військовій частині.Обов’язкиведення бухгалтерського обліку у військовій частині відповідно до чинного законодавстваконтроль за рухом фінансових ресурсів, нарахуванням грошового забезпечення та інших виплатоблік матеріальних цінностей і військового майнапідготовка фінансової та податкової звітностівзаємодія з державними органами та аудиторськими службамиПеревагидосвід роботи бухгалтером (бажано у військовій сфері або державних установах)вища освіта у сфері бухгалтерського обліку, фінансів або економікидосвід роботи з бухгалтерськими програмами (наприклад, M.E.Doc, 1С, АС «Казна» тощо)відповідальність, уважність до деталей, здатність працювати в умовах підвищеної відповідальностіздатність працювати в командібажання навчатися та розвиватисяУмовимобілізація до кінця воєнного стану або служба за контрактомможливість використовувати свої професійні навички в рядах Збройних Сил Українигарантована щорічна основна відпусткагрошове забезпечення від 20 000 до 50 000 гривень залежно від поставлених завдань та місця службистабільна заробітна плата та соціальні гарантіїможливість професійного зростання у важливій сфері, що забезпечує обороноздатність країниhttps://rarog.in.ua/http://www.youtube.com/@RarogDrones427https://forms.gle/XLsbJCasPKWigF917
",427-а окрема бригада безпілотних систем Рарог,Degree
206,Споряджаючий БК на БпЛА,https://jobs.dou.ua/companies/427-i-okremii-polk-bezpilotnih-sistem-rarog/vacancies/314096/?from=first-job,"
Опис вакансіїОгляд427-а окрема бригада безпілотних систем «РАРОГ» — бойовий високотехнологічний підрозділ, основною метою якого є швидкий розвиток та збереження життя і здоров’я особового складу. Споряджаючий — це одна з кінцевих ланок, де бійці своїми руками налаштовують БпЛА, споряджають до нього БК та здійснюють усі передпольотні перевірки. Це унікальна можливість власноручно залишити «послання» і доставити його противнику експрес-доставкою.Обов’язкибойовий виїзд та кінцеве спорядження БпЛА бойовою частиноюобслуговування та зберігання боєприпасів для БпЛА відповідно до правилпостійне навчання й удосконалення в саперній справі щодо боєприпасів для БпЛАосвоєння нової зброї та технікиПеревагидосвід роботи з вибухівкою або участь у налаштуванні боєприпасів для БпЛАосвіта або курси підготовки за напрямом мінно-вибухова справа буде перевагоювміння й бажання швидко вчитисяакуратність і педантичністьвміння чітко і лаконічно проводити радіообмінздатність працювати в командібажання навчатися та розвиватисяУмовимобілізація до кінця воєнного стану або служба за контрактомгрошове забезпечення від 20 000 до 120 000 гривень залежно від поставлених завдань та місця службизабезпечення засобами індивідуального захисту та військовим майномгарантована щорічна основна відпусткаможливість займатися улюбленою справою в рядах Збройних Сил Українивисококваліфіковане навчання професійними бойовими екіпажамиможливість підвищення кваліфікації через підготовку в навчальних центрах або у виробниківможливість бути частиною екологічного колективуhttps://rarog.in.ua/http://www.youtube.com/@RarogDrones427https://forms.gle/XLsbJCasPKWigF917
",427-а окрема бригада безпілотних систем Рарог,Degree
207,"Пілот, оператор розрахунку ППО",https://jobs.dou.ua/companies/427-i-okremii-polk-bezpilotnih-sistem-rarog/vacancies/314099/?from=first-job,"
427-а окрема бригада безпілотних систем «РАРОГ» займає гідне місце серед всіх «літаючих» підрозділів Збройних Сил України за кількістю знищеної ворожої техніки та живої сили противника. Бригада розвивається та створює нові команди. Ми використовуємо дрони наступних типів: бомбери, FPV, крила, мавіки, НРК (наземні роботизовані комплекси). Ці безпілотні системи виконують завдання з розвідки, дистанційного мінування, враження ворога, а також доставки провізії та боєприпасів на позиції. Підрозділ всього навчить! Головне — Ваше бажання!Обов’язкиперехоплення ворожих повітряних цілей (БпЛА типу «крило», FPV, Mavic)планування та виконання польотних завдань відповідно до місіїрозробка польотних маршрутів з урахуванням рельєфу та ворожих прольотіваналіз і передача зібраних даних операційним підрозділамкомунікація з оперативним черговим РЛС (власним та суміжних підрозділів)дотримання правил безпеки експлуатації безпілотних засобівПеревагипідтримка справного технічного стану БпЛАдотримання правил безпеки та секретності під час виконання завданьвміння працювати з картографічним програмним забезпеченням та системами навігаціївідповідальність, уважність до деталейдосвід роботи з БпЛА (за його відсутності — навчання у виробника або навчальному центрі)здатність працювати в командібажання навчатися та розвиватисяУмовимобілізація до кінця воєнного стану або служба за контрактомробота з сучасними технологіями БпЛАможливість займатися улюбленою справою в рядах Збройних Сил Українигарантована щорічна основна відпусткаможливість підвищення кваліфікації через підготовку в навчальних центрах або у виробниківгрошове забезпечення від 20 000 до 120 000 гривень залежно від поставлених завдань та місця службислужба у згуртованому та професійному колективіhttps://rarog.in.ua/http://www.youtube.com/@RarogDrones427https://forms.gle/XLsbJCasPKWigF917
",427-а окрема бригада безпілотних систем Рарог,not found
208,Пілот FPV-дрона,https://jobs.dou.ua/companies/427-i-okremii-polk-bezpilotnih-sistem-rarog/vacancies/314105/?from=first-job,"
427-а окрема бригада безпілотних систем «РАРОГ» займає гідне місце серед всіх «літаючих» підрозділів Збройних Сил України за кількістю знищеної ворожої техніки та живої сили противника. Бригада розвивається та створює нові команди. Посада передбачає використання FPV-дронів у бойових умовах, зокрема FPV-камікадзе, бомберів, дронів на оптоволокні, класичних квадрокоптерів та масивних гексо-FPV. Успішне виконання завдань вимагає гарної мікромоторики рук і швидкої реакції.Обов’язкипілотування FPV-дронівдотримання правил безпеки експлуатації безпілотних засобіврозуміння мети завдання та відповідне коригування стратегії використання дронаволодіння інформацією про наявні засоби, канали, боєкомплект, батареї та їхнє комбінування відповідно до завданняпланування та виконання польотних завдань відповідно до місіїрозробка маршрутів з урахуванням рельєфу, погодних умов та загроз ППО/РЕБкомунікація з оперативним черговим офіцером, надання доповідей щодо тактичної ситуаціїпідтримка справного технічного стану БпЛАдотримання правил безпеки та секретності під час виконання завданьВимогивміння працювати з картографічним програмним забезпеченням та системами навігаціївідповідальність, уважність до деталейдосвід роботи з БпЛА буде перевагою (за його відсутності можлива підготовка у виробника або в навчальному центрі)знання принципів аеродинаміки та навігації буде перевагоюУмовимобілізація до кінця воєнного стану або служба за контрактомгрошове забезпечення від 20 000 до 120 000 гривень залежно від поставленого завдання та місця службиробота із сучасними технологіями розвідкиможливість підвищення кваліфікації через навчання у виробників або в спеціалізованих центрахгарантована щорічна основна відпусткаслужба у мотивованому колективіможливість проходження підготовки для кандидатів без досвідуhttps://rarog.in.ua/http://www.youtube.com/@RarogDrones427https://forms.gle/XLsbJCasPKWigF917
",427-а окрема бригада безпілотних систем Рарог,not found
209,Аналітик-дешифрувальник,https://jobs.dou.ua/companies/427-i-okremii-polk-bezpilotnih-sistem-rarog/vacancies/314076/?from=first-job,"
427-а окрема бригада безпілотних систем РАРОГ починає відбір на посаду аналітика.Для цивільних — мобілізація одразу в наш полк, військовим пропонуємо перевід з інших військових частин, розглянемо кандидатів у статусі СЗЧ.Вимоги:аналітичне мисленнякреативність і нестандартний підхідкомунікабельність і вміння передавати складну інформацію простою мовоюспівпраця з представниками різних відділівпрагнення до саморозвитку і освоєння нових технологійзнання статистики та візуалізації даних буде перевагоюзнання OSINT інструментів буде перевагоюОбов’язки:збір та підготовка даних з різних джерелнаповнення бази вхідною інформацієюпобудова звітів та прогнозіввиявлення тенденцій та закономірностейформулювання висновків і рекомендаційробота з системами ситуативної обізнаності.Умови роботи:мобілізація до кінця воєнного стану або служба за контрактомможливість займатися улюбленою справою в рядах Збройних Силможливість підвищувати кваліфікацію за своїм профілем у навчальних центрах ЗСУ, а також у виробників обладнання та засобівгарантована щорічна основна відпусткагрошове забезпечення від 20 000 до 50 000 гривень залежно від поставленого завдання та місця службиhttps://rarog.in.ua/http://www.youtube.com/@RarogDrones427https://forms.gle/XLsbJCasPKWigF917
",427-а окрема бригада безпілотних систем Рарог,not found
210,"Споттер, вибухотехнік БпЛА",https://jobs.dou.ua/companies/427-i-okremii-polk-bezpilotnih-sistem-rarog/vacancies/314074/?from=first-job,"
427-а окрема бригада безпілотних систем «Рарог» — бойовий високотехнологічний підрозділ, основною метою якого є швидкий розвиток та збереження життя і здоров’я особового складу. Споттер/вибухотехнік БПЛА — це одна з надважливих ланок, де основним завданням буде підготовка та вдосконалення боєприпасів для усього парку БпЛА в бригаді. Це унікальна можливість власноручно залишити «послання» для противника.Обов’язкибойовий виїзд та виконання інженерних робітобслуговування та зберігання вибухових пристроївпостійне навчання й удосконалення в саперній справіосвоєння нових типів вибухових пристроїввиконання інструкцій та вимог щодо безпеки роботи з вибухівкоюспорядження боєприпасу, його налаштування та перевірка безпосередньо перед підняттям дрона в повітряВимогидосвід роботи з різними типами вибухівкиосвіта або курси підготовки за напрямом мінно-вибухова справа буде перевагоювідсутність судимостей, алкогольної чи наркотичної залежностівміння й бажання швидко вчитисяакуратність, педантичність та стресостійкістьУмовимобілізація до кінця воєнного стану або служба за контрактомможливість переведення чинних військовослужбовцівгрошове забезпечення до 120 000 гривень залежно від місця службизабезпечення засобами індивідуального захисту та військовим майномгарантована щорічна основна відпусткависококваліфіковане навчання професійними бойовими екіпажамиможливість підвищення кваліфікації через підготовку в навчальних центрахможливість займатися улюбленою справою в рядах Збройних Сил Україниhttps://rarog.in.ua/http://www.youtube.com/@RarogDrones427https://forms.gle/XLsbJCasPKWigF917
",427-а окрема бригада безпілотних систем Рарог,Degree
211,"Помічник пілота БпЛА, розвідник",https://jobs.dou.ua/companies/427-i-okremii-polk-bezpilotnih-sistem-rarog/vacancies/314070/?from=first-job,"
427-а окрема бригада безпілотних систем «РАРОГ» займає гідне місце серед всіх «літаючих» підрозділів Збройних Сил України за кількістю знищеної ворожої техніки та живої сили противника. Бригада розвивається та створює нові команди. Ми використовуємо дрони наступних типів: бомбери, FPV, крила, мавіки, НРК (наземні роботизовані комплекси). Ці безпілотні системи виконують завдання з розвідки, дистанційного мінування, враження ворога, а також доставки провізії та боєприпасів на позиції. Підрозділ всього навчить! Головне — Ваше бажання!Обов’язкикерування безпілотними літальними апаратами для проведення аеророзвідки та збору інформаціїпланування та виконання польотних завдань відповідно до місіївизначення оптимальних маршрутів польоту з урахуванням рельєфу, погодних умов та загроз ППОаналіз та передача зібраних даних операційним підрозділамкомунікація з оперативним черговим офіцером, надання доповідей щодо тактичної ситуаціїдотримання правил безпеки експлуатації безпілотних засобівпідтримка справного технічного стану БПЛАВимогивміння працювати з картографічним програмним забезпеченням та системами навігаціївідповідальність, уважність до деталейдотримання правил безпеки та секретності під час виконання завданьдосвід роботи з БПЛА буде перевагою (за його відсутності підрозділ забезпечить підготовку в навчальних центрах або у виробників засобів)знання принципів аеродинаміки та навігації буде перевагоюУмовимобілізація до кінця воєнного стану або служба за контрактомможливість займатися улюбленою справою в лавах Збройних Сил Українигарантована щорічна основна відпусткагрошове забезпечення від 20 000 до 120 000 гривень залежно від місця службиробота з сучасними технологіями розвідкиможливість підвищення кваліфікації через підготовку в навчальних центрах або у виробниківслужба в екологічному, професійному колективіможливість переведення чинних військовослужбовцівhttps://rarog.in.ua/http://www.youtube.com/@RarogDrones427https://forms.gle/XLsbJCasPKWigF917
",427-а окрема бригада безпілотних систем Рарог,not found
212,Бухгалтер з обліку матеріальних цінностей,https://jobs.dou.ua/companies/427-i-okremii-polk-bezpilotnih-sistem-rarog/vacancies/314059/?from=first-job,"
427-а окрема бригада безпілотних систем «РАРОГ» займає гідне місце серед всіх «літаючих» підрозділів Збройних Сил України за кількістю знищеної ворожої техніки та живої сили противника. Бригада розвивається та створює нові команди. Ми використовуємо дрони наступних типів: бомбери, FPV, крила, мавіки, НРК (наземні роботизовані комплекси). Ці безпілотні системи виконують завдання з розвідки, дистанційного мінування, враження ворога, а також доставки провізії та боєприпасів на позиції. Підрозділ всього навчить! Головне — Ваше бажання!Обов’язкиведення обліку матеріальних цінностейпроведення інвентаризаціїскладання звітів про рух матеріальних цінностейВимогирелевантний досвід роботи від 3 роківпрофільна вища освітазнання податкового та бухгалтерського законодавствавміння працювати з програмними продуктамиУмовимобілізація до кінця воєнного стану або служба за контрактомможливість займатися улюбленою справою в лавах Збройних Сил Українигарантована щорічна основна відпусткагрошове забезпечення від 20 000 до 50 000 гривень залежно від місця службиможливість підвищення кваліфікації через підготовку в навчальних центрах або у виробниківслужба в згуртованому колективі з екологічним відношеннямможливість переведення чинних військовослужбовцівhttps://rarog.in.ua/http://www.youtube.com/@RarogDrones427https://forms.gle/XLsbJCasPKWigF917
",427-а окрема бригада безпілотних систем Рарог,Degree
213,Оператор РЕБ/РЕР,https://jobs.dou.ua/companies/427-i-okremii-polk-bezpilotnih-sistem-rarog/vacancies/314111/?from=first-job,"
427-а окрема бригада безпілотних систем «РАРОГ» займає гідне місце серед всіх «літаючих» підрозділів Збройних Сил України за кількістю знищеної ворожої техніки та живої сили противника. Бригада розвивається та створює нові команди. Ми використовуємо дрони наступних типів: бомбери, FPV, крила, мавіки, НРК (наземні роботизовані комплекси). Ці безпілотні системи виконують завдання з розвідки, дистанційного мінування, враження ворога, а також доставки провізії та боєприпасів на позиції. Підрозділ всього навчить! Головне — Ваше бажання!Обов’язкимоніторинг та аналіз радіочастотного спектравиявлення та блокування ворожих радіоелектронних сигналівналаштування та обслуговування спеціального обладнання РЕБ/РЕРвзаємодія з іншими підрозділами для забезпечення інформаційної перевагиоцінка та аналіз ефективності застосування засобів РЕБПеревагитехнічна освіта (бажано в галузі електроніки, радіотехніки або ІТ)розуміння принципів роботи радіоелектронних системаналітичне мислення та уважність до деталейздатність швидко приймати рішення у стресових ситуаціяхдосвід військової служби спеціалістом РЕР або РЕБпроходження базового курсу підготовки за напрямом РЕР/РЕБздатність працювати в командібажання навчатися та розвиватисяУмовимобілізація до кінця воєнного стану або служба за контрактомгрошове забезпечення від 20 000 до 120 000 гривень залежно від поставлених завдань та місця службисоціальні гарантії та пільги відповідно до законодавства Українигарантована щорічна основна відпустка 30 днів + додаткова відпустка 10 днів за сімейними обставинамиhttps://rarog.in.ua/http://www.youtube.com/@RarogDrones427https://forms.gle/XLsbJCasPKWigF917
",427-а окрема бригада безпілотних систем Рарог,Degree
214,Інструктор з вогневої та тактичної підготовки,https://jobs.dou.ua/companies/427-i-okremii-polk-bezpilotnih-sistem-rarog/vacancies/314035/?from=first-job,"
427-а окрема бригада безпілотних систем «РАРОГ» займає гідне місце серед всіх «літаючих» підрозділів Збройних Сил України за кількістю знищеної ворожої техніки та живої сили противника. Бригада розвивається та створює нові команди. Ми використовуємо дрони наступних типів: бомбери, FPV, крила, мавіки, НРК (наземні роботизовані комплекси). Ці безпілотні системи виконують завдання з розвідки, дистанційного мінування, враження ворога, а також доставки провізії та боєприпасів на позиції. Підрозділ всього навчить! Головне — Ваше бажання!Обов’язкикоординація та проведення занять з базової загальновійськової підготовки відповідно до навчальних програм та стандартівкоординація та контроль процесу навчання військовослужбовцівпроведення польових практичних занять з тактики, стрільби, фізичної підготовки та інших військових дисципліннавчання бійців прийомів та правил ведення боюпроведення оцінки знань, вмінь та навичок військовослужбовців, розробка та впровадження заходів для підвищення їхнього професійного рівняВимогинаявність сертифіката інструктора, бойовий досвід або досвід викладання бойових дисциплінбазові знання з педагогіки/психології навчаннянавички володіння ПК (Excel, Word)придатність до військової служби за станом здоров’я та морально-психологічними якостямивисокий рівень мотивації та стресостійкістьготовність постійно вчитися й розвиватисяуміння працювати в команді, відповідальність та дисциплінованістьУмовимобілізація до кінця воєнного стану або служба за контрактомможливість переведення чинних військовослужбовців за згодою безпосереднього командирагідне грошове забезпечення від 20 000 до 50000 гривень залежно від поставленого завдання та місця службизабезпечення формою та засобами індивідуального захисту, повноцінне харчуваннягарантована щорічна основна відпустка та додаткова відпустка 10 днів за сімейними обставинами за потребисоціальні гарантіїповноцінна бойова підготовкаhttps://rarog.in.ua/http://www.youtube.com/@RarogDrones427https://forms.gle/XLsbJCasPKWigF917
",427-а окрема бригада безпілотних систем Рарог,not found
215,VIP Customer Support Representative,https://jobs.dou.ua/companies/growe-talents/vacancies/342951/?from=first-job,"
Наш клієнт, Growe, провідна консалтингова компанія та група сервісів у сфері iGaming і розваг. Вони створюють стратегії, що працюють, та рішення, які масштабуються. Поєднуючи стратегічне бачення з практичним досвідом, Growe допомагає бізнесам орієнтуватися в динамічній індустрії, відкривати нові можливості, виходити на нові ринки та досягати сталого зростання.Ідеально для тих, хто прагне:Відповідати на запити клієнтів через онлайн-чат або електронну пошту щодо проблем з акаунтом, платежами, іграми, бонусами чи навігацією на платформі;Пояснювати питання, пов’язані з коефіцієнтами ставок, порядком розрахунку ставок та визначенням виграшів;Допомагати у вирішенні проблем із депозитами, виведенням коштів та іншими платежами;Забезпечувати дотримання клієнтами регуляторних вимог, таких як перевірка віку, ліміти відповідальної гри та місцеве законодавство щодо азартних ігор;Допомагати клієнтам встановлювати ліміти на депозити, ставки чи збитки та надавати ресурси для відповідальної гри.Досвід, який стане твоєю перевагою:1+ рік досвіду в сфері підтримки клієнтів (бажано у галузі iGaming та/або VIP-підтримки);Володіння англійською мовою на рівні Intermediate або вище;Добре знання принципів та стандартних практик клієнтського сервісу;Знання принципів і методів продажів;Уміння зберігати конфіденційність клієнтів.Ми цінуємо:Відмінні навички усної та письмової комунікації;Уважність до деталей;Уміння розв’язувати проблеми.Наші клієнти пропонують конкурентні переваги для підтримки вашого професійного та особистого зростання, зокрема:Орієнтація на здоров’я та добробут;Глобальне медичне страхування;Можливості для зростання;Програми бенефітів (компенсація спорту / стоматології / психолога тощо);Бонуси за досягнення результатів;Динамічне робоче середовище.Долучайся — і нехай твоя історія зростання розпочнеться.English version:Our client, Growe, is a leading business advisory and services group in iGaming and Entertainment. Сreators of strategies that work and solutions that scale. Combining strategic vision with hands-on expertise, Growe helps businesses navigate the fast-evolving industry, seize new opportunities, enter new markets, and achieve sustainable growth.Perfect for those who aim to:Respond to customer queries via live chat, or email regarding account issues, payments, games, bonuses, or platform navigation;Clarify questions related to betting odds, how bets are settled, and how winnings are calculated;Assist with issues related to deposits, withdrawals, and other payments;Ensure that customers comply with regulatory requirements, such as age verification, responsible gambling limits, and local gambling laws;Assist customers in setting limits for deposits, bets, or losses and provide resources for responsible gambling.Experience you’ll need to bring:1+ years of experience in customer support (preferably in the field of iGaming and/or VIP customer support);English proficiency at an Intermediate level or higher;Proficient knowledge of customer service, and standard practices and procedures;Knowledge of sales principles and methods;Able to maintain customer confidentiality.It’s a perfect match if you have those personal features:Excellent verbal and written communication skills;Attention to detail;Problem-solving skills.We are seeking those who align with our core values:GROWE TOGETHER: Our team is our main asset. We work together and support each other to achieve our common goals;DRIVE RESULT OVER PROCESS: We set ambitious, clear, measurable goals in line with our strategy and driving Growe to success;BE READY FOR CHANGE: We see challenges as opportunities to grow and evolve. We adapt today to win tomorrow.What we offer:Medical insurance and financial aid;Benefit Cafeteria (compensation for the gym/stomatology/psychological service & etc.);100 % paid sick leaves;Paid vacation;Annual salary review (based on performance);OKR-based bonus system;Individual annual training budget which allows to visit paid conferences, training sessions, English lessons, workshops, etc.;Growe University (Leadership Programs, Knowledge sharing, Webinars, etc.);Personal development plan;Corporate events and team-building activities;Growe Care (Well-being Program);Free lunches at the office.
",Growe Talents,English
216,Performance Marketing Specialist with Analytical & Consulting background (FORMA),https://jobs.dou.ua/companies/universe/vacancies/352626/?from=first-job,"
Привіт!Ти працюєш в аудиті, консалтингу або аналітиці і все частіше ловиш себе на думці: «я аналізую бізнеси інших, але не впливаю на результат» і «я хочу бачити реальний impact від своєї роботи». У нас є РІШЕННЯ — в наш бізнес FORMA ми шукаємо людину, яка: думає через цифри, вміє бачити причинно-наслідкові звʼязки і хоче бути оунером рушійної частини, яка впливає на бізнес.🔥 Чому це роль саме для тебе?У нас маркетинг — це не про креатив.Це про:📊 аналітику і дані📈 вплив на revenue⚡ тестування гіпотез🤖 роботу з AI та автоматизацієюFORMA — мультипродуктова компанія, що створює SaaS рішення для роботи з документами. Наш флагман PDF.Guru. Нашими продуктами користуються в 150+ країнах. У 2025 році через наші продукти обробили понад 35 млн файлів завдяки використанню наших 50+ інструментів по роботі з документами.🚀 Що ти будеш робитиВести end-to-end управління каналами залучення користувачів, оптимізуючи їх ефективність і масштабуванняАналізувати performance та ідентифікувати ключові драйвери росту і зони неефективностіПрацювати з великими обсягами даних, трансформуючи їх у практичні інсайти для прийняття рішеньФормувати та розвивати розуміння unit-економіки, впливаючи на ключові бізнес-метрики (CAC, LTV, ROI)Розробляти та пріоритизувати гіпотези росту, проводити експерименти та оцінювати їх впливПроводити конкурентний і ринковий аналіз для виявлення стратегічних можливостейСпівпрацювати з крос-функціональними командами (product, analytics) для досягнення бізнес-цілей🧠 Ми очікуємо, що тимаєш досвід в аудиті / консалтингу / фінансах / аналітицілегко працюєш з цифрами і данимивмієш структурувати інформацію і робити висновкишвидко навчаєшся і не боїшся новогоготовий брати відповідальність за результат🚀 Що ти отримаєшшвидкий перехід у маркетинг без «починати з нуля»роботу з реальними бюджетами і ринкамисильну експертизу в performance marketingможливість вирости до Middle рівня за 6–12 місяцівдосвід, який реально впливає на бізнес, а з ним зростаєш і ТИЯкщо ти хочеш дізнатися, що для нас означає «бути в FORMA» — переглянь відео про команду, аби відчути наш темп і атмосферу!Universe Group будує tech-бізнеси, перетворюючи ідеї на глобальні продукти. До групи входять три компанії: Guru Apps, FORMA та Wisey. Наші продукти об’єднують понад 400 мільйонів користувачів зі 186 країн світу, спрощуючи буденність і створюючи нові можливості для розвитку. Universe Group також розвиває нові бізнеси, що будуть частиною глобального технологічного ринку.Що ми пропонуємо:📍Офісний формат роботи з одним віддаленим днем на тиждень  — аll-inclusive офіс у Києві: у нас є все для твоєї комфортної роботи, а саме: сніданки, обіди, доріжки для ходіння, silent room для фокуса уваги — це далеко не все, що чекає на тебе в нашому спейсі. Ближче познайомитися з офісом можна переглянувши це відео або прочитавши статтю.🔝Розвиток та навчання — твій ріст визначає успіх команди. Внутрішні тренінги та кращі експерти з України та світу допоможуть швидко прокачати навички.↗️Кар’єрне зростання — у нас культура швидкого розвитку: до 10 менеджерів щороку отримують підвищення. Все залежить від твого бажання та результатів.🧳Релокаційний пакет — комфортний переїзд до Києва з фінансовою підтримкою, допомогою рієлторів та адаптацією в новому місті.🤜🏻🤛🏻Один із кращих соцпакетів — винагорода відповідає запитам ринку, 20 днів оплачуваного відпочинку, співпраця через ФОП або Дія.City, оплачувані лікарняні та медстрахування.💛Well-being program — ми турбуємося про ментальне здоровʼя команди, тому компенсуємо роботу з психологом, а також проводимо класи з йоги та медитації в офісі.🇺🇦Підтримка під час війни — безпека та стабільність для тебе та твоїх рідних. Забезпечуємо всім необхідним для безперебійної роботи та долучаємось до ініціатив із відновлення України.Залиш своє резюме і зроби крок назустріч новим можливостям!Ставай частиною нашого Всесвіту.InstagramFacebookLinkedin
",Universe Group,not found
217,"Business Analyst Trainee (Individual Training, BA Internship)",https://jobs.dou.ua/companies/sysgears/vacancies/321442/?from=first-job,"
Required Skills🔹Knowledge of the Business Analysis basics🔹Strong critical thinking skills🔹Superb communication skills🔹Good organizational and leadership instincts🔹Upper-intermediate English level (speaking and writing) Personal qualities🔹You are detailed-oriented and passionate about the quality of your results🔹You are constantly learning new trends in IT business analysis and management🔹You have high empathy and deep understanding of the needs of the people around you🔹You are easygoing and professional: punctual, balanced, with good self-management abilities Skills that will be an advantage🔹Technical Background (QA, design, development, etc.)🔹Management experience not related to ITWe offerOn the Internship (duration: up to 2-3 months — depends on your performance)🔹Individual training conducted by a lead Business Analyst🔹Course that covers all the bases and targets real-life scenarios🔹Practical tasks with gradually increasing complexity on several projects🔹Guided participation in a BA service interacting with clients and engineers🔹Experience exchange practice to learn from other BA specialists🔹Scholarship per every month of internship After the Internship🔹The position of Junior Business Analyst in the company🔹Personalized professional development plan to the Middle and Senior levels🔹Continuous professional training focused at enhancing BA / BI / PdM / PM skills🔹Further individual mentoring, continuous knowledge sharing, and BA workshops🔹A variety of challenging projects and the highly-skilled engineering team🔹Open environment that facilitates professional freedom and growthBenefitsWe offer a number of benefits for the team members to improve their quality of life and help with achieving professional development goalsProfessional🔹Compensation of professional certifications, courses, IT conferences, and events🔹Individual and group English classes with native-speaking teachers from US & UKQuality of life🔹Our processes are tailored to enable remote work and flexible work schedule🔹You can choose from a selection of hardware either it is Apple, or PC devices🔹There are also frequent team retreats, leisure activities, and holiday celebrations🔹Gifts on personal and professional anniversaries🔹21 paid days off and 11 national holidays throughout the year to travel and rest🔹Health program of SysGears🔹You are a part of a team, we help each other when life knocks one of us down 🤠Responsibilities🔹Collaborating with developers, designers, QAs to deliver projects efficiently🔹Contributing to expert in-house and international teams (from US, UK, and EU)🔹Communicating with stakeholders to identify their needs and clarify requirements🔹Analyzing, validating, grooming and documenting requirements to the web & mobile projects🔹Visualizing business processes and preparing data models for the software projects🔹Advising stakeholders on the common practices and possible product solutions🔹Performing competitor and market analysis, assisting in developing product ideas🔹Communicating project vision and coordinating development with engineering teams🔹Managing the development workflow applying Agile methodologiesOur aim is to always be the best, grow, improve, and innovate. And we would welcome a like-minded person to become an invaluable part of our team! What you need to do🔹Visit our website and learn about the company’s portfolio and technologies 🔹Send your CV to [email protected] 🔹Complete a Test Task :) Follow our social media —  Instagram, Facebook, Linkedin, YouTube
",SysGears,English
218,Intern front-end developer (Kyiv office),https://jobs.dou.ua/companies/king-group/vacancies/319386/?from=first-job,"
Хто ми? Ми — інноваційна IT-компанія, що працює в галузі гемблінгу, надаючи рішення для гральної індустрії на глобальному рівні. Наша команда складається з креативних і цілеспрямованих професіоналів, які створюють продукти, що впливають на ринок. Ми шукаємо молодих талантів, готових приєднатися до нашої команди та стати частиною амбітних проектів. Що ми пропонуємо? Кар’єрний розвиток: Ми інвестуємо в розвиток кожного співробітника та підтримуємо інтернів на всіх етапах навчання. Ти отримаєш можливість працювати з реальними проектами, які матимуть значення для ринку, а не лише стажуватися «для досвіду».Наставництво: Ти будеш під керівництвом досвідчених менторів, які допоможуть освоїти нові технології та стандарти розробки.Перспективи: Після успішного проходження інтернатури ми надамо можливість отримати офер та продовжити роботу в нашій компанії з чіткою траєкторією розвитку на 2-3 роки вперед.Культура відкритості: У нас відкритий простір для обговорень, нових ідей та творчого підходу до задач. Ми цінуємо внесок кожного та заохочуємо до розвитку.Переваги гемблінг-сфери: Ти отримаєш досвід роботи в індустрії з високими темпами розвитку, де технології випереджають тренди.Умови: Тривалість: 2 місяці повний робочий день з повноцінними комерційними завданнями.Графік: Повний робочий день з офісу, з 10:00 до 19:00.Оплата: Оплачувана інтернатура з конкурентним рівнем компенсації — випробувальний термін 500$ на місяць, який триває 2 місяці, після випробувального 600$.Навчання: Постійна підтримка з боку менторів та участь у внутрішніх тренінгах і воркшопах.Офіс: Комфортний офіс з усім необхідним для продуктивної роботи. Критерії оцінювання кандидатів:  Технічні знання: Базове розуміння JavaScript, HTML, CSS, бажано знання фреймворків (Vue, React).Здатність до навчання: Вміння швидко засвоювати нові знання та адаптуватися до нових інструментів і середовищ.Командна робота: Відкритість до співпраці та комунікації в команді.Ініціативність: Бажання брати на себе відповідальність і пропонувати власні ідеї для вирішення задач.Проблемне мислення: Здатність шукати та знаходити рішення, критично мислити та не боятися задавати питання.Необхідні компетенції: Базові знання фронтенд-розробки: JavaScript (ES6+), HTML5, CSS3.Бажано: Ознайомлення з Vue, React або іншими сучасними фреймворками.Навички роботи з Git: Початковий досвід роботи з системами контролю версій.Англійська мова: На рівні, достатньому для розуміння технічної документації.Вiд 21 рокуПроцес відбору: Подання заявки: Кандидат надсилає резюме та невелике мотиваційне повідомлення.Технічне онлайн інтерв’ю: Перевірка технічних знань і навичок командної роботи.Тестове завдання в офісі: Перевірка практичних знань.Фінальне інтерв’ю з керівником та менеджером: Обговорення деталей інтернатури, можливості розвитку та перспектива довгострокової співпраці.
",King Group,"Git,Machine Learning"
219,Intern QA Engineer (Kyiv office),https://jobs.dou.ua/companies/king-group/vacancies/323455/?from=first-job,"
Вітаємо в King Group — місці, де зустрічаються найкращі люди з IT- та гемблінг-індустрії, щоб разом робити дивовижні речі. Ми ведемо численні iGaming-проєкти в Україні, Європі та США, інвестуємо у венчурні стартапи, сміливі ідеї та талановитих людей. Ми шукаємо стажера в QA-команду в київський офіс, який прагне здобути перший досвід у сильному продукті та зростати разом із командою.ЗП: $500 перші 2 міс., далі — $600Проєкт: високонавантажена веб-платформаЩо ми очікуємо: — Теоретичні основи тестування ПЗ;— Досвід створення чек-листів, тест-кейсів, тест-планів;— Розуміння видів ручного тестування;— Знання мобільних платформ (iOS, Android);— Знайомство з основними QA-інструментами;— Сертифікат про проходження курсів з тестування.Твої софт-скіли: — Проактивність, уважність, відповідальність;— Швидке навчання та адаптація до нового;— Бажання розвиватись і вкладатись у продукт.Формат роботи:— Full-time, офіс у Києві (вся команда працює в офісі);— 5/2, стандартний графік — 8 годин на день;— Офіс — 8-10 хвилин пішки від м. Либідська або Звіринецька;— Тривалість інтернатури — 2 місяці, після чого за результатами співпраці ми пропонуємо довгостроковий контракт.Що робить співпрацю з нами приємноюМи заряджаємо: — Дружня команда однодумців;— Відсутність бюрократії та свобода ініціатив;— Можливість впливати на продукт;— Кар’єрне зростання після інтернатури.Ми створюємо комфорт: — Сучасний офіс зі стильним дизайном і всіма зручностями (тераса, PS5, масажне крісло, настільні ігри);— Зона відпочинку для перезавантаження;— Безперебійний інтернет і зарядні станції.Хочеш зростати з нами? Маєш прагнення брати активну участь у створенні продукту? Відправляй резюме та давай знайомитись ;)
",King Group,not found
220,QA Automation Trainee Engineer,https://jobs.dou.ua/companies/plvision/vacancies/316523/?from=first-job,"
PLVision is seeking motivated 3rd- to 5th-year students eager to kick-start their software engineering careers. Join us as a QA Automation Trainee Engineer and dive into a real-world networking project. This role offers hands-on experience working in real-world development and verification projects for network tools and platforms.Under the guidance of our mentors, you’ll tackle live customer tasks from day one, follow a structured onboarding plan with clear milestones, and receive continuous feedback to drive your growth. You’ll have the opportunity to build a flexible schedule that accommodates university and personal commitments, collaborate in English with international clients during stand-ups and calls, and get hands-on insight into enterprise-grade, disaggregated network architectures.Being part of our expert team will allow you to gain real commercial experience, sharpen your technical and communication skills, and develop the confidence needed to take your career to new heights.At PLVision, we lead meaningful technical projects that make a significant impact on the open networking industry, helping you build a brighter future. With over 17 years of expertise and a highly skilled and supportive team, we are deeply committed to engineering excellence. We provide a rewarding environment where you can thrive and bring your ideas to life as impactful software solutions and products. Join us and enjoy a consistent career while contributing to innovative open networking technologies!ResponsibilitiesWork alongside experienced developers and QA engineersApply newly acquired knowledge and skills related to SONiC/SAI development and verification through hands-on tasksAssist in developing internal tools, automation scripts, and microservices used in networking projectsParticipate in the design, implementation, and verification of software modulesWrite unit and integration tests; support CI/CD pipelinesTroubleshoot, debug, and improve code qualityContribute to documentation and user guides for internal and customer-facing toolsCollaborate with cross-functional teams in Agile/Scrum environmentsRequirementsExperience with the Linux environmentBasic knowledge of GitProficiency in PythonEnglish level: B1 or higherStrong problem-solving skills and attention to detailWould be a plusBasic knowledge of computer networkingStrong foundational understanding of DockerPractical experience in commercial software developmentAbout PLVisionPLVision is a European networking software product development company that helps businesses unlock the full potential of open and disaggregated technologies. We deliver end-to-end, vendor-agnostic solutions, tailored to meet client’s specific use cases — enabling greater flexibility, scalability, and sustainability while ensuring cost control and predictability.Leveraging strategic partnerships with industry leaders, major hardware vendors, and membership in key open networking communities, PLVision ensures delivered software solutions remain future-ready and aligned with the latest open networking innovations, empowering clients to achieve their business goals and long-term success.Equal Opportunity StatementPLVision is committed to providing equal employment opportunities and does not tolerate unlawful discrimination or harassment based on race, color, religion, age, sex, national origin, or any other protected characteristics. We believe everyone at PLVision deserves to thrive in an environment where they are respected, valued, and empowered to reach their full potential and build a meaningful career.
",PLVision,"Python,Docker,Git,Linux"
221,Інженер БПЛА (UAV Engineer / FPV-technician),https://jobs.dou.ua/companies/42-ombr/vacancies/349650/?from=first-job,"
Шукаємо інженера для роботи з FPV-/тактичними БПЛА: складання, діагностика, ремонт і апаратно-програмна модернізація. Робота з гарантованим супроводом від рекрутингу до вступу на посаду.Локація: Дніпропетровська область (робота у складі бригади)Обов’язкискладання, наладка та ремонт FPV-дронів і тактичних БПЛА;апаратна та програмна модернізація (платформи, контролери, ПЗ);перевірка та тестування БПЛА після надходження;діагностика несправностей, пошук і впровадження технічних рішень;Вимогивисокий рівень мотивації та готовність розвиватись;навички ремонту та діагностики електронної техніки (паяння, робота з платами);впевнене користування ПК (Windows / Linux), вміння читати технічну документацію;інженерна/технічна освіта — перевага;знання іноземної мови — перевага;придатність до військової служби за станом здоров’я та морально-психологічними якостями;Умовимобілізація до кінця воєнного стану або служба за контрактом;повний супровід від рекрутингової групи до вступу на посаду;забезпечення формою та засобами індивідуального захисту;медичне обслуговування та страхування відповідно до законодавства;щорічна основна відпустка + додаткова 10-денна відпустка за сімейними обставинами;перспективи кар’єрного росту, тренінги, розвиток лідерських навичок та вивчення іноземних мов;компенсація/з/п коригується в залежності від зони виконання завданьКонтакти Рекрутинговий Центр Бригади — [email protected], +380987397231 (WhatsApp)
",42 окрема механізована бригада імені Героя України Валерія Гудзя,"Linux,Degree"
222,Finance Intern,https://jobs.dou.ua/companies/playtini/vacancies/346471/?from=first-job,"
Привіт, Давай знайомитися!Playtini — українська ІТ компанія, яка з 2014 року займається розробкою власних продуктів та performance-маркетингом в сфері iGaming.І ми успішні в цьому завдяки:・нашій команді, що обʼєднує амбітних людей, які займаються улюбленою справою・нашій взаємодії у форматі партнерства, що допомагає зростати та досягати результатів・нашим процесам, які є прозорими та не обтяженими бюрократією・нашим продуктам, які відповідають сучасним тенденціям та над якими цікаво працювати.Якщо тобі це близько так само, як і нам, — ти можеш стати Finance Intern нашої компанії.Твої майбутні задачі:・проведення платежів через різні канали оплати (електронні/крипто гаманці, клієнт-банкінг, платіжні системи)・збір та створення заявок на оплату, що обґрунтовують проведення платежу・планування платежів та ведення платіжного календаря・робота з іноземними банками・планування залишків на рахунках・ведення щоденної та щотижневої звітності.Твій досвід релевантний для нас, якщо ти:・маєш вищу економічну, або фінансову освіту・володієш такими інструментами, як Еxcel, Google sheet・вмієш працювати зі звітністю.Ми пропонуємо:・офісний формат роботи・комфортний та сучасний офіс з усім необхідним для роботи (генератор, старлінк, душ, укриття)・повний бухгалтерський супровід ФОП і сплату податків компанією・оплачувані 20 rest days та 10 sick days・послуги масажиста в офісі・грошові подарунки на святкування сімейних свят і фінансову підтримку при складних ситуаціях у житті・зручну та нестресову адаптацію, де ти точно знаєш, яких цілей необхідно досягти・участь у профільних конференціях і тематичних івентах・і як тільки переможемо — то дуже яскраві тімбілдінги та корпоративи.Наша подальша взаємодія буде складатись з таких етапів: 1-й етап: знайомство з Talent Acquisition Manager2-й етап: онлайн-співбесіда3-й етап: фінальна співбесіда.
",Playtini,not found
